sa,cv,density,vf,di,df,dif
1870.2177014137,82070.1887333991,0.5858874134,0.5360032640,18.5662634461,14.1299463422,18.1239755092
