sa,cv,density,vf,di,df,dif
601.1329675387,193711.4582434523,0.3601879804,0.2035495383,11.5920211429,10.1897295707,11.6133717499
