replicate,iteration,iteration_raw,beam,structure,uptake_g_L,density_g_cm3,void_fraction,surface_area_m2_cm3,largest_cavity_diameter_A,pore_limiting_diameter_A
1,1,1,Beam 1 (full hypothesis),lcs-a+N305+E201,0.992247,0.174204,0.85466,777.104,35.65329,26.44966
1,1,1,Beam 1 (full hypothesis),nfc+N390+E218,3.101103,1.232,0.11154,1944.62,5.85287,4.83024
1,1,1,Beam 1 (full hypothesis),uov+N649+E25,1.753148,0.494387,0.5748,1923.78,15.12464,12.51279
1,1,1,Beam 1 (full hypothesis),lta+N355+E181,1.039736,0.204819,0.80278,1046.44,41.68376,24.97931
1,1,1,Beam 1 (full hypothesis),una+N256+E149,1.376342,0.431523,0.63728,1862.32,25.62601,22.48225
1,1,1,Beam 1 (full hypothesis),crr+N34+E95,1.884118,0.59389,0.43462,2302.23,17.15153,7.20139
1,1,1,Beam 1 (full hypothesis),upa+N649+E25,2.260103,0.682055,0.42078,2455.09,11.59673,7.8085
1,1,1,Beam 1 (full hypothesis),pcl+N327+E11,0.826836,0.253604,0.8649,617.263,40.86957,32.49129
1,1,1,Beam 1 (full hypothesis),umy+N355+E82,0.969404,0.190294,0.8414,864.944,29.9028,25.38514
1,1,1,Beam 1 (full hypothesis),ukd+N371+E40,1.142837,0.198629,0.80348,1097.2,20.15369,16.55746
1,1,1,Beam 2 (chemistry),uot+N256+E149,1.493442,0.45326,0.62336,1853.09,19.06614,11.80302
1,1,1,Beam 2 (chemistry),tzs+N398+E33,0.873516,0.107064,0.88326,707.223,35.44158,30.21447
1,1,1,Beam 2 (chemistry),lta+N327+E33,0.789881,0.129358,0.9312,350.027,93.47764,48.45679
1,1,1,Beam 2 (chemistry),umb+N460+E39,0.820251,0.0415362,0.94976,289.11,73.91682,67.10326
1,1,1,Beam 2 (chemistry),rhr+N355+E36,0.928414,0.128116,0.86544,777.321,43.86938,22.18474
1,1,1,Beam 2 (chemistry),crr+N649+E2,1.024795,0.165451,0.8226,985.793,37.56662,15.59997
1,1,1,Beam 2 (chemistry),lta+N305+E16,1.058339,0.220245,0.81422,1004.49,46.31568,23.86354
1,1,1,Beam 2 (chemistry),umf+N398+E23,1.078092,0.197822,0.8007,1100.68,22.58957,19.30185
1,1,1,Beam 2 (chemistry),uop+N327+E209,0.851723,0.302327,0.83444,816.822,25.78811,18.86322
1,1,1,Beam 2 (chemistry),tzs+N710+E234,0.975862,0.174154,0.83522,912.187,33.00204,27.15836
1,1,1,Beam 3 (metal only),uoy+N355+E27,1.174453,0.660871,0.52578,2235.47,9.90528,7.89865
1,1,1,Beam 3 (metal only),uks+N697+E8,1.096987,0.276261,0.76266,1226.49,26.64496,18.56959
1,1,1,Beam 3 (metal only),ukh+N385+E70,1.444327,0.542039,0.59876,2047.06,13.7846,8.8126
1,1,1,Beam 3 (metal only),uny+N327+E3,1.289773,2.57439,0.14356,1167.09,10.08176,9.19699
1,1,1,Beam 3 (metal only),umf+N710+E57,0.91753,0.272609,0.77276,1282.58,20.31313,17.14342
1,1,1,Beam 3 (metal only),wjh+N649+E147,1.094423,0.203268,0.8069,1010.21,41.67967,40.08505
1,1,1,Beam 3 (metal only),uon+N355+E2,1.049561,0.189772,0.7933,1160.32,20.9974,16.85371
1,1,1,Beam 3 (metal only),ukd+N34+E142,1.241286,0.255045,0.70592,1561.84,16.79728,12.91092
1,1,1,Beam 3 (metal only),umm+N73+E92,1.396248,0.479965,0.64388,1571.34,22.06707,17.64932
1,1,1,Beam 3 (metal only),umq+N327+E98,0.847177,0.16453,0.9052,462.354,50.79609,44.50931
1,1,1,Beam 4 (random baseline),uke+N310+E22,0.94789,0.16327,0.8256,1030.75,23.05803,15.28936
1,1,1,Beam 4 (random baseline),sme+N146+E89,2.160693,1.71578,0.0,0.0,4.79148,1.71514
1,1,1,Beam 4 (random baseline),win+N694+E107,1.66694,0.361565,0.62842,1836.41,19.35974,17.25181
1,1,1,Beam 4 (random baseline),deh+N51+E128,1.256453,0.369528,0.65744,1860.69,19.31523,12.8468
1,1,1,Beam 4 (random baseline),wij+N645+E224,1.399381,0.302008,0.69722,1479.8,33.47388,32.25377
1,1,1,Beam 4 (random baseline),ana-e+N213+E34,1.362684,0.213674,0.75318,1182.79,31.68909,19.89371
1,1,1,Beam 4 (random baseline),wkn+N681+E141,1.037001,0.175559,0.83442,914.114,64.34934,63.35741
1,1,1,Beam 4 (random baseline),wig+N501+E68,1.123169,0.235461,0.80044,989.618,25.28289,21.92471
1,1,1,Beam 4 (random baseline),lcs-e+N595+E160,2.24079,0.593803,0.47394,2150.51,16.26953,8.98198
1,1,1,Beam 4 (random baseline),ukm+N303+E202,1.464916,0.611097,0.56828,2270.9,13.57365,7.72674
1,2,2,Beam 1 (full hypothesis),vmx+N120+E163,2.267164,0.681656,0.4165,2357.3,11.80909,7.79864
1,2,2,Beam 1 (full hypothesis),sda+N382+E81,2.762953,0.83674,0.33196,2597.76,9.39436,5.76086
1,2,2,Beam 1 (full hypothesis),vbw+N453+E84,3.438792,1.00702,0.26272,2124.45,11.11497,4.85607
1,2,2,Beam 1 (full hypothesis),dgq+N350+E226,1.665203,1.82215,0.0,0.0,7.48419,1.8962
1,2,2,Beam 1 (full hypothesis),vmj+N384+E226,2.816655,1.3299,0.1045,1506.22,7.52267,3.78988
1,2,2,Beam 1 (full hypothesis),sxq+N465+E85,2.911172,0.999597,0.254,2254.07,9.88152,5.04161
1,2,2,Beam 1 (full hypothesis),vby+N666+E226,3.455688,1.37305,0.08606,1781.65,6.26019,4.54572
1,2,2,Beam 1 (full hypothesis),hxg+N589+E40,2.676325,0.7161,0.38488,2373.77,11.86079,6.98484
1,2,2,Beam 1 (full hypothesis),fcu+N187+E61,2.619687,0.731731,0.3403,2816.55,9.00281,5.34071
1,2,2,Beam 1 (full hypothesis),osb+N629+E61,2.082604,0.563805,0.42196,2646.26,10.65209,7.10184
1,2,2,Beam 2 (chemistry),smc+N343+E21,1.192095,0.268912,0.73106,1400.64,22.05321,15.94754
1,2,2,Beam 2 (chemistry),crs+N47+E179,1.408041,0.266523,0.70992,1453.67,22.73494,15.48233
1,2,2,Beam 2 (chemistry),lcy-e+N690+E61,1.293191,0.305072,0.69874,1560.2,21.09864,15.31611
1,2,2,Beam 2 (chemistry),ukh+N310+E25,1.635054,0.439794,0.55916,2040.03,15.84996,9.63986
1,2,2,Beam 2 (chemistry),whx+N476+E25,0.914047,0.622475,0.73982,1030.07,25.99745,22.71436
1,2,2,Beam 2 (chemistry),sxk+N666+E218,1.518274,0.389916,0.63488,1820.6,18.4392,12.66245
1,2,2,Beam 2 (chemistry),snh+N465+E27,1.517936,1.2352,0.30214,2229.67,12.07769,7.69814
1,2,2,Beam 2 (chemistry),wks+N384+E40,1.463392,0.329268,0.67182,1575.68,25.17221,19.64539
1,2,2,Beam 2 (chemistry),wks+N453+E11,1.664424,0.505505,0.57838,1871.51,20.22472,16.0494
1,2,2,Beam 2 (chemistry),fcu+N118+E61,2.744307,0.764872,0.31086,2846.27,9.12944,4.79132
1,2,2,Beam 3 (metal only),wik+N491+E16,2.026775,0.793415,0.39698,1826.75,18.18471,17.4211
1,2,2,Beam 3 (metal only),smg+N533+E184,2.87224,0.843035,0.26412,2111.45,11.21586,6.47448
1,2,2,Beam 3 (metal only),vme+N135+E24,1.63957,0.514674,0.5197,2131.04,13.11677,9.58178
1,2,2,Beam 3 (metal only),son+N541+E82,1.34486,0.461632,0.64508,1768.18,17.57057,13.62797
1,2,2,Beam 3 (metal only),twf-e+N465+E18,1.966115,0.714398,0.4432,2145.68,23.22932,11.13626
1,2,2,Beam 3 (metal only),whq+N476+E142,0.867459,0.515849,0.78202,966.329,38.74625,26.73409
1,2,2,Beam 3 (metal only),crs+N384+E45,1.428595,0.547452,0.58524,1901.19,16.51931,11.57922
1,2,2,Beam 3 (metal only),lcx+N629+E84,2.834567,1.31826,0.07888,1157.75,7.73374,2.73597
1,2,2,Beam 3 (metal only),snb+N453+E96,1.086562,0.240003,0.79876,946.848,43.64023,35.4694
1,2,2,Beam 3 (metal only),sme+N666+E131,2.629192,1.12149,0.24776,2585.11,8.19116,4.74116
1,2,2,Beam 4 (random baseline),wjb+N613+E95,1.61001,0.411416,0.60628,1577.98,25.903,23.05977
1,2,2,Beam 4 (random baseline),wil+N529+E82,1.401307,0.447705,0.65612,1709.9,19.07199,16.97566
1,2,2,Beam 4 (random baseline),whh+N568+E53,1.792139,0.602054,0.5373,2084.1,18.67288,7.39916
1,2,2,Beam 4 (random baseline),vbq+N591+E104,1.459422,0.303427,0.68102,1576.23,21.65438,12.66444
1,2,2,Beam 4 (random baseline),snk+N691+E166,2.417974,0.97514,0.34904,2911.25,8.8207,5.55885
1,2,2,Beam 4 (random baseline),pem+N330+E163,2.468315,0.741245,0.28476,2267.48,12.48028,9.94159
1,2,2,Beam 4 (random baseline),ilc+N692+E141,2.58719,0.704146,0.30908,2877.78,7.68195,5.41697
1,2,2,Beam 4 (random baseline),vda+N77+E2,1.359159,0.390479,0.683,1633.54,17.62015,13.27886
1,2,2,Beam 4 (random baseline),sxd+N116+E20,1.311727,0.335588,0.6886,1628.01,16.68025,13.21044
1,2,2,Beam 4 (random baseline),upc+N464+E40,1.141155,0.156493,0.8202,995.288,29.56645,25.81472
1,3,3,Beam 1 (full hypothesis),wmx+N179+E226,2.723918,1.35884,0.11968,1629.83,8.80805,3.59558
1,3,3,Beam 1 (full hypothesis),wif+N198+E25,3.750877,1.25086,0.10124,1880.98,6.90291,3.82221
1,3,3,Beam 1 (full hypothesis),vbp+N278+E84,3.111674,1.05428,0.27924,2208.54,10.26613,6.22593
1,3,3,Beam 1 (full hypothesis),sxc+N356+E25,3.223382,0.773281,0.26102,2613.9,7.1896,5.68743
1,3,3,Beam 1 (full hypothesis),vmj+N568+E226,2.698702,1.54006,0.08656,1453.06,6.68045,3.6406
1,3,3,Beam 1 (full hypothesis),sxi+N465+E84,2.807864,0.988456,0.26818,1893.82,10.75258,6.64838
1,3,3,Beam 1 (full hypothesis),wid+N384+E11,3.044578,0.820879,0.28558,2667.96,8.94842,4.78767
1,3,3,Beam 1 (full hypothesis),snl+N77+E25,2.922339,1.08187,0.31046,2476.43,10.42613,6.91638
1,3,3,Beam 1 (full hypothesis),lsz+N550+E163,2.63353,0.813669,0.34312,2611.07,8.49581,5.96833
1,3,3,Beam 1 (full hypothesis),wfl+N655+E85,3.03843,0.816221,0.21652,2374.92,8.77534,4.61376
1,3,3,Beam 2 (chemistry),why+N508+E85,1.812376,0.487606,0.52454,2237.37,14.62446,9.30562
1,3,3,Beam 2 (chemistry),ecp+N192+E11,2.195328,0.520207,0.47096,2273.78,15.09118,13.58061
1,3,3,Beam 2 (chemistry),vcv+N432+E226,2.803074,1.17457,0.08784,1456.88,7.64912,2.6544
1,3,3,Beam 2 (chemistry),wmw+N290+E40,1.549518,0.399718,0.67118,1592.02,22.17381,17.56108
1,3,3,Beam 2 (chemistry),qtz-x+N77+E61,1.743822,0.609452,0.52386,2379.32,10.89085,7.35208
1,3,3,Beam 2 (chemistry),lcv-e+N494+E179,1.294235,0.273464,0.72938,945.111,30.85996,26.4921
1,3,3,Beam 2 (chemistry),sxo+N630+E81,1.321456,0.311383,0.74002,1223.33,30.10473,22.79839
1,3,3,Beam 2 (chemistry),umv+N310+E47,1.084111,0.147509,0.83674,876.814,33.70028,21.58138
1,3,3,Beam 2 (chemistry),vms+N550+E163,2.137645,0.63924,0.46632,2282.91,12.61889,8.80516
1,3,3,Beam 2 (chemistry),uoj+N301+E163,0.975599,0.149632,0.83358,847.936,29.39799,24.96116
1,3,3,Beam 3 (metal only),wfd+N140+E24,1.857762,0.575893,0.48418,2315.29,14.55742,6.73999
1,3,3,Beam 3 (metal only),vbn+N170+E222,1.363629,0.286144,0.67044,1744.8,16.19816,12.04706
1,3,3,Beam 3 (metal only),wir+N341+E18,1.885035,0.727951,0.3865,2315.86,10.89834,7.83848
1,3,3,Beam 3 (metal only),sxc+N481+E96,1.717908,0.578772,0.4496,2721.57,10.35982,7.21999
1,3,3,Beam 3 (metal only),vbp+N493+E228,1.657021,1.22059,0.32722,2215.4,9.81266,6.82263
1,3,3,Beam 3 (metal only),sxa+N309+E89,2.432524,1.43323,0.0,0.0,5.40531,2.15414
1,3,3,Beam 3 (metal only),uml+N288+E138,1.134318,0.309745,0.71288,1386.81,29.31299,26.29449
1,3,3,Beam 3 (metal only),wmb+N666+E163,1.647561,0.46594,0.59946,1959.03,15.94846,12.43441
1,3,3,Beam 3 (metal only),win+N77+E201,1.646351,0.716652,0.5491,1908.2,18.80325,16.36726
1,3,3,Beam 3 (metal only),vmf+N630+E218,1.419396,0.385517,0.64514,1761.44,18.05449,14.18498
1,3,3,Beam 4 (random baseline),wjd+N6+E52,4.040502,1.23672,0.05206,1158.85,6.13966,1.97148
1,3,3,Beam 4 (random baseline),pcu+N274+E186,1.660249,0.398378,0.5861,1977.82,13.23589,9.57617
1,3,3,Beam 4 (random baseline),smb+N481+E182,1.670992,0.789096,0.44978,2401.34,13.152,6.77558
1,3,3,Beam 4 (random baseline),snw+N379+E29,2.286038,1.00652,0.34778,2319.01,10.02061,9.0361
1,3,3,Beam 4 (random baseline),sod-h+N81+E27,0.838345,0.0555602,0.96082,207.224,100.57507,64.13445
1,3,3,Beam 4 (random baseline),smm+N493+E95,2.279622,1.26363,0.2371,2236.98,11.03514,7.46731
1,3,3,Beam 4 (random baseline),vcv+N121+E68,2.291358,0.595983,0.53022,2060.2,16.02678,11.62704
1,3,3,Beam 4 (random baseline),smd+N213+E217,2.823934,0.65868,0.27928,2314.88,13.32106,11.97431
1,3,3,Beam 4 (random baseline),eta-c+N411+E48,1.326634,0.273898,0.69866,1580.26,23.53308,22.17285
1,3,3,Beam 4 (random baseline),sml+N309+E141,1.445369,0.398486,0.61326,1979.8,20.34058,18.63805
1,4,4,Beam 1 (full hypothesis),whc+N384+E226,2.0102,1.22861,0.1856,1649.21,9.94043,4.27509
1,4,4,Beam 1 (full hypothesis),snx+N667+E84,3.682032,1.11563,0.22806,2349.42,8.50875,5.10089
1,4,4,Beam 1 (full hypothesis),wgw+N568+E85,3.054091,0.952667,0.25802,2652.35,9.35774,4.902
1,4,4,Beam 1 (full hypothesis),whx+N356+E84,2.891592,0.879082,0.2159,2309.87,7.83571,4.72723
1,4,4,Beam 1 (full hypothesis),wmw+N666+E226,2.8401,1.47991,0.10576,1443.68,9.03149,5.44724
1,4,4,Beam 1 (full hypothesis),whk+N630+E226,2.129296,1.02186,0.28372,2260.33,9.7176,4.94425
1,4,4,Beam 1 (full hypothesis),wir+N77+E84,3.142591,1.14408,0.2734,2228.55,9.87371,5.08874
1,4,4,Beam 1 (full hypothesis),soj+N309+E84,3.276184,1.07798,0.19724,1998.7,9.82088,6.19698
1,4,4,Beam 1 (full hypothesis),smu+N343+E84,4.144025,1.05176,0.20276,2133.62,9.18801,4.35223
1,4,4,Beam 1 (full hypothesis),snx+N465+E84,4.251356,1.17214,0.13608,1952.84,7.46618,5.28919
1,4,4,Beam 2 (chemistry),smq+N198+E81,1.873426,0.537467,0.52326,2111.39,18.14178,11.97987
1,4,4,Beam 2 (chemistry),wky+N180+E25,2.38819,0.63777,0.4146,2171.51,12.53124,10.57437
1,4,4,Beam 2 (chemistry),wib+N382+E81,2.473928,0.733364,0.39914,2505.86,10.56706,6.97628
1,4,4,Beam 2 (chemistry),wmg+N170+E84,2.248061,0.565174,0.45362,1794.09,18.60061,14.21986
1,4,4,Beam 2 (chemistry),wip+N290+E61,1.486876,0.407448,0.6673,1562.99,21.4831,18.52597
1,4,4,Beam 2 (chemistry),wie+N356+E84,2.889879,0.9329,0.17898,1918.56,8.56867,6.5185
1,4,4,Beam 2 (chemistry),smi+N309+E61,1.517612,0.406333,0.61276,1854.4,16.98491,13.2902
1,4,4,Beam 2 (chemistry),sxa+N453+E40,2.043342,0.54559,0.517,2261.83,11.62507,9.45733
1,4,4,Beam 2 (chemistry),lcs-e+N666+E85,2.164709,0.626411,0.49888,2007.43,15.6955,10.0527
1,4,4,Beam 2 (chemistry),wmt+N568+E25,2.188016,0.736785,0.4335,1940.3,22.38373,18.68165
1,4,4,Beam 3 (metal only),wio+N314+E48,2.475885,0.707619,0.35088,2338.8,10.90052,7.02373
1,4,4,Beam 3 (metal only),sxb+N143+E12,1.249349,0.271088,0.7289,1516.74,15.26481,13.257
1,4,4,Beam 3 (metal only),smp+N480+E98,1.546655,0.316961,0.66624,1602.48,30.14447,14.4711
1,4,4,Beam 3 (metal only),wmh+N494+E226,1.143738,1.44346,0.0,0.0,5.44674,1.26211
1,4,4,Beam 3 (metal only),smf+N553+E22,0.928535,0.107116,0.88444,653.86,63.55306,61.87282
1,4,4,Beam 3 (metal only),sms+N666+E53,1.585259,0.478725,0.6313,1748.79,18.59603,12.22127
1,4,4,Beam 3 (metal only),sno+N630+E142,1.3504,0.42218,0.64604,1761.96,21.53529,20.02769
1,4,4,Beam 3 (metal only),osc+N465+E27,1.517635,1.0925,0.32068,2450.34,9.12731,6.52386
1,4,4,Beam 3 (metal only),wms+N309+E8,1.62357,0.776227,0.47068,1650.64,25.86887,24.35593
1,4,4,Beam 3 (metal only),wmn+N77+E185,2.028382,2.25026,0.14856,1723.01,10.76601,9.05294
1,4,4,Beam 4 (random baseline),vms+N370+E97,1.39797,0.381545,0.64256,1754.43,19.67175,14.97034
1,4,4,Beam 4 (random baseline),wmd+N560+E37,2.088787,0.796323,0.35422,2623.87,10.06515,7.4372
1,4,4,Beam 4 (random baseline),wmp+N30+E8,1.087753,0.453605,0.73672,1181.3,46.17555,44.85534
1,4,4,Beam 4 (random baseline),gme+N288+E68,0.994645,0.145434,0.85816,786.94,31.86837,27.40539
1,4,4,Beam 4 (random baseline),vme+N59+E97,1.307634,0.266517,0.73692,1353.05,21.20113,16.43246
1,4,4,Beam 4 (random baseline),wkq+N552+E34,1.206629,0.330304,0.72942,1225.84,25.10439,24.07984
1,4,4,Beam 4 (random baseline),vmf+N167+E121,1.07602,0.189672,0.79102,1095.18,27.81697,22.01724
1,4,4,Beam 4 (random baseline),wmw+N143+E187,1.355987,0.300215,0.70342,1442.27,25.10449,22.45446
1,4,4,Beam 4 (random baseline),osc+N457+E85,1.59068,0.335521,0.69776,1545.85,20.97796,17.88056
1,4,4,Beam 4 (random baseline),umx+N42+E53,0.967464,0.122789,0.872,672.408,44.80261,40.40808
1,5,5,Beam 1 (full hypothesis),snx+N465+E84,4.394093,1.17214,0.13608,1952.84,7.46618,5.28919
1,5,5,Beam 1 (full hypothesis),wmx+N630+E84,2.983488,1.01857,0.23704,2411.85,8.82843,4.7348
1,5,5,Beam 1 (full hypothesis),sma+N356+E226,2.939562,1.13926,0.15934,1630.31,7.98771,5.97081
1,5,5,Beam 1 (full hypothesis),sda+N667+E25,3.42675,1.17201,0.23842,2543.57,7.92912,5.98165
1,5,5,Beam 1 (full hypothesis),vmd+N77+E84,3.077207,1.20621,0.24812,2108.84,9.18303,5.83006
1,5,5,Beam 1 (full hypothesis),snk+N453+E84,3.739309,1.07085,0.19304,2269.88,7.58726,6.14451
1,5,5,Beam 1 (full hypothesis),sne+N568+E84,3.524747,1.06985,0.22072,2128.52,9.70927,4.39534
1,5,5,Beam 1 (full hypothesis),wiv+N179+E84,4.123232,1.09837,0.1505,2172.36,7.76533,5.17699
1,5,5,Beam 1 (full hypothesis),vbs+N77+E84,3.151462,1.31508,0.2201,2035.88,9.83268,5.56006
1,5,5,Beam 1 (full hypothesis),wmv+N134+E226,2.267036,1.30409,0.13586,1706.71,7.99007,4.68949
1,5,5,Beam 2 (chemistry),vmf+N508+E226,2.529742,0.950162,0.1957,2469.27,7.42178,3.99956
1,5,5,Beam 2 (chemistry),vbs+N269+E85,1.760318,0.462718,0.55948,2074.82,13.94219,10.96626
1,5,5,Beam 2 (chemistry),wmf+N493+E84,2.999756,1.23894,0.20546,2004.18,9.78433,4.675
1,5,5,Beam 2 (chemistry),whx+N612+E226,2.336355,1.39439,0.14176,1591.86,8.89701,4.81861
1,5,5,Beam 2 (chemistry),sxh+N273+E85,1.947161,0.615087,0.44692,2359.2,13.04244,7.29224
1,5,5,Beam 2 (chemistry),lcv-e+N309+E85,1.49799,0.516899,0.60166,1351.01,21.95402,17.07001
1,5,5,Beam 2 (chemistry),sxi+N170+E25,2.159288,0.466695,0.52802,1864.3,17.37164,12.08893
1,5,5,Beam 2 (chemistry),vme+N465+E226,2.828725,1.55572,0.03372,1107.68,4.35717,2.20657
1,5,5,Beam 2 (chemistry),wmf+N384+E226,2.551678,1.30675,0.1171,1595.23,8.27215,2.91698
1,5,5,Beam 2 (chemistry),whu+N568+E226,2.241304,1.30962,0.22286,1552.7,11.95601,11.10244
1,5,5,Beam 3 (metal only),vmi+N467+E142,1.430759,0.441628,0.61616,1982.82,15.85833,13.21968
1,5,5,Beam 3 (metal only),vbx+N593+E96,1.24952,0.303311,0.68962,1547.01,22.7811,15.3062
1,5,5,Beam 3 (metal only),wmq+N453+E44,1.418747,0.679793,0.58652,1870.01,27.06065,25.98344
1,5,5,Beam 3 (metal only),sxn+N568+E179,1.582663,0.401697,0.66016,1467.56,26.30888,16.16952
1,5,5,Beam 3 (metal only),wig+N643+E36,1.112354,0.251233,0.74746,1340.67,19.12668,16.32411
1,5,5,Beam 3 (metal only),msw+N356+E22,1.243428,0.343164,0.62804,2063.39,11.94446,10.36412
1,5,5,Beam 3 (metal only),soj+N666+E85,3.846408,1.21534,0.11728,2383.76,6.46758,2.97278
1,5,5,Beam 3 (metal only),snz+N630+E37,1.491372,0.723861,0.50086,2293.91,14.90655,13.48751
1,5,5,Beam 3 (metal only),wii+N384+E53,1.419959,0.38377,0.68372,1484.75,27.25724,25.59286
1,5,5,Beam 3 (metal only),bcs+N309+E57,1.946518,0.819912,0.35146,3168.46,7.38931,5.17362
1,5,5,Beam 4 (random baseline),ato+N395+E9,0.780663,0.122019,0.94022,309.681,86.71808,84.87001
1,5,5,Beam 4 (random baseline),ukv+N113+E222,1.060232,0.216811,0.7857,1212.4,33.53517,31.97448
1,5,5,Beam 4 (random baseline),lcv+N90+E53,0.884919,0.0883819,0.92346,404.588,47.96564,44.03398
1,5,5,Beam 4 (random baseline),acs-a+N312+E50,1.493311,0.339199,0.70994,1267.97,28.46343,24.39914
1,5,5,Beam 4 (random baseline),sml+N59+E156,2.060702,0.715667,0.40766,2505.49,12.16855,11.11855
1,5,5,Beam 4 (random baseline),wnc+N309+E3,1.460477,0.353877,0.68242,1540.56,25.08266,13.2601
1,5,5,Beam 4 (random baseline),wis+N680+E217,2.684327,0.814712,0.23816,2279.57,11.44979,5.24424
1,5,5,Beam 4 (random baseline),whg+N197+E65,1.337129,0.426045,0.6156,1818.68,24.5044,10.41998
1,5,5,Beam 4 (random baseline),wmz+N311+E175,2.122736,1.14713,0.2892,2625.88,10.18284,5.59521
1,5,5,Beam 4 (random baseline),zfm+N671+E165,2.996881,1.12134,0.14406,2299.58,7.1077,3.77638
1,6,6,Beam 1 (full hypothesis),vmi+N179+E226,2.533934,1.09358,0.22614,2150.19,9.19673,5.69775
1,6,6,Beam 1 (full hypothesis),wmd+N422+E226,2.644313,1.28963,0.15322,1778.8,8.33126,4.29651
1,6,6,Beam 1 (full hypothesis),sda+N384+E25,3.468163,1.01266,0.1949,2442.81,7.53888,4.54184
1,6,6,Beam 1 (full hypothesis),bsn+N36+E84,4.277241,1.03344,0.1888,2482.09,6.60869,4.66812
1,6,6,Beam 1 (full hypothesis),vbv+N589+E226,2.968364,1.3329,0.13304,1825.86,7.0,3.97832
1,6,6,Beam 1 (full hypothesis),vbq+N568+E84,3.737397,1.30825,0.11982,1932.83,6.82024,3.71452
1,6,6,Beam 1 (full hypothesis),rkf+N309+E226,2.718951,1.13279,0.24216,2015.6,9.00392,6.00503
1,6,6,Beam 1 (full hypothesis),sxp+N465+E85,3.294319,1.10496,0.17724,2291.01,7.88101,4.20622
1,6,6,Beam 1 (full hypothesis),sxq+N568+E85,2.793793,1.04441,0.25558,2220.05,9.87665,5.023
1,6,6,Beam 1 (full hypothesis),vmk+N591+E226,2.640028,1.02065,0.12748,1646.46,7.52243,3.60352
1,6,6,Beam 2 (chemistry),whh+N47+E47,1.49763,0.253014,0.7164,1406.12,27.33662,13.97916
1,6,6,Beam 2 (chemistry),wms+N213+E25,2.59245,0.95014,0.23156,1382.14,16.87842,14.8333
1,6,6,Beam 2 (chemistry),wjd+N630+E40,1.233659,0.27061,0.746,1312.98,29.4135,15.72311
1,6,6,Beam 2 (chemistry),ske+N529+E226,2.908151,1.41869,0.07036,1394.81,7.16793,3.1011
1,6,6,Beam 2 (chemistry),vbx+N278+E11,1.62775,0.496327,0.61514,1861.76,17.97181,13.34334
1,6,6,Beam 2 (chemistry),wne+N568+E226,2.881438,1.47484,0.09308,1268.59,9.44702,4.04168
1,6,6,Beam 2 (chemistry),wne+N384+E81,1.811287,0.48389,0.55962,1996.41,19.97501,15.26797
1,6,6,Beam 2 (chemistry),wml+N521+E81,2.35457,0.574934,0.45258,2220.05,16.49292,14.10719
1,6,6,Beam 2 (chemistry),smp+N476+E25,0.955977,0.670441,0.7192,1151.49,39.97089,19.81707
1,6,6,Beam 2 (chemistry),vmi+N77+E40,1.482163,0.425555,0.67024,1535.26,21.39808,18.34306
1,6,6,Beam 3 (metal only),whg+N508+E123,1.268301,0.340175,0.65854,1708.91,26.93629,12.78929
1,6,6,Beam 3 (metal only),wma+N286+E201,1.762477,0.91296,0.36016,2244.01,10.89555,8.43845
1,6,6,Beam 3 (metal only),osc+N314+E32,1.522641,0.293529,0.66944,1670.54,18.73638,15.23191
1,6,6,Beam 3 (metal only),wmg+N213+E138,2.029946,0.575226,0.42868,2146.66,16.16023,9.85543
1,6,6,Beam 3 (metal only),wkr+N309+E202,1.684481,0.639147,0.5401,1809.59,23.47115,20.58185
1,6,6,Beam 3 (metal only),crs+N568+E14,1.875215,0.673026,0.4889,2047.16,14.45233,9.66776
1,6,6,Beam 3 (metal only),wmz+N384+E16,2.38459,0.879713,0.2852,2438.64,8.61621,5.35256
1,6,6,Beam 3 (metal only),sxk+N630+E48,1.579785,0.716878,0.46584,2067.54,15.10882,8.97866
1,6,6,Beam 3 (metal only),wkn+N622+E30,1.163787,0.243496,0.7457,1323.91,45.15388,44.59099
1,6,6,Beam 3 (metal only),wiv+N465+E228,1.89766,1.11279,0.25402,2515.55,8.5137,6.08391
1,6,6,Beam 4 (random baseline),ukw+N515+E132,1.436412,0.35945,0.6435,1868.27,17.33152,9.98303
1,6,6,Beam 4 (random baseline),tca+N663+E173,2.708015,1.60307,0.02712,623.076,5.39652,3.50162
1,6,6,Beam 4 (random baseline),uki+N17+E211,1.365277,0.446143,0.56752,1916.35,15.45828,10.87624
1,6,6,Beam 4 (random baseline),ecq+N111+E22,1.22502,0.318985,0.69944,1551.22,38.96903,37.47955
1,6,6,Beam 4 (random baseline),wkk+N518+E154,1.276309,0.329734,0.71524,1297.69,44.29495,43.45509
1,6,6,Beam 4 (random baseline),reo-e+N521+E81,1.721737,0.414214,0.59138,1850.35,26.01886,9.85784
1,6,6,Beam 4 (random baseline),yfm+N651+E24,1.154291,0.281933,0.74348,1342.8,25.15115,17.7539
1,6,6,Beam 4 (random baseline),sda+N77+E177,2.938667,0.993538,0.29792,2751.31,8.322,5.30211
1,6,6,Beam 4 (random baseline),upd+N623+E112,1.205857,0.290842,0.71388,1540.99,20.07829,13.26165
1,6,6,Beam 4 (random baseline),sgn+N321+E151,1.980431,0.436946,0.45886,2020.65,16.66487,8.68406
1,7,7,Beam 1 (full hypothesis),wmj+N384+E226,2.50589,1.33633,0.11656,1484.48,7.56537,5.13806
1,7,7,Beam 1 (full hypothesis),sxc+N667+E25,4.240466,1.27944,0.19152,2475.27,7.06957,4.7384
1,7,7,Beam 1 (full hypothesis),vbq+N589+E84,3.138472,1.09517,0.22238,1876.35,8.43471,5.46753
1,7,7,Beam 1 (full hypothesis),whj+N480+E84,3.061772,1.01329,0.18712,2118.67,8.52357,4.44662
1,7,7,Beam 1 (full hypothesis),crs+N384+E226,2.921222,1.20355,0.15148,1967.82,8.48691,3.96865
1,7,7,Beam 1 (full hypothesis),vbn+N116+E226,2.808033,1.18904,0.23744,2396.01,8.27069,4.86006
1,7,7,Beam 1 (full hypothesis),wid+N554+E84,3.05112,1.02682,0.21246,2212.69,8.38825,5.81454
1,7,7,Beam 1 (full hypothesis),sxq+N589+E84,3.695207,1.09633,0.18688,1999.5,9.2065,4.5691
1,7,7,Beam 1 (full hypothesis),wht+N521+E226,2.517763,1.10021,0.10352,1627.6,7.28542,3.9675
1,7,7,Beam 1 (full hypothesis),wki+N568+E84,2.901783,1.1784,0.19652,1786.61,9.33367,5.2074
1,7,7,Beam 2 (chemistry),sxa+N265+E61,1.728979,0.501096,0.53774,2199.27,12.73085,10.78751
1,7,7,Beam 2 (chemistry),lcy+N667+E84,3.135586,1.07497,0.25314,2323.39,8.94602,4.70747
1,7,7,Beam 2 (chemistry),hxg+N630+E40,2.120377,0.542875,0.50958,2411.91,12.62198,7.62988
1,7,7,Beam 2 (chemistry),wkq+N314+E47,1.410881,0.241824,0.74176,1254.36,25.81537,23.97317
1,7,7,Beam 2 (chemistry),sda+N384+E84,3.991057,1.21041,0.0969,1791.04,5.71852,3.38397
1,7,7,Beam 2 (chemistry),wkn+N198+E85,1.953484,0.587999,0.5154,1693.52,30.50499,29.98295
1,7,7,Beam 2 (chemistry),sms+N232+E47,1.436139,0.279498,0.7257,1363.82,25.20746,14.51152
1,7,7,Beam 2 (chemistry),wkk+N666+E25,2.028313,0.56599,0.5537,1722.19,33.0362,32.29928
1,7,7,Beam 2 (chemistry),vbu+N309+E40,1.500161,0.324986,0.69076,1517.56,23.94131,18.04461
1,7,7,Beam 2 (chemistry),snw+N476+E81,0.918072,0.605734,0.7362,1149.85,23.53935,21.36212
1,7,7,Beam 3 (metal only),vmf+N576+E228,1.495837,0.933608,0.41796,2261.63,12.2202,9.27131
1,7,7,Beam 3 (metal only),wgy+N453+E36,1.362798,0.484726,0.6247,1511.43,27.29545,24.87387
1,7,7,Beam 3 (metal only),sxh+N343+E18,2.531434,0.94967,0.27934,2498.83,10.7,4.41112
1,7,7,Beam 3 (metal only),qtz-x+N384+E47,1.773828,0.394141,0.60586,1995.57,12.83315,10.49196
1,7,7,Beam 3 (metal only),vcz+N553+E2,1.078726,0.154468,0.81878,1000.07,24.88135,21.92373
1,7,7,Beam 3 (metal only),wie+N589+E98,1.666855,0.400262,0.60362,1949.73,16.48477,12.56425
1,7,7,Beam 3 (metal only),wmw+N622+E57,1.33213,0.597045,0.51878,2279.08,15.5767,12.50578
1,7,7,Beam 3 (metal only),wkh+N630+E81,1.601618,0.491919,0.5849,1969.94,15.65551,11.80588
1,7,7,Beam 3 (metal only),whr+N77+E40,1.541665,0.451929,0.6606,1645.28,20.02438,17.11164
1,7,7,Beam 3 (metal only),flu-e+N666+E225,1.101976,0.200589,0.80172,1064.76,40.01215,14.08908
1,7,7,Beam 4 (random baseline),lta+N112+E167,1.189672,0.199408,0.75326,1177.86,46.92269,23.9725
1,7,7,Beam 4 (random baseline),ecb+N625+E119,1.567542,1.29671,0.38998,2453.08,13.34412,12.44593
1,7,7,Beam 4 (random baseline),whc+N506+E195,1.269364,0.28619,0.71672,1380.54,30.22018,27.58939
1,7,7,Beam 4 (random baseline),lhb+N26+E49,1.848696,0.529455,0.47996,2192.33,12.80425,8.33962
1,7,7,Beam 4 (random baseline),uli+N73+E152,0.95864,0.114615,0.8834,641.694,45.81177,31.68252
1,7,7,Beam 4 (random baseline),sou+N699+E10,1.186333,0.226109,0.73484,1441.59,21.77609,16.36245
1,7,7,Beam 4 (random baseline),wkl+N144+E195,1.273668,0.424731,0.69238,1409.19,47.25961,46.54236
1,7,7,Beam 4 (random baseline),acs-f+N713+E138,1.438563,0.306349,0.67448,1736.26,19.5262,10.55196
1,7,7,Beam 4 (random baseline),wmr+N167+E216,1.909086,0.641906,0.45996,2019.38,23.03193,21.08048
1,7,7,Beam 4 (random baseline),sok+N195+E41,1.293811,0.328738,0.69118,1739.2,18.54425,13.75251
1,8,8,Beam 1 (full hypothesis),vbp+N465+E84,3.696397,1.037,0.22442,2270.24,8.50272,5.70989
1,8,8,Beam 1 (full hypothesis),wig+N493+E84,3.407596,1.2652,0.17704,2020.98,8.82147,5.75556
1,8,8,Beam 1 (full hypothesis),wiq+N684+E226,2.457271,1.11745,0.19002,2030.49,9.44695,5.66037
1,8,8,Beam 1 (full hypothesis),vda+N77+E85,3.27586,1.29126,0.20766,2534.66,8.65143,4.41309
1,8,8,Beam 1 (full hypothesis),wnd+N384+E226,2.861768,1.28885,0.12076,1672.11,8.08877,4.86331
1,8,8,Beam 1 (full hypothesis),sms+N666+E226,2.540413,1.26468,0.18858,1864.3,8.40698,5.27649
1,8,8,Beam 1 (full hypothesis),vmg+N384+E84,3.191955,1.03153,0.17776,2233.16,6.98125,4.33263
1,8,8,Beam 1 (full hypothesis),pyr-e+N548+E84,2.722409,1.06188,0.22586,1983.69,9.38954,5.25981
1,8,8,Beam 1 (full hypothesis),wky+N314+E226,3.065269,1.0441,0.13768,1861.56,8.01451,5.74924
1,8,8,Beam 1 (full hypothesis),wma+N438+E25,2.482218,1.09123,0.20934,1971.51,8.17291,5.19858
1,8,8,Beam 2 (chemistry),wmo+N666+E61,1.433747,0.349367,0.67102,1690.93,23.29416,17.06876
1,8,8,Beam 2 (chemistry),sms+N465+E47,1.540322,0.326923,0.68486,1493.15,23.98297,15.89063
1,8,8,Beam 2 (chemistry),wmb+N577+E81,1.684843,0.528771,0.56238,1991.2,14.71161,11.50231
1,8,8,Beam 2 (chemistry),wia+N612+E40,1.508887,0.360485,0.6505,1685.37,22.24306,14.43645
1,8,8,Beam 2 (chemistry),wmf+N493+E11,1.745571,0.614194,0.55328,1854.43,18.63643,9.15896
1,8,8,Beam 2 (chemistry),wja+N589+E226,3.03426,1.33679,0.13522,1684.73,9.53059,4.30286
1,8,8,Beam 2 (chemistry),som+N453+E11,1.803553,0.537639,0.54784,2133.17,14.38722,10.67181
1,8,8,Beam 2 (chemistry),whd+N476+E81,0.89716,0.500009,0.78362,932.187,43.10661,27.81329
1,8,8,Beam 2 (chemistry),wjb+N521+E85,1.905478,0.566457,0.4823,1918.23,19.51905,15.55168
1,8,8,Beam 2 (chemistry),vbt+N568+E47,1.493875,0.315557,0.69978,1454.25,21.31961,18.35374
1,8,8,Beam 3 (metal only),wnd+N47+E225,1.150133,0.170369,0.7979,1088.97,30.96888,17.04862
1,8,8,Beam 3 (metal only),wmt+N180+E131,1.232519,0.489716,0.63886,1235.07,35.60727,34.52584
1,8,8,Beam 3 (metal only),whd+N366+E30,1.111672,0.225341,0.7688,1242.58,32.04471,23.03786
1,8,8,Beam 3 (metal only),wko+N309+E40,1.518217,0.351475,0.6623,1650.92,20.72052,17.7177
1,8,8,Beam 3 (metal only),wmo+N286+E47,1.279755,0.254891,0.77472,1092.61,32.3823,24.04935
1,8,8,Beam 3 (metal only),sxe+N273+E68,1.388273,0.359647,0.67836,1553.88,21.55594,14.38286
1,8,8,Beam 3 (metal only),sxg+N568+E73,2.22631,0.977689,0.29782,2472.28,9.93101,5.40437
1,8,8,Beam 3 (metal only),wmg+N77+E38,1.25556,0.623894,0.62478,1855.08,19.9668,14.16645
1,8,8,Beam 3 (metal only),wkk+N666+E98,1.270191,0.228709,0.77506,1156.63,51.13512,50.29998
1,8,8,Beam 3 (metal only),lcy-e+N476+E166,0.849271,0.615811,0.75778,1011.73,30.42757,25.63907
1,8,8,Beam 4 (random baseline),sxh+N438+E11,2.158571,0.623524,0.45462,2372.17,14.82756,7.1708
1,8,8,Beam 4 (random baseline),qtz-x+N134+E50,1.554734,1.59312,0.04836,1844.71,3.88874,2.9727
1,8,8,Beam 4 (random baseline),wmd+N509+E163,1.566152,0.506526,0.61302,1741.2,21.76656,18.58535
1,8,8,Beam 4 (random baseline),snb+N475+E188,1.335187,0.311694,0.7165,1064.6,40.24038,32.10609
1,8,8,Beam 4 (random baseline),qtz-x+N666+E110,1.765309,0.586844,0.48138,2612.98,11.54023,6.23882
1,8,8,Beam 4 (random baseline),lcv-a+N109+E48,1.04219,0.195628,0.84866,620.311,40.80337,36.3356
1,8,8,Beam 4 (random baseline),und+N312+E120,1.425689,0.303144,0.72704,1339.36,24.68598,21.68555
1,8,8,Beam 4 (random baseline),sok+N552+E218,1.260371,0.353273,0.70302,1398.79,23.96887,22.19353
1,8,8,Beam 4 (random baseline),sst+N282+E228,1.386582,0.375991,0.63008,1876.36,28.13716,11.98283
1,8,8,Beam 4 (random baseline),wgj+N242+E158,1.631383,0.701048,0.46024,2477.84,10.48925,9.23686
1,9,9,Beam 1 (full hypothesis),sno+N667+E226,2.680805,1.70173,0.11016,1493.49,7.68776,5.625
1,9,9,Beam 1 (full hypothesis),sxb+N491+E25,3.80808,1.05541,0.20082,2387.83,6.82986,4.21636
1,9,9,Beam 1 (full hypothesis),wig+N309+E226,3.633888,1.45033,0.08368,1450.96,5.93288,3.94724
1,9,9,Beam 1 (full hypothesis),whn+N453+E25,3.270974,1.11951,0.19632,2305.01,8.03337,4.68839
1,9,9,Beam 1 (full hypothesis),wiq+N198+E226,2.892945,1.26309,0.13628,1738.45,8.10996,4.55361
1,9,9,Beam 1 (full hypothesis),wht+N77+E84,3.732308,1.34037,0.18814,2195.43,8.42355,4.47741
1,9,9,Beam 1 (full hypothesis),whk+N384+E226,3.067928,1.34102,0.10634,1575.31,6.88293,4.25584
1,9,9,Beam 1 (full hypothesis),wmc+N630+E226,2.750292,1.40425,0.09628,1688.59,6.57289,4.34826
1,9,9,Beam 1 (full hypothesis),wis+N290+E85,3.769474,1.19142,0.20388,2678.11,7.1417,4.37894
1,9,9,Beam 1 (full hypothesis),qtz-x+N684+E25,3.618351,1.10374,0.12932,2279.27,5.63674,3.81488
1,9,9,Beam 2 (chemistry),vbx+N86+E40,1.340902,0.282897,0.72556,1411.96,24.35107,17.49176
1,9,9,Beam 2 (chemistry),sxb+N560+E84,3.70673,0.851475,0.22888,2523.6,8.14241,4.73995
1,9,9,Beam 2 (chemistry),sno+N286+E25,1.960444,0.666192,0.50536,1990.06,18.84741,16.77435
1,9,9,Beam 2 (chemistry),msw+N384+E40,2.017627,0.507053,0.51356,2233.9,10.66455,9.46014
1,9,9,Beam 2 (chemistry),sxi+N309+E11,1.676793,0.441248,0.6078,1820.63,18.41904,13.46029
1,9,9,Beam 2 (chemistry),vbp+N548+E226,2.322253,1.59328,0.04222,1021.75,5.87644,2.90098
1,9,9,Beam 2 (chemistry),tfs+N134+E47,1.374166,0.297554,0.71014,1408.14,28.25443,25.143
1,9,9,Beam 2 (chemistry),whr+N630+E25,1.793373,0.539289,0.5612,1898.74,20.92505,19.14764
1,9,9,Beam 2 (chemistry),vmi+N476+E25,0.950977,0.652009,0.71978,1166.46,24.93879,20.61549
1,9,9,Beam 2 (chemistry),sxc+N453+E84,3.667038,1.23528,0.10636,2046.09,6.79232,3.12981
1,9,9,Beam 3 (metal only),wkh+N622+E225,1.126617,0.235908,0.76254,1236.24,24.73967,18.07077
1,9,9,Beam 3 (metal only),whl+N49+E24,1.925804,0.716035,0.41074,2161.19,14.12108,9.55219
1,9,9,Beam 3 (metal only),snk+N366+E165,2.620324,0.815917,0.297,2755.61,8.74417,5.31774
1,9,9,Beam 3 (metal only),bcu-k+N593+E33,1.144785,0.195338,0.78602,1174.97,39.32117,18.56372
1,9,9,Beam 3 (metal only),wkf+N47+E36,1.156982,0.192338,0.7719,1234.99,23.67598,17.79135
1,9,9,Beam 3 (metal only),vbr+N384+E25,2.437539,0.758273,0.36286,2366.23,11.35368,7.27944
1,9,9,Beam 3 (metal only),smn+N453+E186,2.347596,0.990483,0.32404,2716.76,7.87759,6.10788
1,9,9,Beam 3 (metal only),whr+N309+E47,1.360547,0.250658,0.75382,1250.94,28.08007,24.92643
1,9,9,Beam 3 (metal only),sng+N630+E47,1.134391,0.17412,0.83328,843.832,49.19744,27.96863
1,9,9,Beam 3 (metal only),vcc+N476+E68,0.925224,0.465555,0.79282,933.41,27.22488,19.22167
1,9,9,Beam 4 (random baseline),wis+N170+E70,2.37296,0.634933,0.40706,2607.06,9.93465,8.08126
1,9,9,Beam 4 (random baseline),cag+N513+E205,1.244307,0.300189,0.66214,1469.49,22.06852,13.47765
1,9,9,Beam 4 (random baseline),smr+N481+E96,1.248685,0.352811,0.66434,1684.23,22.92292,21.70221
1,9,9,Beam 4 (random baseline),bcs+N340+E217,1.900618,1.66698,0.0451,867.221,6.37123,3.2955
1,9,9,Beam 4 (random baseline),ukc+N153+E145,1.035684,0.301172,0.75682,1241.33,24.34086,16.25251
1,9,9,Beam 4 (random baseline),vbn+N560+E202,1.736434,0.522807,0.53942,2134.35,14.99754,10.35509
1,9,9,Beam 4 (random baseline),wmr+N559+E216,1.743826,0.487776,0.48522,1829.36,23.65662,22.6942
1,9,9,Beam 4 (random baseline),osc+N678+E97,1.200746,0.182956,0.77876,1170.82,23.96964,18.90542
1,9,9,Beam 4 (random baseline),smo+N667+E166,2.036371,0.987027,0.4188,2217.32,16.48634,7.02952
1,9,9,Beam 4 (random baseline),wii+N287+E148,1.247381,0.29632,0.70336,1512.54,27.71801,26.69353
1,10,10,Beam 1 (full hypothesis),wky+N630+E226,2.764646,1.21963,0.18246,2145.48,8.26642,5.48205
1,10,10,Beam 1 (full hypothesis),snw+N453+E84,3.552536,1.14683,0.16468,2091.47,8.41753,4.95305
1,10,10,Beam 1 (full hypothesis),vcz+N465+E84,3.64692,1.27772,0.11412,1664.79,6.5931,4.23904
1,10,10,Beam 1 (full hypothesis),sxq+N309+E84,3.264481,1.13937,0.1846,2017.01,8.93748,4.30208
1,10,10,Beam 1 (full hypothesis),wip+N666+E84,3.385469,1.15198,0.16922,2225.59,8.49252,4.23976
1,10,10,Beam 1 (full hypothesis),snl+N491+E84,4.062151,1.07372,0.15648,2137.87,7.82176,4.6878
1,10,10,Beam 1 (full hypothesis),snl+N576+E226,2.791852,1.22392,0.19078,2258.76,7.97641,5.7434
1,10,10,Beam 1 (full hypothesis),sol+N548+E25,2.400179,1.06362,0.18708,2009.33,8.71656,5.85897
1,10,10,Beam 1 (full hypothesis),wma+N453+E84,2.68954,1.21421,0.1752,1815.56,8.00226,4.30027
1,10,10,Beam 1 (full hypothesis),wmz+N568+E25,3.100377,1.11024,0.20242,2282.4,8.75374,4.6322
1,10,10,Beam 2 (chemistry),lcy+N183+E81,1.582776,0.446714,0.61234,1615.68,14.67644,11.53104
1,10,10,Beam 2 (chemistry),soj+N422+E226,2.659463,1.3832,0.07814,1481.32,6.29195,3.19353
1,10,10,Beam 2 (chemistry),vbr+N569+E25,2.229763,0.575763,0.46662,2190.46,12.84161,9.07478
1,10,10,Beam 2 (chemistry),wii+N666+E11,1.504378,0.393884,0.66038,1596.79,27.1958,25.36942
1,10,10,Beam 2 (chemistry),soj+N521+E47,1.690413,0.355202,0.6264,1853.85,15.49785,10.18398
1,10,10,Beam 2 (chemistry),vbw+N630+E81,1.539823,0.455197,0.60838,1941.59,16.24283,9.22715
1,10,10,Beam 2 (chemistry),wmp+N589+E11,1.492386,0.349265,0.69962,1384.83,45.05113,43.81623
1,10,10,Beam 2 (chemistry),wiv+N476+E85,0.974723,0.709476,0.69494,1303.55,22.39652,15.58036
1,10,10,Beam 2 (chemistry),vbo+N77+E226,2.764011,1.91421,0.06928,1415.78,6.30487,3.17339
1,10,10,Beam 2 (chemistry),smm+N309+E40,1.498618,0.332593,0.67672,1613.78,21.55981,20.7435
1,10,10,Beam 3 (metal only),vbl+N475+E204,1.911141,1.36809,0.16572,1909.42,9.07963,4.36837
1,10,10,Beam 3 (metal only),smg+N576+E185,1.954237,1.62685,0.26562,2392.94,10.22441,5.20656
1,10,10,Beam 3 (metal only),vby+N541+E138,2.119556,0.917268,0.28274,2713.84,8.98098,6.46242
1,10,10,Beam 3 (metal only),wmy+N47+E186,1.906025,0.539716,0.50182,2020.3,13.17702,10.12661
1,10,10,Beam 3 (metal only),snk+N630+E12,1.088077,0.263779,0.7526,1395.1,19.13393,13.99416
1,10,10,Beam 3 (metal only),wks+N453+E45,1.396901,0.748654,0.49712,2186.78,16.10831,13.18701
1,10,10,Beam 3 (metal only),wkg+N666+E82,1.320254,0.40697,0.68684,1591.66,18.63675,13.77514
1,10,10,Beam 3 (metal only),vbm+N198+E21,1.241856,0.286779,0.70494,1554.65,18.21706,15.57388
1,10,10,Beam 3 (metal only),wmm+N77+E41,1.171015,0.454789,0.69464,1599.18,27.35946,24.59009
1,10,10,Beam 3 (metal only),reo-e+N465+E38,1.298685,0.488617,0.60164,2022.37,19.5626,9.07628
1,10,10,Beam 4 (random baseline),vmx+N692+E86,2.055186,0.673826,0.35564,2498.94,10.38452,8.32521
1,10,10,Beam 4 (random baseline),vms+N637+E65,1.510899,0.331942,0.63512,1784.65,19.9784,12.20893
1,10,10,Beam 4 (random baseline),sxf+N309+E215,1.510796,0.496513,0.54392,2011.54,15.86786,9.91516
1,10,10,Beam 4 (random baseline),wim+N702+E14,1.893998,0.390305,0.58294,1908.9,18.74808,18.00233
1,10,10,Beam 4 (random baseline),hjm+N618+E155,1.78237,0.635304,0.49582,2632.35,10.41304,6.62898
1,10,10,Beam 4 (random baseline),uni+N346+E29,1.331075,0.410285,0.67856,1683.66,17.88074,14.83896
1,10,10,Beam 4 (random baseline),snq+N433+E102,1.420998,1.97298,0.2412,1458.02,11.19499,10.36353
1,10,10,Beam 4 (random baseline),snq+N287+E138,2.670325,0.802601,0.38846,2603.75,10.8962,9.9555
1,10,10,Beam 4 (random baseline),acs-a+N376+E123,1.053782,0.202723,0.8218,933.673,39.60909,37.31273
1,10,10,Beam 4 (random baseline),smt+N336+E49,1.593534,0.35003,0.6286,1611.35,22.53607,20.13686
2,1,1,Beam 1 (full hypothesis),ech+N625+E234,1.62225,0.698676,0.59778,1822.0,20.7052,9.87662
2,1,1,Beam 1 (full hypothesis),wnd+N14+E47,1.134269,0.287804,0.77082,1084.98,34.39461,18.15326
2,1,1,Beam 1 (full hypothesis),xii+N95+E81,2.716641,0.860823,0.27762,2593.97,12.84948,4.66644
2,1,1,Beam 1 (full hypothesis),rgd+N565+E228,2.672459,0.857363,0.341,2171.54,16.84107,9.80111
2,1,1,Beam 1 (full hypothesis),vcv+N625+E123,1.679933,1.1143,0.45042,2281.29,13.35091,9.60296
2,1,1,Beam 1 (full hypothesis),vcc+N15+E23,1.295527,0.572328,0.60496,1843.17,15.42286,11.48199
2,1,1,Beam 1 (full hypothesis),rgd+N95+E47,1.983353,0.48131,0.52926,2198.51,20.60045,7.26727
2,1,1,Beam 1 (full hypothesis),xii+N565+E48,3.707959,1.02292,0.17452,1993.6,9.55212,4.77678
2,1,1,Beam 1 (full hypothesis),eco+N625+E163,1.821879,0.783064,0.54668,2024.33,24.70535,21.39322
2,1,1,Beam 1 (full hypothesis),smj+N15+E181,1.165159,0.555922,0.6176,1655.62,21.71011,20.06888
2,1,1,Beam 2 (chemistry),wif+N14+E36,1.62275,1.36067,0.18672,1672.15,11.24836,10.20879
2,1,1,Beam 2 (chemistry),eci+N625+E228,1.712502,1.61577,0.3009,2443.4,10.49991,7.36906
2,1,1,Beam 2 (chemistry),xii+N565+E163,2.932795,0.684382,0.38152,2359.96,14.33464,7.95263
2,1,1,Beam 2 (chemistry),rgd+N95+E68,2.081142,0.641943,0.45812,2432.45,17.11898,5.96742
2,1,1,Beam 2 (chemistry),wmj+N15+E11,1.227417,0.477053,0.66192,1470.83,23.28589,19.78794
2,1,1,Beam 2 (chemistry),ecq+N625+E222,1.33407,0.671151,0.62196,1717.07,39.09935,38.13809
2,1,1,Beam 2 (chemistry),hcp+N565+E85,3.889569,0.805226,0.29864,2347.76,10.80194,4.98762
2,1,1,Beam 2 (chemistry),fcu+N95+E73,2.377583,1.23203,0.14084,2051.8,7.92859,2.99461
2,1,1,Beam 2 (chemistry),vmv+N625+E47,1.64454,0.575432,0.62566,1774.18,17.33102,10.69807
2,1,1,Beam 2 (chemistry),thp-x+N565+E40,2.420527,0.549623,0.46064,2225.17,13.23777,7.86916
2,1,1,Beam 3 (metal only),wkr+N15+E38,0.973434,0.453107,0.7196,1258.76,35.48412,32.91001
2,1,1,Beam 3 (metal only),sos+N625+E225,1.280612,0.475255,0.68666,1585.84,20.92172,14.95809
2,1,1,Beam 3 (metal only),xii+N95+E36,1.548268,0.488517,0.52766,2319.77,18.68607,9.21876
2,1,1,Beam 3 (metal only),hcp+N565+E226,3.948499,1.22423,0.05984,1263.53,6.28954,2.70588
2,1,1,Beam 3 (metal only),qtz-x+N14+E186,1.982768,1.28665,0.23062,2693.42,6.82241,4.38279
2,1,1,Beam 3 (metal only),wfl+N625+E21,1.362084,0.56873,0.6407,1791.35,18.46211,12.15086
2,1,1,Beam 3 (metal only),rgd+N95+E3,2.000602,0.592437,0.46482,2405.45,16.32714,6.81789
2,1,1,Beam 3 (metal only),fcu+N565+E66,3.652789,0.869627,0.29698,2579.59,9.31676,4.31461
2,1,1,Beam 3 (metal only),whm+N14+E68,1.170461,0.397298,0.72596,1215.66,28.50043,27.21207
2,1,1,Beam 3 (metal only),sou+N625+E226,1.228544,2.8238,0.0,0.0,6.27795,1.78296
2,1,1,Beam 4 (random baseline),wmz+N476+E211,0.996843,0.806065,0.63886,1452.04,21.52169,12.66553
2,1,1,Beam 4 (random baseline),vbp+N476+E59,0.864511,0.246653,0.87232,629.574,39.10153,32.46227
2,1,1,Beam 4 (random baseline),bcs+N179+E215,2.52063,0.824074,0.26114,2804.58,10.08582,5.87412
2,1,1,Beam 4 (random baseline),vmu+N229+E40,1.971342,0.536354,0.5216,2252.3,12.58275,8.39663
2,1,1,Beam 4 (random baseline),vmg+N659+E52,1.945162,1.13065,0.2836,2263.97,9.04504,6.53707
2,1,1,Beam 4 (random baseline),wms+N270+E216,3.164863,0.797436,0.41006,1999.41,21.5143,20.42699
2,1,1,Beam 4 (random baseline),smh+N680+E16,1.463433,0.31979,0.69534,1236.29,38.41097,37.6194
2,1,1,Beam 4 (random baseline),upb+N292+E47,1.134686,0.148665,0.82668,932.16,33.02333,30.17806
2,1,1,Beam 4 (random baseline),wkm+N630+E222,1.135405,0.288158,0.7438,1340.49,35.20128,34.66284
2,1,1,Beam 4 (random baseline),wfk+N368+E65,1.56221,0.33403,0.6418,1721.84,19.87217,17.74173
2,2,2,Beam 1 (full hypothesis),hcp+N95+E202,2.630524,1.1063,0.20672,2717.41,6.95401,4.27282
2,2,2,Beam 1 (full hypothesis),xii+N565+E63,4.295302,0.975814,0.2016,2278.88,11.03958,5.14329
2,2,2,Beam 1 (full hypothesis),thp-x+N565+E48,3.594534,1.01189,0.16526,2076.41,9.25294,4.04161
2,2,2,Beam 1 (full hypothesis),fcu+N95+E95,2.254515,1.43776,0.0784,1600.73,6.13069,2.54903
2,2,2,Beam 1 (full hypothesis),rgd+N95+E95,2.102318,1.17381,0.18112,2090.51,10.74356,3.53152
2,2,2,Beam 1 (full hypothesis),xii+N565+E48,3.712906,1.02292,0.17452,1993.6,9.55212,4.77678
2,2,2,Beam 1 (full hypothesis),fcu+N95+E13,2.414289,1.16049,0.1871,2581.92,6.79809,3.69094
2,2,2,Beam 1 (full hypothesis),thp-x+N565+E185,2.615883,1.62774,0.13888,1865.25,7.74181,4.51142
2,2,2,Beam 1 (full hypothesis),hcp+N95+E131,2.301542,1.30943,0.12954,2022.94,7.04857,2.9434
2,2,2,Beam 1 (full hypothesis),thp-x+N565+E206,3.107534,1.19326,0.1627,2050.01,8.09163,4.75251
2,2,2,Beam 2 (chemistry),uoj+N50+E179,1.012155,0.109575,0.86432,739.82,33.81947,23.43211
2,2,2,Beam 2 (chemistry),fcu+N95+E68,2.385128,0.81167,0.33376,2671.44,10.94726,5.78985
2,2,2,Beam 2 (chemistry),unh+N50+E163,0.98547,0.101626,0.8806,655.699,47.86519,45.78172
2,2,2,Beam 2 (chemistry),fcu+N95+E218,2.35209,0.718347,0.32428,2969.01,8.38149,5.0352
2,2,2,Beam 2 (chemistry),ana+N50+E120,1.06409,0.118695,0.85166,810.287,33.08815,22.74597
2,2,2,Beam 2 (chemistry),rgd+N95+E181,1.910167,0.705114,0.38862,2644.57,15.12383,5.01246
2,2,2,Beam 2 (chemistry),cbo+N50+E53,0.993655,0.100958,0.88764,615.567,40.1657,27.10865
2,2,2,Beam 2 (chemistry),ull+N50+E123,1.053976,0.124857,0.83854,883.453,43.3447,21.66732
2,2,2,Beam 2 (chemistry),thp-x+N95+E147,2.281413,0.775983,0.30926,2611.48,10.69538,5.06515
2,2,2,Beam 2 (chemistry),lta+N50+E147,0.956484,0.0766172,0.90464,535.984,73.39629,36.67383
2,2,2,Beam 3 (metal only),acs-a+N50+E165,1.116571,0.128552,0.84038,811.735,38.38093,32.38255
2,2,2,Beam 3 (metal only),fcu+N95+E131,2.158387,1.45317,0.08554,1587.84,6.65289,2.62273
2,2,2,Beam 3 (metal only),umq+N50+E184,1.203558,0.153082,0.80556,1043.09,30.88532,25.77545
2,2,2,Beam 3 (metal only),rgd+N95+E234,2.149815,0.624392,0.44348,2444.96,16.60627,6.44302
2,2,2,Beam 3 (metal only),rgd+N565+E222,1.90132,0.46682,0.54808,2016.54,22.50291,13.31522
2,2,2,Beam 3 (metal only),xii+N95+E73,2.262972,1.10159,0.20412,2249.02,11.75047,4.69661
2,2,2,Beam 3 (metal only),uno+N50+E226,1.467356,0.247331,0.70462,1342.95,24.38251,14.73216
2,2,2,Beam 3 (metal only),hcp+N95+E96,1.874745,0.693745,0.37424,2699.78,9.89904,6.9866
2,2,2,Beam 3 (metal only),cdl+N50+E95,2.02758,0.430443,0.52142,2332.97,12.4889,9.10775
2,2,2,Beam 3 (metal only),rgd+N95+E24,1.827732,0.590254,0.47858,2417.47,17.74152,9.00486
2,2,2,Beam 4 (random baseline),wne+N559+E101,1.117006,0.183004,0.73644,1470.28,26.46596,22.11064
2,2,2,Beam 4 (random baseline),wgj+N482+E155,1.289627,0.535825,0.64628,1806.74,18.37391,15.1146
2,2,2,Beam 4 (random baseline),snl+N709+E78,1.120811,0.262384,0.72544,1516.1,19.13948,14.63414
2,2,2,Beam 4 (random baseline),snb+N645+E123,1.045206,0.165528,0.85186,711.603,52.51652,41.86584
2,2,2,Beam 4 (random baseline),tcd+N24+E217,1.37057,1.66244,0.00372,122.459,6.3396,2.53456
2,2,2,Beam 4 (random baseline),qtz+N161+E222,1.056798,0.159392,0.81588,1050.76,22.07689,18.12205
2,2,2,Beam 4 (random baseline),wkb+N172+E61,1.160999,0.276107,0.73338,1437.77,20.86143,19.291
2,2,2,Beam 4 (random baseline),wmg+N155+E234,1.55678,0.435672,0.66092,1642.93,25.46493,19.47521
2,2,2,Beam 4 (random baseline),wip+N59+E34,1.523338,0.350056,0.68996,1535.99,21.18552,18.70514
2,2,2,Beam 4 (random baseline),zni+N303+E63,1.517488,0.644926,0.5191,2501.56,11.30105,8.76736
2,3,3,Beam 1 (full hypothesis),thp-x+N565+E138,3.787002,0.982179,0.19892,2238.58,9.18784,4.68738
2,3,3,Beam 1 (full hypothesis),hcp+N95+E202,2.634297,1.1063,0.20672,2717.41,6.95401,4.27282
2,3,3,Beam 1 (full hypothesis),thp-x+N565+E149,3.463668,0.948772,0.22708,2273.71,9.80198,5.64062
2,3,3,Beam 1 (full hypothesis),thp-x+N95+E202,2.344551,1.04925,0.2417,2573.67,8.78293,4.33645
2,3,3,Beam 1 (full hypothesis),thp-x+N565+E73,3.202726,0.941342,0.23162,2272.41,9.38877,5.23867
2,3,3,Beam 1 (full hypothesis),hcp+N95+E149,2.615437,1.14276,0.16772,2368.55,7.63156,4.34064
2,3,3,Beam 1 (full hypothesis),thp-x+N565+E48,3.644413,1.01189,0.16526,2076.41,9.25294,4.04161
2,3,3,Beam 1 (full hypothesis),hcp+N95+E63,2.352582,1.14446,0.17194,2376.37,6.53512,4.36241
2,3,3,Beam 1 (full hypothesis),xii+N565+E63,4.303904,0.975814,0.2016,2278.86,11.03958,5.14331
2,3,3,Beam 1 (full hypothesis),hcp+N565+E48,3.366707,0.931225,0.20332,2239.18,8.52305,4.69959
2,3,3,Beam 2 (chemistry),fcu+N95+E142,2.399843,0.948384,0.23904,2600.78,9.17324,4.59844
2,3,3,Beam 2 (chemistry),thp-x+N565+E68,2.493274,0.631545,0.43886,2235.06,13.90211,7.18088
2,3,3,Beam 2 (chemistry),rgd+N95+E201,2.08743,0.780066,0.341,2651.35,13.36912,4.89919
2,3,3,Beam 2 (chemistry),fcu+N565+E234,2.593989,0.594906,0.4408,2288.35,14.65429,6.72797
2,3,3,Beam 2 (chemistry),fcu+N95+E96,1.960622,0.779743,0.31946,2701.81,9.50711,5.57423
2,3,3,Beam 2 (chemistry),rgd+N565+E201,2.534127,0.623796,0.43028,2220.87,18.55242,10.72602
2,3,3,Beam 2 (chemistry),rgd+N565+E234,2.173198,0.51126,0.52198,2008.06,21.91763,13.42983
2,3,3,Beam 2 (chemistry),xii+N95+E123,2.203654,0.789317,0.3363,2596.36,16.1772,6.51446
2,3,3,Beam 2 (chemistry),rgd+N95+E222,1.620038,0.556712,0.47796,2490.56,17.21872,6.73775
2,3,3,Beam 2 (chemistry),rgd+N565+E166,3.051737,0.726599,0.37994,2217.49,16.751,9.57764
2,3,3,Beam 3 (metal only),xii+N95+E222,1.768924,0.63844,0.41254,2605.08,18.54586,7.79282
2,3,3,Beam 3 (metal only),fcu+N565+E182,4.071124,0.920856,0.25788,2630.78,8.77738,3.99969
2,3,3,Beam 3 (metal only),xii+N95+E37,1.990648,1.06567,0.2458,2649.66,12.75959,4.78349
2,3,3,Beam 3 (metal only),fcu+N565+E165,4.163098,0.987073,0.16648,2081.21,8.4461,3.46517
2,3,3,Beam 3 (metal only),rgd+N95+E179,2.178635,0.636288,0.42638,2501.23,15.90489,6.17352
2,3,3,Beam 3 (metal only),fcu+N565+E163,2.525233,0.635745,0.41354,2424.19,12.35409,5.91162
2,3,3,Beam 3 (metal only),xii+N95+E119,2.040435,0.948022,0.2425,2525.11,14.21698,4.14882
2,3,3,Beam 3 (metal only),rgd+N565+E182,3.133597,0.818137,0.35146,2257.12,15.65785,8.72539
2,3,3,Beam 3 (metal only),hcp+N565+E131,3.312112,0.964449,0.24558,2280.21,8.92994,5.10248
2,3,3,Beam 3 (metal only),rgd+N95+E181,1.948614,0.705114,0.38862,2644.57,15.12383,5.01246
2,3,3,Beam 4 (random baseline),uot+N464+E64,0.916527,0.0761625,0.90672,523.89,53.19973,31.47513
2,3,3,Beam 4 (random baseline),kag+N638+E228,1.382956,0.55282,0.5891,1846.46,18.11217,16.8937
2,3,3,Beam 4 (random baseline),umr+N524+E228,1.08301,0.222389,0.78982,1066.69,34.29756,32.7241
2,3,3,Beam 4 (random baseline),wkk+N384+E9,0.94738,0.172218,0.8437,847.845,59.80674,59.0598
2,3,3,Beam 4 (random baseline),wky+N340+E224,1.790624,0.583056,0.47084,2524.32,11.37336,8.70871
2,3,3,Beam 4 (random baseline),sxh+N384+E225,1.261759,0.271389,0.71082,1512.57,23.54212,12.88154
2,3,3,Beam 4 (random baseline),vbo+N36+E70,1.729608,0.829671,0.45114,2280.74,11.85646,10.15652
2,3,3,Beam 4 (random baseline),etd+N415+E34,0.819616,0.0376438,0.9561,258.554,69.5238,67.32082
2,3,3,Beam 4 (random baseline),wmf+N232+E21,1.153099,0.251291,0.7494,1277.75,24.50796,14.81516
2,3,3,Beam 4 (random baseline),whf+N674+E128,1.480204,0.87249,0.497,1911.86,19.67045,12.94608
2,4,4,Beam 1 (full hypothesis),thp-x+N95+E149,2.483287,1.08596,0.19046,2408.27,7.89814,4.10139
2,4,4,Beam 1 (full hypothesis),hcp+N565+E204,3.584165,1.05048,0.22146,2357.91,8.41922,4.02018
2,4,4,Beam 1 (full hypothesis),thp-x+N565+E185,2.668018,1.62774,0.13888,1865.25,7.74181,4.51142
2,4,4,Beam 1 (full hypothesis),thp-x+N565+E84,4.546719,1.05926,0.14506,1963.17,9.04753,3.71894
2,4,4,Beam 1 (full hypothesis),thp-x+N95+E131,2.468519,1.24194,0.16412,2179.42,8.12356,3.80946
2,4,4,Beam 1 (full hypothesis),rgd+N95+E29,2.463577,1.02954,0.22068,2203.55,11.79993,5.53848
2,4,4,Beam 1 (full hypothesis),thp-x+N565+E131,3.239044,1.06062,0.1863,2165.71,8.53983,4.76957
2,4,4,Beam 1 (full hypothesis),thp-x+N95+E85,2.992581,0.995496,0.20418,2439.67,8.34572,4.07065
2,4,4,Beam 1 (full hypothesis),thp-x+N95+E151,2.070528,0.930656,0.2267,2501.62,8.20152,5.45753
2,4,4,Beam 1 (full hypothesis),hcp+N565+E131,3.274519,0.964449,0.24558,2280.21,8.92994,5.10248
2,4,4,Beam 2 (chemistry),unc+N50+E92,1.200593,0.167924,0.78622,1155.42,23.54428,21.95421
2,4,4,Beam 2 (chemistry),dia-a+N50+E85,1.185025,0.153496,0.81352,927.869,28.50485,23.92462
2,4,4,Beam 2 (chemistry),rgd+N95+E201,2.069381,0.780066,0.341,2651.35,13.36912,4.89919
2,4,4,Beam 2 (chemistry),wjh+N50+E68,0.931801,0.0736868,0.91498,465.554,68.51863,66.6255
2,4,4,Beam 2 (chemistry),tzs+N50+E63,1.072685,0.135162,0.82846,933.217,31.81028,24.22095
2,4,4,Beam 2 (chemistry),hcp+N95+E68,2.26651,0.734949,0.39088,2621.98,10.01599,5.66432
2,4,4,Beam 2 (chemistry),umk+N50+E24,0.932575,0.0684912,0.91078,525.569,59.22087,55.92227
2,4,4,Beam 2 (chemistry),hcp+N95+E182,2.059022,1.18776,0.21034,2640.27,6.48724,4.35484
2,4,4,Beam 2 (chemistry),umu+N50+E85,1.118468,0.133032,0.83262,893.768,38.27262,31.24791
2,4,4,Beam 2 (chemistry),xii+N95+E179,2.46112,0.714956,0.3688,2574.3,15.59298,7.50178
2,4,4,Beam 3 (metal only),ull+N50+E95,1.274035,0.20548,0.76418,1258.33,33.72265,17.35181
2,4,4,Beam 3 (metal only),xii+N95+E181,2.115038,0.788214,0.32726,2663.81,14.66278,6.31924
2,4,4,Beam 3 (metal only),uku+N50+E48,1.16034,0.154752,0.80514,1027.87,37.23876,23.25832
2,4,4,Beam 3 (metal only),hcp+N95+E43,2.955753,1.07024,0.17758,2486.57,7.76964,4.19586
2,4,4,Beam 3 (metal only),wse+N50+E151,0.939622,0.0668419,0.91146,459.809,92.64157,46.28726
2,4,4,Beam 3 (metal only),wjg+N50+E14,1.313589,0.203357,0.74446,1348.57,19.6377,18.13328
2,4,4,Beam 3 (metal only),xii+N95+E66,1.888726,1.1002,0.24812,2494.44,12.9483,5.10601
2,4,4,Beam 3 (metal only),vbb+N50+E149,1.285143,0.20058,0.7686,1194.85,25.05158,17.84635
2,4,4,Beam 3 (metal only),hcp+N95+E44,2.028948,1.0761,0.26112,2772.19,7.86513,4.61161
2,4,4,Beam 3 (metal only),ure+N50+E179,1.550881,0.257665,0.68074,1748.18,14.98468,12.6834
2,4,4,Beam 4 (random baseline),qtz-a+N87+E121,1.049731,0.152917,0.8323,909.73,27.47409,24.18177
2,4,4,Beam 4 (random baseline),bcu-k+N105+E8,1.492504,0.505356,0.60396,1911.38,27.88259,10.59556
2,4,4,Beam 4 (random baseline),smf+N630+E177,1.228596,0.272533,0.758,1063.81,46.97827,46.29926
2,4,4,Beam 4 (random baseline),etb+N60+E226,1.266732,0.354652,0.67868,1625.27,18.33182,15.86363
2,4,4,Beam 4 (random baseline),uma+N215+E87,1.04115,0.179779,0.82484,916.24,41.02937,35.48815
2,4,4,Beam 4 (random baseline),whg+N86+E24,1.347959,0.357678,0.66892,1671.32,26.70751,11.91807
2,4,4,Beam 4 (random baseline),wif+N162+E205,0.393993,1.49783,0.00068,44.6097,3.94127,2.16737
2,4,4,Beam 4 (random baseline),eta-c+N320+E63,0.916146,0.273642,0.78106,1025.58,33.32603,32.25818
2,4,4,Beam 4 (random baseline),ith-e+N655+E185,1.822118,1.52537,0.2337,1970.59,11.77285,5.1683
2,4,4,Beam 4 (random baseline),wmw+N559+E141,1.336011,0.273519,0.66418,1674.09,20.05221,17.0663
2,5,5,Beam 1 (full hypothesis),ukl+N50+E185,2.417991,1.21862,0.20336,2200.31,10.48914,4.12348
2,5,5,Beam 1 (full hypothesis),hcp+N95+E166,2.382299,1.0309,0.22722,2589.72,7.96702,4.57913
2,5,5,Beam 1 (full hypothesis),thp-x+N565+E185,2.658411,1.62774,0.13888,1865.25,7.74181,4.51142
2,5,5,Beam 1 (full hypothesis),rgd+N95+E84,3.181222,1.15093,0.15642,1778.76,10.06736,5.16866
2,5,5,Beam 1 (full hypothesis),thp-x+N95+E204,2.321821,1.33623,0.16106,2297.71,7.7626,3.35874
2,5,5,Beam 1 (full hypothesis),thp-x+N95+E228,2.052006,1.2036,0.20718,2183.51,8.84476,4.56388
2,5,5,Beam 1 (full hypothesis),rgd+N95+E138,2.290987,1.061,0.2055,2293.41,9.70334,4.1925
2,5,5,Beam 1 (full hypothesis),thp-x+N95+E149,2.458815,1.08596,0.19046,2408.27,7.89814,4.10139
2,5,5,Beam 1 (full hypothesis),hcp+N565+E204,3.510897,1.05048,0.22146,2357.73,8.41906,4.02022
2,5,5,Beam 1 (full hypothesis),xii+N565+E48,3.935364,1.01886,0.17454,2056.24,9.31745,4.58432
2,5,5,Beam 2 (chemistry),gme+N50+E73,1.017051,0.109146,0.86912,709.554,47.02802,44.36946
2,5,5,Beam 2 (chemistry),uoo+N50+E14,1.366258,0.202767,0.7427,1372.84,20.12467,13.48323
2,5,5,Beam 2 (chemistry),fcu+N95+E11,2.531598,0.853587,0.28362,2686.41,8.99113,4.73681
2,5,5,Beam 2 (chemistry),wse+N50+E123,0.889303,0.0537337,0.92992,370.937,105.02285,53.76444
2,5,5,Beam 2 (chemistry),thp-x+N95+E68,2.132597,0.694711,0.41168,2577.21,12.90038,6.69005
2,5,5,Beam 2 (chemistry),ukg+N50+E185,1.226604,0.367892,0.72584,1330.24,21.1762,15.96253
2,5,5,Beam 2 (chemistry),uku+N50+E123,0.986191,0.100035,0.87366,681.875,46.57218,27.99079
2,5,5,Beam 2 (chemistry),fcu+N95+E29,2.831639,1.23128,0.1285,2037.26,6.63256,3.29308
2,5,5,Beam 2 (chemistry),nfa+N50+E81,1.60871,0.332799,0.63538,1378.98,20.56972,16.68654
2,5,5,Beam 2 (chemistry),hcp+N95+E218,2.039074,0.640242,0.39924,2676.36,9.88783,6.2339
2,5,5,Beam 3 (metal only),mmt+N50+E73,1.182824,0.173247,0.79218,1133.65,20.32185,16.39683
2,5,5,Beam 3 (metal only),pcl+N50+E8,0.957653,0.0908775,0.88874,611.787,37.34215,31.30642
2,5,5,Beam 3 (metal only),fcu+N95+E61,2.388148,0.730129,0.32474,2830.45,10.2828,5.33241
2,5,5,Beam 3 (metal only),ana+N50+E202,1.112301,0.139695,0.83446,880.861,30.59776,21.512
2,5,5,Beam 3 (metal only),fcu+N95+E206,1.716072,1.63813,0.02904,714.568,5.86429,2.42159
2,5,5,Beam 3 (metal only),kfi+N50+E132,1.023944,0.104825,0.87196,681.99,61.593,30.56904
2,5,5,Beam 3 (metal only),thp-x+N95+E132,2.053112,1.03935,0.24656,2652.66,8.52167,4.63805
2,5,5,Beam 3 (metal only),uli+N50+E209,0.921733,0.06188,0.91632,473.552,54.8099,38.42999
2,5,5,Beam 3 (metal only),thp-x+N95+E209,1.710866,0.50579,0.51586,2260.73,13.8965,9.54192
2,5,5,Beam 3 (metal only),irl+N50+E23,0.971564,0.100477,0.86664,784.627,24.99185,22.8804
2,5,5,Beam 4 (random baseline),cdt+N321+E79,1.595676,0.317113,0.58316,1859.63,15.91265,12.97968
2,5,5,Beam 4 (random baseline),umu+N52+E203,1.051644,0.149392,0.8596,720.74,44.61552,35.84258
2,5,5,Beam 4 (random baseline),vmi+N36+E206,1.615949,0.946757,0.41644,2006.02,13.935,11.41871
2,5,5,Beam 4 (random baseline),whx+N77+E112,1.528238,0.588518,0.60278,1787.17,17.77099,11.46882
2,5,5,Beam 4 (random baseline),sod-a+N390+E223,0.86412,0.0729774,0.92586,349.848,81.62232,44.67256
2,5,5,Beam 4 (random baseline),sot+N229+E18,2.995161,1.21382,0.14918,2496.48,6.36572,4.63794
2,5,5,Beam 4 (random baseline),cag+N238+E2,0.925982,0.103202,0.87824,723.102,31.22313,24.86849
2,5,5,Beam 4 (random baseline),wks+N273+E89,2.383694,0.799414,0.34094,1780.9,19.88823,16.22595
2,5,5,Beam 4 (random baseline),vml+N284+E3,1.651227,0.366695,0.6331,1721.71,19.65085,14.6725
2,5,5,Beam 4 (random baseline),whz+N657+E13,1.593904,0.490177,0.56546,1864.5,17.88515,12.01663
2,6,6,Beam 1 (full hypothesis),wjd+N9+E226,1.869527,1.47552,0.07158,1153.19,8.42125,3.40806
2,6,6,Beam 1 (full hypothesis),thp-x+N95+E151,2.015115,0.930656,0.2267,2501.62,8.20152,5.45753
2,6,6,Beam 1 (full hypothesis),xii+N565+E206,3.427347,1.20341,0.16598,1974.05,10.03481,4.51826
2,6,6,Beam 1 (full hypothesis),hcp+N95+E166,2.411871,1.0309,0.22722,2589.72,7.96702,4.57913
2,6,6,Beam 1 (full hypothesis),whb+N270+E84,4.685744,1.09521,0.19128,2234.14,7.59676,4.85789
2,6,6,Beam 1 (full hypothesis),wig+N533+E165,3.611994,0.950907,0.1683,2044.1,8.14026,4.8618
2,6,6,Beam 1 (full hypothesis),hcp+N565+E204,3.50931,1.05048,0.22146,2357.73,8.41906,4.02022
2,6,6,Beam 1 (full hypothesis),vcv+N348+E84,2.30776,1.34749,0.12582,1413.8,7.57248,5.4873
2,6,6,Beam 1 (full hypothesis),rgd+N95+E132,1.945971,1.02328,0.26818,2468.0,11.13826,4.52575
2,6,6,Beam 1 (full hypothesis),wiu+N270+E25,4.412294,1.00787,0.24138,2490.83,9.16718,5.41989
2,6,6,Beam 2 (chemistry),sml+N533+E151,2.580192,0.634868,0.36212,2269.73,13.08466,12.39628
2,6,6,Beam 2 (chemistry),hcp+N95+E132,2.252825,1.1034,0.21484,2696.09,6.72463,4.53893
2,6,6,Beam 2 (chemistry),whk+N270+E85,2.989594,0.717564,0.44914,2069.75,16.0073,7.9945
2,6,6,Beam 2 (chemistry),ana-e+N9+E204,1.562612,0.922652,0.40798,2007.88,15.02347,8.03428
2,6,6,Beam 2 (chemistry),xii+N565+E165,3.384238,1.04671,0.18676,1708.41,12.22288,5.71009
2,6,6,Beam 2 (chemistry),eta+N216+E40,0.897606,0.0678951,0.92554,401.941,59.22422,52.8104
2,6,6,Beam 2 (chemistry),rgd+N95+E81,2.552825,0.767003,0.34744,2475.62,13.9373,5.33498
2,6,6,Beam 2 (chemistry),snl+N270+E40,1.838005,0.403666,0.62352,1883.34,16.12722,13.20326
2,6,6,Beam 2 (chemistry),sxf+N9+E81,2.078417,0.620426,0.44976,2393.61,14.02589,6.63813
2,6,6,Beam 2 (chemistry),thp-x+N565+E11,2.797831,0.674663,0.37358,2357.9,12.12168,7.02768
2,6,6,Beam 3 (metal only),wfi+N348+E38,1.521573,0.62361,0.5202,2277.54,11.71692,9.63751
2,6,6,Beam 3 (metal only),pcu-m+N9+E53,1.403235,0.387023,0.6943,1375.66,38.26646,22.50574
2,6,6,Beam 3 (metal only),sne+N270+E38,1.639401,0.477727,0.64042,1864.89,15.26277,11.13494
2,6,6,Beam 3 (metal only),rgd+N95+E37,1.823936,1.0193,0.28584,2590.77,11.46087,4.71164
2,6,6,Beam 3 (metal only),wnc+N533+E151,2.030722,0.615592,0.38894,2140.8,13.19517,7.08453
2,6,6,Beam 3 (metal only),sxk+N9+E37,1.441668,0.852365,0.38152,2444.34,10.80978,7.97716
2,6,6,Beam 3 (metal only),sxa+N270+E73,3.934055,1.11746,0.21778,2683.29,7.51802,4.31411
2,6,6,Beam 3 (metal only),rgd+N565+E73,3.00389,0.777433,0.349,2185.16,16.5194,9.7512
2,6,6,Beam 3 (metal only),rgd+N95+E23,1.836524,0.603197,0.46548,2482.12,17.38594,8.6201
2,6,6,Beam 3 (metal only),vmh+N533+E3,1.732654,0.352713,0.63584,1697.86,18.5703,15.77241
2,6,6,Beam 4 (random baseline),uka+N161+E65,1.052135,0.145502,0.8176,1024.01,27.08815,25.96043
2,6,6,Beam 4 (random baseline),wjf+N624+E23,1.025301,0.215672,0.79094,1167.64,23.78789,21.18593
2,6,6,Beam 4 (random baseline),zfv+N482+E228,1.413675,0.580403,0.58376,1759.75,23.51916,23.06301
2,6,6,Beam 4 (random baseline),nbo-h+N572+E149,1.773521,0.619212,0.51512,2101.77,23.49596,8.57244
2,6,6,Beam 4 (random baseline),snl+N421+E102,1.802264,1.9693,0.2388,2459.01,8.85717,5.62798
2,6,6,Beam 4 (random baseline),cha+N215+E85,1.332384,0.341779,0.73006,1338.94,26.02644,14.88937
2,6,6,Beam 4 (random baseline),smf+N384+E37,1.226886,0.508507,0.631,1489.76,27.86225,27.36239
2,6,6,Beam 4 (random baseline),tfs+N309+E12,1.114004,0.240844,0.75326,1347.0,27.05169,22.25435
2,6,6,Beam 4 (random baseline),umw+N42+E147,1.077604,0.149754,0.82778,895.951,37.62319,35.74526
2,6,6,Beam 4 (random baseline),ske+N608+E34,1.224711,0.32642,0.71572,1343.13,22.23755,15.3588
2,7,8,Beam 1 (full hypothesis),lsz+N350+E23,2.268068,0.728803,0.36854,2777.59,7.90453,5.85478
2,7,8,Beam 1 (full hypothesis),thp-x+N565+E181,2.687034,0.695809,0.36224,2373.23,12.38394,7.31704
2,7,8,Beam 1 (full hypothesis),msw+N9+E163,1.901803,0.674371,0.41386,2523.52,9.86834,7.01171
2,7,8,Beam 1 (full hypothesis),hjm+N500+E68,3.08197,0.677214,0.29626,2976.96,8.42364,4.71898
2,7,8,Beam 1 (full hypothesis),sda+N270+E123,2.817505,0.795161,0.35944,2720.97,8.56862,5.93371
2,7,8,Beam 1 (full hypothesis),fcu+N565+E123,2.600289,0.653644,0.38632,2499.41,12.35639,5.14639
2,7,8,Beam 1 (full hypothesis),thp-x+N95+E23,1.833568,0.628023,0.43744,2663.19,10.55312,7.21884
2,7,8,Beam 1 (full hypothesis),sou+N348+E96,1.896493,0.676771,0.41468,2522.72,11.80406,7.70939
2,7,8,Beam 1 (full hypothesis),wmz+N270+E163,2.503155,0.624442,0.47186,2445.63,13.16435,7.99925
2,7,8,Beam 1 (full hypothesis),whn+N536+E163,2.25966,0.66736,0.41554,2509.59,12.74076,6.06285
2,7,8,Beam 2 (chemistry),wkq+N9+E68,1.589583,0.451628,0.60478,1910.65,18.33117,15.34908
2,7,8,Beam 2 (chemistry),uos+N50+E11,1.040952,0.101214,0.86836,716.206,32.51861,30.10951
2,7,8,Beam 2 (chemistry),whp+N533+E8,1.781519,0.435404,0.5925,1885.53,17.491,14.75164
2,7,8,Beam 2 (chemistry),smc+N270+E222,1.569489,0.407106,0.63114,1898.73,18.39601,12.13775
2,7,8,Beam 2 (chemistry),xii+N95+E81,2.674248,0.860823,0.27762,2593.97,12.84948,4.66644
2,7,8,Beam 2 (chemistry),sms+N559+E21,1.207499,0.206116,0.75108,1275.94,25.60191,17.57876
2,7,8,Beam 2 (chemistry),wjh+N50+E3,0.92616,0.0652235,0.91894,446.753,69.0878,67.19008
2,7,8,Beam 2 (chemistry),lcv-e+N574+E209,1.164612,0.1596,0.81428,876.808,40.11949,34.83653
2,7,8,Beam 2 (chemistry),fcu+N95+E98,2.528883,0.661231,0.3531,2833.21,9.97217,5.62196
2,7,8,Beam 2 (chemistry),smg+N559+E222,1.261503,0.269726,0.67538,1670.71,20.40116,15.88193
2,7,8,Beam 3 (metal only),wks+N334+E218,1.367908,0.384869,0.63244,1690.88,24.47903,18.82242
2,7,8,Beam 3 (metal only),smr+N270+E234,1.729366,0.39059,0.66274,1635.23,22.9266,21.5258
2,7,8,Beam 3 (metal only),wig+N9+E53,1.53896,0.474405,0.60972,1871.54,15.53316,13.1467
2,7,8,Beam 3 (metal only),uox+N50+E82,0.941715,0.0921372,0.90542,541.158,36.51091,29.54815
2,7,8,Beam 3 (metal only),xii+N95+E181,2.077437,0.788214,0.32726,2663.81,14.66278,6.31924
2,7,8,Beam 3 (metal only),lcx+N348+E98,2.145889,0.582349,0.46592,2108.71,17.84748,6.56709
2,7,8,Beam 3 (metal only),wkn+N270+E41,1.194468,0.257682,0.77752,1207.08,42.04614,41.78587
2,7,8,Beam 3 (metal only),unx+N50+E81,1.275646,0.186575,0.76566,1184.64,26.6311,17.07506
2,7,8,Beam 3 (metal only),fcu+N95+E147,2.605069,0.912115,0.22894,2587.65,9.72278,4.17041
2,7,8,Beam 3 (metal only),icc+N175+E21,2.865144,1.02888,0.1316,2262.85,7.84923,3.29743
2,7,8,Beam 4 (random baseline),uom+N359+E156,1.338704,0.236992,0.70584,1528.53,18.35053,15.00805
2,7,8,Beam 4 (random baseline),smr+N486+E53,1.383521,0.382321,0.71558,1436.23,24.20607,21.01871
2,7,8,Beam 4 (random baseline),bto+N298+E85,0.995941,0.118233,0.86726,739.334,24.58173,21.59734
2,7,8,Beam 4 (random baseline),wiz+N81+E160,1.028304,0.168292,0.87172,655.79,41.19809,21.46119
2,7,8,Beam 4 (random baseline),vmg+N125+E86,1.557496,0.523788,0.5173,2179.06,12.22575,10.41074
2,7,8,Beam 4 (random baseline),why+N155+E1,1.178359,0.227295,0.78662,1125.54,24.88847,21.67523
2,7,8,Beam 4 (random baseline),whs+N640+E163,1.202189,0.276981,0.76794,1152.4,37.12822,35.8415
2,7,8,Beam 4 (random baseline),umh+N524+E162,1.108136,0.204896,0.7846,1092.66,27.51741,21.4056
2,7,8,Beam 4 (random baseline),wjr+N206+E29,1.513864,0.471805,0.64004,1607.89,30.30611,28.23383
2,7,8,Beam 4 (random baseline),som+N108+E228,1.643689,0.688427,0.48518,2401.18,12.30614,9.93349
2,8,9,Beam 1 (full hypothesis),wif+N270+E11,4.437347,0.861455,0.28478,3002.73,8.0175,4.91269
2,8,9,Beam 1 (full hypothesis),whn+N270+E11,3.078352,0.692559,0.40982,2696.2,11.51929,5.68599
2,8,9,Beam 1 (full hypothesis),rob+N270+E11,3.622729,0.87263,0.28096,2846.83,7.51738,5.72047
2,8,9,Beam 1 (full hypothesis),wis+N270+E11,3.129227,0.692509,0.42658,2526.24,11.67851,6.01348
2,8,9,Beam 1 (full hypothesis),hxg+N270+E11,3.746003,1.02128,0.24346,2338.7,7.45387,5.89093
2,8,9,Beam 1 (full hypothesis),cap+N270+E11,3.336111,0.990405,0.23122,2538.88,7.6204,5.94739
2,8,9,Beam 1 (full hypothesis),wif+N270+E61,2.751452,0.677713,0.38802,2762.74,9.77601,5.98367
2,8,9,Beam 1 (full hypothesis),sxc+N270+E11,3.238586,0.721116,0.39118,2713.78,10.12824,6.22459
2,8,9,Beam 1 (full hypothesis),qtz-x+N270+E11,3.430803,0.755441,0.35908,2886.61,7.52474,6.31687
2,8,9,Beam 1 (full hypothesis),fcu+N565+E11,3.032217,0.621019,0.41236,2403.49,11.33032,5.94195
2,8,9,Beam 2 (chemistry),sxp+N270+E40,2.053723,0.463084,0.577,1994.21,16.60687,10.37709
2,8,9,Beam 2 (chemistry),smd+N270+E82,1.371625,0.370414,0.7117,1488.79,28.289,26.77658
2,8,9,Beam 2 (chemistry),sxj+N270+E82,1.372125,0.380723,0.7169,1352.85,24.33111,18.02695
2,8,9,Beam 2 (chemistry),whz+N270+E11,2.198851,0.530919,0.5521,2059.58,15.97516,10.85912
2,8,9,Beam 2 (chemistry),vcf+N270+E82,1.374182,0.365356,0.7158,1431.3,22.67797,16.65004
2,8,9,Beam 2 (chemistry),pyr-e+N270+E40,1.887716,0.398169,0.63662,1755.09,19.77804,10.9239
2,8,9,Beam 2 (chemistry),kag+N270+E32,2.087686,0.393494,0.60206,2143.0,16.29495,14.44893
2,8,9,Beam 2 (chemistry),wja+N270+E82,1.306093,0.350974,0.72914,1352.5,24.69075,18.63659
2,8,9,Beam 2 (chemistry),sma+N270+E82,1.46131,0.419705,0.67888,1614.12,20.60212,19.61447
2,8,9,Beam 2 (chemistry),wmv+N270+E47,1.52753,0.265714,0.74944,1265.28,26.87246,23.32596
2,8,9,Beam 3 (metal only),whk+N270+E61,1.572972,0.359834,0.66668,1625.01,25.1855,13.75837
2,8,9,Beam 3 (metal only),hcp+N565+E53,2.33847,0.627303,0.46198,2199.87,13.15488,7.90323
2,8,9,Beam 3 (metal only),snl+N270+E53,2.12476,0.561894,0.56298,2202.05,13.15852,11.0668
2,8,9,Beam 3 (metal only),fcu+N565+E22,1.697715,0.404781,0.61086,1884.61,15.80547,7.8441
2,8,9,Beam 3 (metal only),wih+N270+E36,1.2299,0.223039,0.79024,1129.24,36.13582,34.51503
2,8,9,Beam 3 (metal only),thp-x+N565+E33,1.925479,0.424169,0.56844,2032.56,17.27882,9.2448
2,8,9,Beam 3 (metal only),etd+N81+E222,0.838045,0.0489317,0.9632,205.61,90.71919,88.41489
2,8,9,Beam 3 (metal only),hcp+N565+E222,1.974419,0.513316,0.50406,2157.85,14.16588,8.04959
2,8,9,Beam 3 (metal only),sxf+N270+E33,1.326673,0.258998,0.7498,1392.26,21.75024,14.74578
2,8,9,Beam 3 (metal only),hcp+N565+E21,1.684444,0.401515,0.59542,1823.04,18.24823,10.5155
2,8,9,Beam 4 (random baseline),wmb+N447+E156,1.689389,0.371641,0.58142,1853.73,17.67159,15.31703
2,8,9,Beam 4 (random baseline),upc+N539+E102,1.658373,1.62975,0.29714,2014.48,13.91176,5.8169
2,8,9,Beam 4 (random baseline),sxd+N134+E101,1.128519,0.259545,0.73558,1399.06,23.01949,20.74888
2,8,9,Beam 4 (random baseline),lcy-e+N613+E154,1.582843,0.301423,0.65108,1675.93,19.03781,14.83156
2,8,9,Beam 4 (random baseline),snv+N622+E25,1.988722,0.739505,0.44926,1701.5,22.71576,10.3156
2,8,9,Beam 4 (random baseline),lcv-e+N634+E215,1.239415,0.378356,0.69724,1170.99,27.70064,22.8744
2,8,9,Beam 4 (random baseline),sxe+N491+E202,2.063009,0.932252,0.35328,2312.74,11.6211,7.10708
2,8,9,Beam 4 (random baseline),snk+N702+E206,2.428726,0.879653,0.29516,2601.2,8.22594,5.52564
2,8,9,Beam 4 (random baseline),whw+N240+E41,1.138827,0.232067,0.71972,1412.07,20.83304,19.78686
2,8,9,Beam 4 (random baseline),smb+N101+E71,1.713147,0.754667,0.45964,2096.16,13.12465,8.4136
2,9,10,Beam 1 (full hypothesis),wif+N270+E11,4.426263,0.861455,0.28478,3002.73,8.0175,4.91269
2,9,10,Beam 1 (full hypothesis),cap+N270+E11,3.298744,0.98667,0.23246,2541.84,7.65751,5.98349
2,9,10,Beam 1 (full hypothesis),hxg+N270+E11,3.759233,1.02128,0.24346,2338.7,7.45387,5.89093
2,9,10,Beam 1 (full hypothesis),rob+N270+E11,3.642709,0.87263,0.28096,2846.83,7.51738,5.72047
2,9,10,Beam 1 (full hypothesis),sxc+N270+E11,3.252633,0.721116,0.39118,2713.78,10.12824,6.22459
2,9,10,Beam 1 (full hypothesis),qtz-x+N270+E11,3.450812,0.755441,0.35908,2886.61,7.52474,6.31687
2,9,10,Beam 1 (full hypothesis),sxb+N270+E11,3.00493,0.701156,0.40656,2706.18,10.04563,6.37341
2,9,10,Beam 1 (full hypothesis),msw+N270+E11,3.216673,0.750011,0.3778,2697.52,9.07265,7.04191
2,9,10,Beam 1 (full hypothesis),bcs+N270+E11,3.772017,0.83872,0.31962,2682.49,9.49484,5.56334
2,9,10,Beam 1 (full hypothesis),thp-x+N565+E11,2.85909,0.674635,0.37344,2357.55,12.12097,7.03142
2,9,10,Beam 2 (chemistry),wml+N270+E47,1.684109,0.286916,0.7304,1303.45,41.00663,39.51086
2,9,10,Beam 2 (chemistry),snb+N270+E40,1.39544,0.221851,0.80578,917.489,45.07239,36.92642
2,9,10,Beam 2 (chemistry),wkm+N270+E61,1.491397,0.317566,0.70602,1444.27,39.86352,38.88489
2,9,10,Beam 2 (chemistry),vmk+N270+E47,1.755463,0.34646,0.6748,1605.61,16.92952,14.38806
2,9,10,Beam 2 (chemistry),wnd+N270+E40,1.861588,0.379391,0.65504,1675.11,23.09768,11.76149
2,9,10,Beam 2 (chemistry),flu-e+N270+E40,1.603118,0.298189,0.72234,1383.38,34.53672,13.38048
2,9,10,Beam 2 (chemistry),vby+N270+E61,1.799289,0.446411,0.57982,2168.14,12.85225,10.40407
2,9,10,Beam 2 (chemistry),wia+N270+E61,1.710892,0.408579,0.61756,1906.5,20.20125,11.5714
2,9,10,Beam 2 (chemistry),wkj+N270+E61,1.561102,0.32452,0.71168,1234.51,34.29301,32.55067
2,9,10,Beam 3 (metal only),sno+N270+E33,1.303983,0.24632,0.76688,1298.76,30.67801,28.70973
2,9,10,Beam 3 (metal only),xii+N565+E209,2.165634,0.512577,0.49396,2045.03,19.73254,11.45113
2,9,10,Beam 3 (metal only),lvt-a+N81+E82,0.822417,0.0445307,0.9662,181.947,79.12068,71.08389
2,9,10,Beam 3 (metal only),rgd+N565+E36,1.714222,0.364783,0.6305,1730.63,25.62572,14.86934
2,9,10,Beam 3 (metal only),whd+N270+E23,1.551797,0.350157,0.69512,1563.71,26.60501,20.0034
2,9,10,Beam 3 (metal only),hcp+N565+E36,1.754367,0.397195,0.6063,1830.53,16.19016,10.00792
2,9,10,Beam 3 (metal only),wmy+N270+E36,1.340967,0.271501,0.7457,1381.39,19.61155,15.88067
2,9,10,Beam 3 (metal only),hcp+N565+E98,2.086605,0.459334,0.53178,2043.11,15.24997,8.70332
2,9,10,Beam 3 (metal only),sno+N270+E23,1.572003,0.379277,0.67378,1631.78,24.45785,21.61619
2,9,10,Beam 3 (metal only),fcu+N565+E30,1.927322,0.417822,0.56566,2092.73,15.68115,7.81806
2,9,10,Beam 4 (random baseline),lcy+N286+E219,1.288344,0.460029,0.61502,1843.61,14.9274,11.2041
2,9,10,Beam 4 (random baseline),smv+N472+E87,1.103436,0.216044,0.787,1036.07,54.9819,52.85661
2,9,10,Beam 4 (random baseline),lhb+N38+E136,1.928047,0.580515,0.46604,2444.26,10.79497,7.86439
2,9,10,Beam 4 (random baseline),smv+N680+E40,1.254663,0.203562,0.7841,1076.8,50.51797,48.68284
2,9,10,Beam 4 (random baseline),umk+N342+E9,0.831302,0.0511838,0.94486,318.829,82.73624,79.3784
2,9,10,Beam 4 (random baseline),afw+N90+E215,1.079541,0.19805,0.79786,1058.48,23.64973,22.57359
2,9,10,Beam 4 (random baseline),wmf+N234+E142,1.658861,0.394602,0.56904,1935.34,16.34219,9.64091
2,9,10,Beam 4 (random baseline),crs+N274+E151,1.661996,0.336456,0.61384,1737.51,19.83509,14.37622
2,9,10,Beam 4 (random baseline),oob+N233+E132,3.337413,1.007,0.30768,2829.96,8.18443,5.3305
2,9,10,Beam 4 (random baseline),whv+N264+E50,1.662773,1.12078,0.3458,2558.86,9.05963,6.05111
2,10,11,Beam 1 (full hypothesis),wif+N270+E11,4.482919,0.861455,0.28478,3002.73,8.0175,4.91269
2,10,11,Beam 1 (full hypothesis),hxg+N270+E11,3.778601,1.02128,0.24346,2338.7,7.45387,5.89093
2,10,11,Beam 1 (full hypothesis),rob+N270+E11,3.625906,0.87263,0.28096,2846.83,7.51738,5.72047
2,10,11,Beam 1 (full hypothesis),cap+N270+E11,3.321209,0.98667,0.23246,2541.84,7.65751,5.98349
2,10,11,Beam 1 (full hypothesis),sxc+N270+E11,3.276258,0.721116,0.39118,2713.78,10.12824,6.22459
2,10,11,Beam 1 (full hypothesis),sxb+N270+E11,2.981205,0.701156,0.40656,2706.18,10.04563,6.37341
2,10,11,Beam 1 (full hypothesis),qtz-x+N270+E11,3.484952,0.755441,0.35908,2886.61,7.52474,6.31687
2,10,11,Beam 1 (full hypothesis),msw+N270+E11,3.180688,0.750011,0.3778,2697.52,9.07265,7.04191
2,10,11,Beam 1 (full hypothesis),rob+N270+E32,3.109911,0.590069,0.41954,2831.03,9.45938,6.91267
2,10,11,Beam 1 (full hypothesis),bcs+N270+E11,3.792819,0.83872,0.31962,2682.49,9.49484,5.56334
2,10,11,Beam 2 (chemistry),utj+N81+E61,0.869272,0.0733742,0.93984,311.269,56.305,37.50649
2,10,11,Beam 2 (chemistry),wiz+N81+E11,0.990449,0.142807,0.88854,579.014,44.13536,23.05935
2,10,11,Beam 2 (chemistry),wml+N270+E40,1.830772,0.349641,0.68464,1516.32,35.88737,34.18134
2,10,11,Beam 2 (chemistry),wko+N270+E47,1.498056,0.266986,0.74646,1262.71,24.48439,22.83617
2,10,11,Beam 2 (chemistry),bsn+N270+E47,1.762426,0.364325,0.6507,1734.42,14.49937,11.99017
2,10,11,Beam 2 (chemistry),wht+N270+E11,2.087877,0.483325,0.58578,1940.26,15.22774,11.27876
2,10,11,Beam 2 (chemistry),smn+N270+E32,2.000135,0.404213,0.59742,2129.98,15.70604,13.13863
2,10,11,Beam 2 (chemistry),whs+N270+E32,1.660686,0.290358,0.70964,1500.88,31.77408,30.95493
2,10,11,Beam 2 (chemistry),smw+N270+E11,1.969554,0.434348,0.62454,1768.87,30.9572,29.67926
2,10,11,Beam 2 (chemistry),tfs+N270+E32,1.779603,0.350512,0.64006,1857.78,25.38138,22.54948
2,10,11,Beam 3 (metal only),wnc+N270+E209,1.421587,0.294766,0.72422,1394.24,24.51271,15.75044
2,10,11,Beam 3 (metal only),xii+N565+E4,2.408557,0.501017,0.50322,2220.02,17.43,11.28777
2,10,11,Beam 3 (metal only),osc+N270+E30,1.42936,0.278762,0.733,1471.4,22.72974,19.12325
2,10,11,Beam 3 (metal only),xii+N565+E163,2.891348,0.684382,0.38152,2359.96,14.33464,7.95263
2,10,11,Beam 3 (metal only),wgx+N270+E32,1.664921,0.314935,0.6853,1630.99,28.46894,14.8504
2,10,11,Beam 3 (metal only),thp-x+N565+E41,1.816373,0.471294,0.541,2080.19,15.28068,9.89795
2,10,11,Beam 3 (metal only),wmx+N270+E234,2.292085,0.503884,0.56102,2100.5,13.33537,10.64639
2,10,11,Beam 3 (metal only),xii+N565+E24,2.609506,0.604871,0.43286,2235.13,16.22499,10.10062
2,10,11,Beam 3 (metal only),win+N270+E11,2.00916,0.435941,0.6334,1680.89,24.36267,22.72689
2,10,11,Beam 3 (metal only),wih+N270+E33,1.261315,0.223705,0.78776,1197.05,37.05927,35.68928
2,10,11,Beam 4 (random baseline),lcy+N457+E138,1.673224,0.38457,0.65988,1777.51,15.82891,12.09506
2,10,11,Beam 4 (random baseline),vmj+N612+E204,1.844011,1.157,0.3114,2116.91,10.17828,7.02043
2,10,11,Beam 4 (random baseline),ftb+N133+E41,1.075856,0.258935,0.73886,1546.5,15.52634,13.27158
2,10,11,Beam 4 (random baseline),wfh+N249+E160,2.350545,0.815044,0.3572,1919.25,14.79448,11.2928
2,10,11,Beam 4 (random baseline),smb+N269+E87,2.032213,0.530684,0.41404,2976.89,9.16948,6.90025
2,10,11,Beam 4 (random baseline),hxg+N480+E40,2.730051,0.641123,0.37712,2693.94,9.74858,6.09706
2,10,11,Beam 4 (random baseline),tzs+N29+E187,1.151764,0.291254,0.7031,1499.74,17.08154,13.32748
2,10,11,Beam 4 (random baseline),wjb+N167+E156,1.199073,0.345221,0.66798,1389.99,29.22387,28.04309
2,10,11,Beam 4 (random baseline),uod+N305+E217,1.560555,0.470196,0.56132,2158.48,14.56561,10.76332
2,10,11,Beam 4 (random baseline),pcu+N518+E137,1.940986,0.612432,0.4388,2402.53,9.79726,7.91162
3,1,1,Beam 1 (full hypothesis),sda+N481+E12,1.294514,0.356473,0.64958,1842.3,13.98366,10.76625
3,1,1,Beam 1 (full hypothesis),wmo+N384+E40,1.423104,0.316283,0.69956,1409.44,25.06673,18.13328
3,1,1,Beam 1 (full hypothesis),wmg+N666+E131,2.137624,0.860692,0.39244,2308.09,16.41006,11.41839
3,1,1,Beam 1 (full hypothesis),vmh+N591+E142,1.76834,0.404585,0.54284,2199.95,12.81474,9.33871
3,1,1,Beam 1 (full hypothesis),wir+N465+E228,1.591768,0.901318,0.40642,2238.89,13.03643,8.38337
3,1,1,Beam 1 (full hypothesis),vbm+N589+E209,1.383157,0.34155,0.666,1695.78,17.28296,13.74391
3,1,1,Beam 1 (full hypothesis),snk+N382+E36,1.190745,0.295123,0.7095,1604.59,17.51722,13.56609
3,1,1,Beam 1 (full hypothesis),vmh+N491+E81,1.920504,0.646761,0.47426,2067.21,13.29505,9.36018
3,1,1,Beam 1 (full hypothesis),wma+N453+E166,2.00229,0.975322,0.32842,2423.76,9.2977,6.94562
3,1,1,Beam 1 (full hypothesis),lcy+N476+E63,0.897647,0.730588,0.70684,1224.25,22.46862,19.36684
3,1,1,Beam 2 (chemistry),smf+N384+E123,1.21379,0.321121,0.71862,1207.81,37.45972,36.80063
3,1,1,Beam 2 (chemistry),lcv-e+N406+E166,1.232346,0.4452,0.61072,1356.86,21.41586,17.35213
3,1,1,Beam 2 (chemistry),snl+N268+E16,2.306497,0.720499,0.37632,2648.4,11.49019,9.42738
3,1,1,Beam 2 (chemistry),whg+N382+E16,2.056124,0.829615,0.38162,2065.71,15.83496,7.34112
3,1,1,Beam 2 (chemistry),wmz+N476+E98,0.965297,0.487378,0.76286,1082.52,25.82744,18.72552
3,1,1,Beam 2 (chemistry),soj+N465+E82,1.411206,0.467517,0.64214,1718.31,19.22217,14.90772
3,1,1,Beam 2 (chemistry),snk+N481+E32,1.787245,0.410994,0.56632,2273.53,14.33728,9.82837
3,1,1,Beam 2 (chemistry),wil+N622+E40,1.810809,0.425153,0.5978,1888.99,19.59373,17.14142
3,1,1,Beam 2 (chemistry),vmf+N453+E16,1.912721,0.869507,0.35448,2189.47,11.43712,8.69396
3,1,1,Beam 2 (chemistry),rkf+N666+E29,2.811902,1.11957,0.21252,2384.37,8.20141,4.4561
3,1,1,Beam 3 (metal only),wil+N453+E25,2.527648,0.947294,0.3317,2068.52,12.34061,11.0906
3,1,1,Beam 3 (metal only),sng+N170+E68,1.403945,0.242375,0.75468,1239.12,34.94585,19.21693
3,1,1,Beam 3 (metal only),vbu+N406+E8,1.381085,0.443884,0.59038,1806.14,15.56158,12.47744
3,1,1,Beam 3 (metal only),wnb+N465+E181,1.463771,0.529548,0.55258,1823.76,17.41429,13.94546
3,1,1,Beam 3 (metal only),snl+N265+E18,2.640328,0.929128,0.2859,2709.29,8.72953,6.59112
3,1,1,Beam 3 (metal only),wit+N666+E92,2.428144,0.898406,0.34116,2443.06,11.96445,6.1091
3,1,1,Beam 3 (metal only),sxh+N612+E82,1.413018,0.47386,0.6258,1813.92,19.94581,10.41532
3,1,1,Beam 3 (metal only),sol+N481+E119,1.754196,0.715572,0.37738,2794.65,9.97039,5.71436
3,1,1,Beam 3 (metal only),wib+N384+E29,2.445018,0.878683,0.30868,2407.32,8.61385,6.69703
3,1,1,Beam 3 (metal only),snh+N476+E3,0.938035,0.517375,0.76752,1044.29,37.99396,19.33727
3,1,1,Beam 4 (random baseline),wis+N421+E11,1.389766,0.752202,0.54894,2022.84,15.9483,8.74818
3,1,1,Beam 4 (random baseline),uoc+N259+E38,0.992482,0.135921,0.84158,910.166,25.2565,21.77298
3,1,1,Beam 4 (random baseline),son+N65+E97,1.22572,0.275968,0.7244,1520.66,19.32465,15.29872
3,1,1,Beam 4 (random baseline),hxg-d+N24+E73,1.013968,2.04495,0.0,0.0,3.7745,1.88446
3,1,1,Beam 4 (random baseline),mmt+N434+E97,1.023517,0.160937,0.83694,942.527,21.25871,18.90632
3,1,1,Beam 4 (random baseline),ukd+N513+E101,0.973901,0.12738,0.83862,858.352,26.89361,21.13103
3,1,1,Beam 4 (random baseline),upa+N359+E155,1.167745,0.275591,0.76734,1245.84,20.42278,17.49779
3,1,1,Beam 4 (random baseline),sxe+N645+E79,1.889966,0.706244,0.38546,2100.07,14.45985,6.4867
3,1,1,Beam 4 (random baseline),vbm+N645+E52,2.555565,0.835222,0.30566,2731.91,9.82364,7.71199
3,1,1,Beam 4 (random baseline),son+N54+E123,1.731961,0.680627,0.49242,2511.61,12.0244,8.56955
3,2,3,Beam 1 (full hypothesis),wkg+N278+E185,1.933089,1.66034,0.29598,2048.49,9.81608,7.30908
3,2,3,Beam 1 (full hypothesis),snl+N568+E228,1.919511,1.02814,0.30596,2555.39,10.24484,6.58858
3,2,3,Beam 1 (full hypothesis),vmg+N630+E89,3.369207,1.14357,0.1259,2163.45,7.07295,3.85253
3,2,3,Beam 1 (full hypothesis),wit+N453+E25,3.152959,1.08836,0.22444,2295.31,9.01314,5.16874
3,2,3,Beam 1 (full hypothesis),vbn+N666+E138,2.531585,0.907824,0.31156,2765.29,8.90275,4.63823
3,2,3,Beam 1 (full hypothesis),wiu+N77+E149,2.976747,1.28035,0.2496,2692.83,8.28183,4.89592
3,2,3,Beam 1 (full hypothesis),sme+N309+E185,2.441122,1.86571,0.18482,2299.43,7.83145,4.51897
3,2,3,Beam 1 (full hypothesis),sda+N356+E206,2.177017,0.892679,0.3259,2354.97,8.81473,6.27094
3,2,3,Beam 1 (full hypothesis),sme+N197+E92,2.153225,0.858343,0.3871,2523.64,10.55947,6.05817
3,2,3,Beam 1 (full hypothesis),wie+N493+E228,2.027507,1.45305,0.18928,2445.86,7.43845,3.61403
3,2,3,Beam 2 (chemistry),wkp+N33+E23,1.211203,0.326011,0.70608,1585.06,19.44606,17.82956
3,2,3,Beam 2 (chemistry),sxj+N49+E181,1.508948,0.587381,0.4929,1860.45,14.83567,12.93819
3,2,3,Beam 2 (chemistry),wiv+N666+E89,4.70355,1.19918,0.0978,1918.68,6.35449,2.95059
3,2,3,Beam 2 (chemistry),smp+N576+E147,1.398052,0.459967,0.64142,1600.88,29.47842,10.66102
3,2,3,Beam 2 (chemistry),wkl+N77+E206,1.460606,1.31171,0.44302,1119.22,27.02621,26.22684
3,2,3,Beam 2 (chemistry),smr+N384+E222,1.265754,0.344885,0.66872,1563.57,22.27449,20.022
3,2,3,Beam 2 (chemistry),who+N568+E166,2.316684,1.01824,0.2869,2652.98,8.44717,5.77061
3,2,3,Beam 2 (chemistry),hxg+N476+E228,1.025494,1.20229,0.52844,1881.97,14.83633,9.82323
3,2,3,Beam 2 (chemistry),wnd+N309+E120,1.767007,0.595516,0.5,2300.41,16.71783,7.39134
3,2,3,Beam 2 (chemistry),sda+N630+E89,2.838039,1.40624,0.045,1353.67,5.12296,3.00121
3,2,3,Beam 3 (metal only),snw+N612+E123,1.765575,0.590225,0.48294,2409.68,11.45247,9.75355
3,2,3,Beam 3 (metal only),wkf+N274+E163,1.565682,0.302309,0.6761,1651.2,20.57172,14.09968
3,2,3,Beam 3 (metal only),vmd+N476+E131,0.918045,0.793727,0.6758,1322.44,22.53909,17.46532
3,2,3,Beam 3 (metal only),whg+N384+E44,1.48992,0.775437,0.43086,2392.97,14.43183,5.93099
3,2,3,Beam 3 (metal only),wna+N666+E149,2.299079,0.819035,0.38976,2529.61,12.5542,6.30765
3,2,3,Beam 3 (metal only),snw+N568+E166,2.227369,0.995764,0.32398,2480.34,8.72324,6.96804
3,2,3,Beam 3 (metal only),snf+N356+E131,1.728676,0.651205,0.45836,1952.43,20.91475,8.44144
3,2,3,Beam 3 (metal only),acs+N453+E181,1.980325,0.721912,0.41308,2652.8,9.33467,6.64639
3,2,3,Beam 3 (metal only),wmq+N630+E142,1.218604,0.318652,0.72684,1414.33,38.94343,37.15539
3,2,3,Beam 3 (metal only),sny+N309+E186,1.390222,0.513581,0.63222,1436.68,30.61457,30.08924
3,2,3,Beam 4 (random baseline),nsp+N326+E204,1.870024,1.47986,0.15814,1653.49,8.31779,4.72285
3,2,3,Beam 4 (random baseline),umk+N515+E97,0.929183,0.076209,0.90904,524.701,62.05599,59.95528
3,2,3,Beam 4 (random baseline),ukr+N346+E39,0.838788,0.057611,0.9406,347.313,60.74346,54.19736
3,2,3,Beam 4 (random baseline),lcy-a+N34+E37,1.041812,0.190623,0.8041,923.915,30.07074,24.79917
3,2,3,Beam 4 (random baseline),ilc+N138+E218,1.695143,0.518816,0.49202,2473.36,13.44031,9.54831
3,2,3,Beam 4 (random baseline),sxb+N659+E119,1.766772,0.931177,0.34116,2733.18,8.01085,6.203
3,2,3,Beam 4 (random baseline),sni+N541+E11,1.438617,0.394485,0.64036,1664.03,22.97374,21.4137
3,2,3,Beam 4 (random baseline),wkh+N59+E233,1.424444,0.59921,0.54356,2084.78,14.5248,9.53449
3,2,3,Beam 4 (random baseline),sda+N478+E57,1.285074,0.344887,0.66684,1838.04,14.12839,11.26436
3,2,3,Beam 4 (random baseline),wmh+N400+E156,1.182377,0.751348,0.5794,1771.96,18.86531,15.19242
3,3,4,Beam 1 (full hypothesis),soj+N125+E63,2.312755,1.14467,0.22244,2367.41,7.31506,5.20034
3,3,4,Beam 1 (full hypothesis),wmf+N278+E102,1.799114,2.46129,0.13276,1695.11,8.09086,3.80227
3,3,4,Beam 1 (full hypothesis),smu+N453+E173,2.465127,1.0214,0.22806,2351.29,8.14215,5.11319
3,3,4,Beam 1 (full hypothesis),sxc+N309+E128,3.08851,1.03959,0.19862,2764.55,6.24768,4.51618
3,3,4,Beam 1 (full hypothesis),ske+N77+E217,2.63799,1.38915,0.11616,1784.2,7.99281,4.43533
3,3,4,Beam 1 (full hypothesis),whj+N384+E89,2.944558,1.1261,0.16794,1767.89,9.0444,4.15043
3,3,4,Beam 1 (full hypothesis),sxc+N382+E202,2.705005,1.12982,0.22988,2689.87,7.39842,5.12453
3,3,4,Beam 1 (full hypothesis),vcz+N125+E173,2.178956,1.37453,0.0553,1290.82,5.44973,2.98607
3,3,4,Beam 1 (full hypothesis),wil+N59+E84,3.311955,1.39283,0.10138,1498.56,8.22219,4.91812
3,3,4,Beam 1 (full hypothesis),wht+N453+E89,3.126471,1.31922,0.09682,1585.36,7.14825,3.39785
3,3,4,Beam 2 (chemistry),wkf+N696+E25,1.982961,0.635447,0.42904,2227.01,12.03571,8.305
3,3,4,Beam 2 (chemistry),wkh+N518+E24,1.246664,0.38143,0.6812,1625.99,18.01266,12.8528
3,3,4,Beam 2 (chemistry),vbr+N568+E147,1.709868,0.563679,0.53392,1961.59,15.25504,10.70523
3,3,4,Beam 2 (chemistry),wkg+N475+E167,2.079782,1.32569,0.05722,1134.18,6.67457,2.58545
3,3,4,Beam 2 (chemistry),smv+N667+E112,1.40605,0.434331,0.67356,1548.8,35.30249,32.98573
3,3,4,Beam 2 (chemistry),smo+N77+E29,2.088894,1.0889,0.38314,2071.7,14.12143,7.74729
3,3,4,Beam 2 (chemistry),wjd+N309+E128,2.337491,0.814422,0.34758,2611.37,12.0281,5.26236
3,3,4,Beam 2 (chemistry),wky+N666+E95,2.591089,1.04712,0.29872,2451.89,9.777,6.85556
3,3,4,Beam 2 (chemistry),wja+N476+E205,0.942115,0.647564,0.71308,1178.71,34.6794,18.84882
3,3,4,Beam 2 (chemistry),sda+N384+E71,3.03464,1.07111,0.15336,2294.13,6.51154,4.09011
3,3,4,Beam 3 (metal only),vmi+N422+E102,1.705809,1.73882,0.26748,2049.62,10.44637,6.42638
3,3,4,Beam 3 (metal only),sxm+N59+E29,2.279931,0.909014,0.36936,2211.6,13.27803,7.62025
3,3,4,Beam 3 (metal only),wkr+N77+E23,1.31581,0.429632,0.70954,1391.83,35.62395,31.96166
3,3,4,Beam 3 (metal only),sda+N630+E14,2.020647,0.852673,0.36864,2613.81,9.11915,5.67675
3,3,4,Beam 3 (metal only),whl+N122+E173,1.364103,0.463672,0.65324,1456.01,29.98743,29.00147
3,3,4,Beam 3 (metal only),snf+N476+E141,0.840464,0.32515,0.85182,666.366,55.98766,38.65784
3,3,4,Beam 3 (metal only),sod-e+N309+E85,1.858245,0.618628,0.5226,1610.23,24.74738,7.82793
3,3,4,Beam 3 (metal only),vbx+N384+E206,1.793436,1.00811,0.35556,1983.76,12.64996,8.89694
3,3,4,Beam 3 (metal only),wkq+N453+E18,2.038203,0.909713,0.36814,2119.42,10.95607,10.27521
3,3,4,Beam 3 (metal only),sxd+N666+E221,1.702619,0.487119,0.52706,2055.46,12.43507,10.4525
3,3,4,Beam 4 (random baseline),wip+N574+E38,1.556524,0.297429,0.67248,1626.02,19.92868,17.30767
3,3,4,Beam 4 (random baseline),uog+N76+E89,1.954027,0.434577,0.56042,1820.16,15.96524,14.44576
3,3,4,Beam 4 (random baseline),wil+N378+E219,1.071814,0.268711,0.76782,1118.39,30.92783,29.91365
3,3,4,Beam 4 (random baseline),wji+N194+E121,0.908026,0.0756994,0.90492,538.594,49.87252,48.79484
3,3,4,Beam 4 (random baseline),wkh+N598+E27,1.799239,0.589337,0.45852,2502.43,10.76768,7.31083
3,3,4,Beam 4 (random baseline),wkn+N392+E33,1.00376,0.146723,0.83768,929.579,56.25748,55.04687
3,3,4,Beam 4 (random baseline),wgv+N690+E215,1.437236,0.418307,0.59468,1968.09,15.96599,13.1315
3,3,4,Beam 4 (random baseline),pcu-m+N590+E212,1.192945,0.664904,0.52516,1797.0,25.48413,11.71303
3,3,4,Beam 4 (random baseline),bsn+N268+E13,1.779351,0.780092,0.39442,2657.67,8.34387,7.19061
3,3,4,Beam 4 (random baseline),eci+N141+E204,2.819631,1.01614,0.2776,2403.08,10.13737,6.0355
3,4,5,Beam 1 (full hypothesis),hxg+N560+E73,2.448181,1.1634,0.13784,1862.76,6.89995,4.03922
3,4,5,Beam 1 (full hypothesis),sol+N309+E185,2.2889,2.09622,0.12312,1953.81,7.78358,3.40815
3,4,5,Beam 1 (full hypothesis),hxg+N59+E149,2.515986,1.64488,0.07234,1496.04,5.77479,2.87909
3,4,5,Beam 1 (full hypothesis),msw+N77+E202,3.250139,1.77197,0.12792,2363.15,5.37271,3.55313
3,4,5,Beam 1 (full hypothesis),smb+N643+E185,2.006637,1.87702,0.17372,1888.09,8.50466,3.36177
3,4,5,Beam 1 (full hypothesis),vmk+N16+E89,3.357246,1.43715,0.05442,1227.41,6.42435,2.72381
3,4,5,Beam 1 (full hypothesis),sda+N694+E228,3.162449,1.29433,0.1315,1988.33,6.31079,3.67421
3,4,5,Beam 1 (full hypothesis),wmb+N309+E89,2.760961,1.168,0.1457,1600.66,8.83912,5.1881
3,4,5,Beam 1 (full hypothesis),msw+N143+E206,2.012474,1.4759,0.06866,1890.23,4.93267,2.94176
3,4,5,Beam 1 (full hypothesis),qtz-x+N77+E138,2.965803,1.51803,0.15408,2108.6,6.18756,4.48797
3,4,5,Beam 2 (chemistry),wna+N595+E206,2.716601,1.09544,0.22496,2483.82,11.10094,4.29222
3,4,5,Beam 2 (chemistry),osc+N422+E181,1.366218,0.390205,0.64712,1803.06,18.60554,15.09786
3,4,5,Beam 2 (chemistry),whq+N309+E25,2.62854,0.719653,0.4061,2273.36,14.68904,11.38468
3,4,5,Beam 2 (chemistry),sok+N630+E63,1.852118,0.788398,0.4214,2549.93,11.38226,9.51306
3,4,5,Beam 2 (chemistry),wmj+N36+E166,1.74632,0.735924,0.45782,2293.6,14.11664,8.71407
3,4,5,Beam 2 (chemistry),smc+N77+E24,1.487076,0.571665,0.60422,1945.03,15.31263,10.50049
3,4,5,Beam 2 (chemistry),whh+N180+E13,3.060433,0.921992,0.23582,2435.17,10.94643,4.16844
3,4,5,Beam 2 (chemistry),vbl+N690+E24,1.277625,0.338657,0.68126,1698.82,20.18395,12.82057
3,4,5,Beam 2 (chemistry),son+N518+E73,1.810506,0.80986,0.42144,2523.19,10.68613,7.60871
3,4,5,Beam 2 (chemistry),qtz-x+N309+E120,2.846096,0.928469,0.23838,3129.76,7.06569,4.7468
3,4,5,Beam 3 (metal only),wmc+N336+E131,2.960691,1.18153,0.12606,2252.61,6.94581,3.17782
3,4,5,Beam 3 (metal only),dia-j+N669+E186,1.140349,0.272727,0.78544,930.113,41.97657,35.98585
3,4,5,Beam 3 (metal only),whb+N569+E44,1.890499,0.580986,0.48092,2400.85,13.9,7.39651
3,4,5,Beam 3 (metal only),sxe+N49+E120,1.92582,0.802463,0.34562,2212.42,12.58335,6.21509
3,4,5,Beam 3 (metal only),sng+N77+E14,2.071256,1.04154,0.39394,2283.79,15.52919,6.74603
3,4,5,Beam 3 (metal only),twf-e+N630+E228,1.267458,0.664004,0.55306,1828.78,24.10276,13.8259
3,4,5,Beam 3 (metal only),sxf+N554+E149,1.77398,0.626043,0.5109,2063.6,14.52665,8.17647
3,4,5,Beam 3 (metal only),why+N283+E201,1.608675,0.499758,0.53776,2203.46,11.87682,9.56651
3,4,5,Beam 3 (metal only),wme+N59+E70,2.115597,0.924322,0.40982,2463.47,12.6402,5.52808
3,4,5,Beam 3 (metal only),flu-e+N341+E29,1.893599,0.709779,0.4325,1962.38,18.92504,5.2913
3,4,5,Beam 4 (random baseline),wkn+N438+E203,1.151119,0.252495,0.73792,1299.38,47.30959,46.99736
3,4,5,Beam 4 (random baseline),unj+N330+E131,1.244655,0.321955,0.65242,1614.35,19.44194,16.8157
3,4,5,Beam 4 (random baseline),reo-e+N116+E111,1.139096,0.318321,0.73276,1485.68,30.02501,12.76814
3,4,5,Beam 4 (random baseline),sms+N146+E222,1.360171,0.480196,0.6146,1924.28,18.40014,10.58884
3,4,5,Beam 4 (random baseline),zni+N435+E10,0.967438,0.086238,0.8875,667.44,29.7626,24.21548
3,4,5,Beam 4 (random baseline),soj+N102+E202,1.66613,0.602703,0.44728,2176.05,12.07953,9.73219
3,4,5,Beam 4 (random baseline),xfe+N446+E233,1.915533,0.860976,0.34558,2591.39,10.27588,6.84454
3,4,5,Beam 4 (random baseline),yfj+N254+E187,1.27642,0.296307,0.71784,1482.52,26.74172,23.65286
3,4,5,Beam 4 (random baseline),sml+N221+E216,1.93045,1.11465,0.36594,2706.26,10.07122,7.83749
3,5,6,Beam 1 (full hypothesis),msw+N612+E149,2.934744,1.30058,0.13794,2000.63,6.17566,4.56326
3,5,6,Beam 1 (full hypothesis),wiu+N59+E185,2.6882,1.87987,0.19336,2282.36,8.25002,4.20199
3,5,6,Beam 1 (full hypothesis),wmd+N125+E206,2.013857,1.45546,0.16956,1825.05,8.74431,5.44495
3,5,6,Beam 1 (full hypothesis),soj+N666+E202,3.034041,1.4689,0.09174,2081.11,5.40065,2.89332
3,5,6,Beam 1 (full hypothesis),wmx+N384+E185,1.849386,2.02054,0.13194,1741.69,7.816,4.4682
3,5,6,Beam 1 (full hypothesis),whn+N568+E149,3.361138,1.20159,0.18792,2572.04,7.4039,3.9724
3,5,6,Beam 1 (full hypothesis),whh+N622+E48,2.386456,1.1117,0.18338,2045.82,9.37891,3.71397
3,5,6,Beam 1 (full hypothesis),wis+N453+E228,2.07641,1.32198,0.20598,2572.37,7.34491,4.74817
3,5,6,Beam 1 (full hypothesis),hxg+N77+E81,3.491509,1.46077,0.1191,2170.89,5.89235,3.61179
3,5,6,Beam 1 (full hypothesis),qtz-e+N465+E89,2.789608,1.42883,0.0555,1273.78,5.84016,3.36167
3,5,6,Beam 2 (chemistry),smo+N541+E11,1.453979,0.401058,0.65254,1535.7,25.6147,14.61375
3,5,6,Beam 2 (chemistry),wmr+N268+E24,1.185223,0.272129,0.74652,1310.26,43.77571,43.19129
3,5,6,Beam 2 (chemistry),whe+N622+E206,1.895372,1.18351,0.27534,2023.8,11.77356,8.90898
3,5,6,Beam 2 (chemistry),wmw+N493+E120,1.734239,0.776744,0.47216,2118.3,13.8772,12.15688
3,5,6,Beam 2 (chemistry),wia+N702+E68,1.958467,0.432472,0.56118,2238.57,12.82211,8.24073
3,5,6,Beam 2 (chemistry),bcs+N384+E228,2.534346,1.17092,0.17974,2854.62,6.37489,3.79573
3,5,6,Beam 2 (chemistry),kag+N666+E89,2.143294,0.989798,0.25898,1532.03,13.60912,12.40807
3,5,6,Beam 2 (chemistry),msw+N630+E23,1.677941,0.573774,0.51506,2496.02,10.44458,6.8643
3,5,6,Beam 2 (chemistry),sni+N568+E206,2.472222,1.33738,0.22312,2010.21,10.55467,8.78049
3,5,6,Beam 2 (chemistry),wkr+N309+E63,1.737672,0.668115,0.50564,1855.8,21.83668,16.6243
3,5,6,Beam 3 (metal only),whp+N570+E66,1.427351,0.505488,0.56862,1946.44,16.37693,13.50716
3,5,6,Beam 3 (metal only),lcv-e+N85+E13,1.393459,0.324749,0.70842,1347.28,24.60302,20.5745
3,5,6,Beam 3 (metal only),wie+N49+E70,2.17664,1.37236,0.11002,1631.72,7.38319,3.72655
3,5,6,Beam 3 (metal only),whs+N494+E68,1.586249,0.359937,0.6494,1469.34,29.13219,28.25713
3,5,6,Beam 3 (metal only),osc+N453+E228,1.82061,1.01014,0.38394,2208.89,10.43216,8.63012
3,5,6,Beam 3 (metal only),wht+N465+E68,1.63356,0.457649,0.61234,1846.15,15.72354,11.89771
3,5,6,Beam 3 (metal only),wml+N116+E185,1.771179,1.61721,0.30646,2031.21,16.35387,13.18949
3,5,6,Beam 3 (metal only),smt+N630+E182,1.22713,0.570966,0.61682,1742.44,19.21664,18.48052
3,5,6,Beam 3 (metal only),whr+N568+E11,1.715784,0.482986,0.58974,1849.17,19.01114,15.79188
3,5,6,Beam 3 (metal only),whg+N476+E11,0.886652,0.452307,0.8029,846.929,43.66115,22.35639
3,5,6,Beam 4 (random baseline),sxp+N406+E108,2.325518,1.33754,0.0475,1023.0,6.7203,2.48912
3,5,6,Beam 4 (random baseline),smi+N447+E41,1.323168,0.22348,0.73916,1388.38,20.87642,19.734
3,5,6,Beam 4 (random baseline),wma+N667+E21,1.242483,0.3106,0.73674,1343.78,24.0106,20.95867
3,5,6,Beam 4 (random baseline),smp+N232+E27,1.20301,0.70748,0.52668,1983.48,18.93817,9.44005
3,5,6,Beam 4 (random baseline),lcs+N624+E7,0.889535,0.143625,0.86652,777.264,28.01046,21.74473
3,5,6,Beam 4 (random baseline),wjh+N73+E96,0.949935,0.165097,0.85178,839.079,45.64773,43.37558
3,5,6,Beam 4 (random baseline),wjd+N702+E47,1.293013,0.201563,0.76144,1264.99,32.05977,14.96865
3,5,6,Beam 4 (random baseline),ecu+N368+E61,1.575039,0.335786,0.6515,1717.28,18.30926,13.86868
3,5,6,Beam 4 (random baseline),wmm+N508+E138,1.911865,0.677463,0.424,2122.07,16.91282,14.7031
3,5,6,Beam 4 (random baseline),tzs+N513+E216,1.272398,0.270619,0.68616,1444.83,25.08574,21.2448
3,6,7,Beam 1 (full hypothesis),rob+N265+E73,3.506293,1.33436,0.10168,2119.43,5.70537,3.22396
3,6,7,Beam 1 (full hypothesis),sol+N568+E25,4.210282,1.19168,0.14932,2392.32,6.27212,3.69984
3,6,7,Beam 1 (full hypothesis),wma+N105+E84,2.744125,1.17532,0.16792,1987.98,7.40985,4.43524
3,6,7,Beam 1 (full hypothesis),vbq+N666+E202,3.485063,1.37921,0.12304,2463.65,5.98917,3.92185
3,6,7,Beam 1 (full hypothesis),vmk+N309+E95,2.991425,1.40998,0.0971,1911.76,6.4802,3.49726
3,6,7,Beam 1 (full hypothesis),qtz-x+N384+E138,3.199076,1.17464,0.11442,2358.73,5.24671,3.85476
3,6,7,Beam 1 (full hypothesis),wha+N341+E95,3.106413,1.42466,0.0848,1496.18,6.64639,2.3295
3,6,7,Beam 1 (full hypothesis),cap+N694+E68,3.892764,1.18927,0.08512,1897.17,5.46136,3.2029
3,6,7,Beam 1 (full hypothesis),hxg+N666+E202,3.192578,1.52544,0.12348,2092.41,5.92365,3.4528
3,6,7,Beam 1 (full hypothesis),hxg+N309+E202,1.866897,1.52625,0.06622,1622.39,4.98112,3.06273
3,6,7,Beam 2 (chemistry),wmh+N612+E73,1.79994,0.949654,0.33176,2099.91,12.40571,7.97299
3,6,7,Beam 2 (chemistry),wiq+N645+E73,1.774025,0.683046,0.45022,2241.74,13.47462,9.39001
3,6,7,Beam 2 (chemistry),snl+N478+E202,1.371465,0.361912,0.65728,1772.52,18.2849,13.35836
3,6,7,Beam 2 (chemistry),vmg+N476+E11,0.919915,0.54866,0.75726,1027.67,23.50802,21.78051
3,6,7,Beam 2 (chemistry),sxk+N286+E25,2.063864,0.74822,0.44572,2131.64,13.4876,9.04196
3,6,7,Beam 2 (chemistry),sda+N384+E138,2.574961,1.1016,0.17534,2472.24,6.34867,4.03479
3,6,7,Beam 2 (chemistry),wkk+N309+E202,1.576268,0.561167,0.5836,1780.94,34.77455,34.40082
3,6,7,Beam 2 (chemistry),wht+N666+E85,2.248041,0.740419,0.40806,2300.88,10.41096,7.47716
3,6,7,Beam 2 (chemistry),wks+N453+E11,1.648535,0.505505,0.57838,1871.51,20.22472,16.0494
3,6,7,Beam 2 (chemistry),wmd+N568+E73,2.236935,1.19937,0.24368,1966.04,10.20233,7.25089
3,6,7,Beam 3 (metal only),vmk+N554+E25,2.088644,0.670105,0.45862,2055.1,13.80009,11.49424
3,6,7,Beam 3 (metal only),snl+N667+E186,2.059625,1.01147,0.37264,2583.96,9.57924,7.10369
3,6,7,Beam 3 (metal only),whf+N475+E95,1.798271,1.27001,0.18012,1614.27,10.08972,8.22572
3,6,7,Beam 3 (metal only),sxl+N309+E92,1.610569,0.619487,0.54068,1689.89,20.85364,13.74383
3,6,7,Beam 3 (metal only),whn+N506+E8,1.394869,0.393602,0.64194,1815.41,16.56477,11.23696
3,6,7,Beam 3 (metal only),sxa+N384+E63,3.015581,1.10947,0.19876,2482.49,6.694,4.94745
3,6,7,Beam 3 (metal only),whd+N630+E45,1.253566,0.537703,0.6243,1818.51,21.14162,17.4886
3,6,7,Beam 3 (metal only),acs+N666+E66,2.075022,0.898102,0.38412,2768.57,8.77619,6.76736
3,6,7,Beam 3 (metal only),snh+N568+E23,1.719667,0.594553,0.51028,2213.96,18.31284,8.24953
3,6,7,Beam 3 (metal only),sxn+N476+E18,0.883391,0.565945,0.77224,907.158,40.3627,27.02549
3,6,7,Beam 4 (random baseline),wiy+N320+E20,0.89431,0.155876,0.84934,850.615,29.88341,23.17533
3,6,7,Beam 4 (random baseline),wjz+N364+E82,1.079809,0.203476,0.82316,934.859,57.12909,55.7644
3,6,7,Beam 4 (random baseline),whv+N553+E25,1.551077,0.335283,0.64688,1755.04,19.71423,12.1497
3,6,7,Beam 4 (random baseline),pcu+N406+E194,1.014487,0.196536,0.77794,1196.1,21.69587,15.56318
3,6,7,Beam 4 (random baseline),wfi+N462+E72,2.628569,1.01718,0.18962,2615.86,7.15942,4.16426
3,6,7,Beam 4 (random baseline),wme+N476+E194,0.834086,0.228642,0.88528,569.036,55.35961,29.26148
3,6,7,Beam 4 (random baseline),unu+N492+E35,1.108574,0.196896,0.76916,1209.68,22.86616,14.00408
3,6,7,Beam 4 (random baseline),flu-e+N569+E9,0.985389,0.155992,0.84718,814.49,50.99532,18.0185
3,6,7,Beam 4 (random baseline),wji+N44+E57,1.386338,0.313803,0.662,1531.84,24.47152,22.45538
3,6,7,Beam 4 (random baseline),uoe+N76+E35,1.060295,0.150591,0.83186,916.879,32.4563,28.43467
3,7,8,Beam 1 (full hypothesis),rob+N77+E138,3.359301,1.62147,0.11144,2174.97,5.93461,3.41613
3,7,8,Beam 1 (full hypothesis),hxg+N286+E63,2.910815,1.69964,0.08684,1679.69,5.10882,2.79722
3,7,8,Beam 1 (full hypothesis),sda+N475+E14,2.85107,1.2387,0.10816,2152.17,5.54186,3.56552
3,7,8,Beam 1 (full hypothesis),qtz-x+N309+E25,4.279096,1.20919,0.09548,2173.8,6.24816,3.85711
3,7,8,Beam 1 (full hypothesis),bcs+N287+E138,3.297224,1.48009,0.0903,1718.64,6.28849,3.39414
3,7,8,Beam 1 (full hypothesis),sda+N287+E95,2.640497,1.4132,0.09082,1999.87,5.82767,2.95098
3,7,8,Beam 1 (full hypothesis),hxg+N541+E132,2.141934,1.27985,0.1325,2483.5,6.13106,3.754
3,7,8,Beam 1 (full hypothesis),snw+N475+E132,2.62499,1.2809,0.1083,2117.06,5.47583,4.07636
3,7,8,Beam 1 (full hypothesis),wha+N480+E138,2.451622,1.27036,0.08968,1722.58,6.33085,3.69117
3,7,8,Beam 1 (full hypothesis),vcf+N602+E89,2.856439,1.28925,0.08892,1645.58,6.57561,3.60059
3,7,8,Beam 2 (chemistry),whe+N480+E131,2.139121,0.960551,0.3096,2114.7,14.33162,11.6399
3,7,8,Beam 2 (chemistry),wkl+N148+E81,1.858919,0.420714,0.59706,1753.56,34.1178,33.7658
3,7,8,Beam 2 (chemistry),sxi+N85+E85,2.288289,0.525802,0.50068,2146.93,17.23048,9.53061
3,7,8,Beam 2 (chemistry),som+N59+E120,1.880207,0.689929,0.45768,2505.62,11.29326,6.96424
3,7,8,Beam 2 (chemistry),osa+N378+E11,1.141108,0.255817,0.7811,1081.29,29.31505,28.44126
3,7,8,Beam 2 (chemistry),whi+N77+E14,2.037701,1.0451,0.38824,2380.52,12.80871,10.11065
3,7,8,Beam 2 (chemistry),wip+N630+E48,1.629553,0.797355,0.42254,2096.99,13.9009,9.75613
3,7,8,Beam 2 (chemistry),wib+N309+E73,2.53479,0.96753,0.27942,2579.57,9.46156,6.11038
3,7,8,Beam 2 (chemistry),smk+N162+E25,2.238417,0.453965,0.51328,2244.28,17.25838,15.93554
3,7,8,Beam 2 (chemistry),vbl+N478+E89,1.946636,0.481732,0.52958,1948.56,17.6395,11.21266
3,7,8,Beam 3 (metal only),whq+N269+E73,1.378082,0.401155,0.6403,1688.09,25.20668,17.80772
3,7,8,Beam 3 (metal only),vmk+N274+E25,2.752069,0.593328,0.35804,2669.06,10.1804,6.34113
3,7,8,Beam 3 (metal only),kag+N441+E45,1.145021,0.378251,0.73134,1283.32,26.03365,20.45277
3,7,8,Beam 3 (metal only),smd+N55+E24,1.328129,0.265432,0.7036,1565.18,25.97504,21.47184
3,7,8,Beam 3 (metal only),sxn+N309+E185,1.371178,1.41015,0.41376,1583.89,17.49766,10.15684
3,7,8,Beam 3 (metal only),vme+N630+E63,1.575656,0.660674,0.52294,2073.89,13.13923,9.99882
3,7,8,Beam 3 (metal only),whp+N77+E228,1.751853,1.1709,0.36656,2315.81,11.0046,8.09103
3,7,8,Beam 3 (metal only),vbl+N489+E48,2.488504,0.561606,0.41886,2254.75,14.65712,8.09478
3,7,8,Beam 3 (metal only),vcf+N541+E204,1.778341,0.88253,0.38792,2441.61,12.14317,6.64592
3,7,8,Beam 3 (metal only),sxj+N501+E16,1.270565,0.343226,0.71174,1298.11,25.02267,22.26621
3,7,8,Beam 4 (random baseline),sos+N587+E9,1.130644,0.280569,0.721,1512.14,21.07834,16.92061
3,7,8,Beam 4 (random baseline),sne+N554+E131,1.979111,0.810374,0.40446,2464.3,10.93526,7.64573
3,7,8,Beam 4 (random baseline),ukh+N136+E68,0.985035,0.118899,0.87442,703.343,35.02323,22.74016
3,7,8,Beam 4 (random baseline),unt+N697+E176,1.045467,0.195367,0.80786,986.727,40.08582,25.23822
3,7,8,Beam 4 (random baseline),smd+N59+E201,1.797073,0.620741,0.50488,2358.55,16.99195,12.75653
3,7,8,Beam 4 (random baseline),sol+N613+E234,1.626793,0.318206,0.65232,1691.51,19.3118,15.15564
3,7,8,Beam 4 (random baseline),uoz+N390+E151,1.261579,0.406253,0.6009,1932.71,15.91958,14.83369
3,7,8,Beam 4 (random baseline),lcv-e+N92+E63,1.699904,0.645844,0.62028,1311.62,20.97239,16.57558
3,7,8,Beam 4 (random baseline),wmm+N208+E138,1.720063,0.438965,0.6231,1812.18,27.04801,24.70254
3,7,8,Beam 4 (random baseline),wse+N719+E233,0.924293,0.0921416,0.9012,526.007,88.16474,43.04933
3,8,9,Beam 1 (full hypothesis),bcs+N283+E228,2.463536,1.25221,0.12846,2571.88,6.08824,3.40644
3,8,9,Beam 1 (full hypothesis),sda+N453+E95,2.966084,1.43146,0.10532,2094.94,6.1441,3.50041
3,8,9,Beam 1 (full hypothesis),rob+N287+E186,1.928832,1.37976,0.09326,2146.26,4.68148,3.74499
3,8,9,Beam 1 (full hypothesis),sda+N77+E185,2.372056,2.47146,0.08116,1801.29,5.39086,2.89745
3,8,9,Beam 1 (full hypothesis),qtz-x+N36+E206,2.923389,1.33821,0.15804,2591.65,6.12289,4.01703
3,8,9,Beam 1 (full hypothesis),vbq+N283+E84,3.785339,1.18361,0.12326,1949.18,6.44656,3.87564
3,8,9,Beam 1 (full hypothesis),bcs+N622+E228,2.37864,1.43319,0.09114,2095.28,6.63203,3.05984
3,8,9,Beam 1 (full hypothesis),vcz+N214+E206,2.742591,1.25101,0.13784,2217.38,6.48461,3.596
3,8,9,Beam 1 (full hypothesis),sda+N548+E92,3.302162,1.1509,0.15628,2540.48,5.63442,4.0126
3,8,9,Beam 1 (full hypothesis),vda+N382+E204,2.899634,1.49803,0.11588,2254.63,6.77232,3.27319
3,8,9,Beam 2 (chemistry),smv+N341+E24,1.287935,0.328101,0.69336,1412.13,35.18661,33.78405
3,8,9,Beam 2 (chemistry),vmi+N694+E95,2.574068,0.982119,0.22142,2515.44,7.88194,5.10312
3,8,9,Beam 2 (chemistry),wkm+N143+E53,1.51022,0.358023,0.70296,1485.09,37.30388,36.48117
3,8,9,Beam 2 (chemistry),sxe+N77+E11,1.726789,0.660137,0.55042,1903.58,16.11468,10.36576
3,8,9,Beam 2 (chemistry),vbt+N560+E81,1.574754,0.399375,0.60502,1785.09,18.41926,15.86685
3,8,9,Beam 2 (chemistry),wmh+N208+E48,1.680752,0.408231,0.63714,1704.38,20.18538,15.09725
3,8,9,Beam 2 (chemistry),smf+N521+E96,1.168946,0.253697,0.7405,1225.65,41.06026,39.04839
3,8,9,Beam 2 (chemistry),wkl+N465+E147,1.719892,0.554405,0.55172,1625.32,25.85421,24.51813
3,8,9,Beam 2 (chemistry),vbn+N384+E92,2.095135,0.777274,0.3716,2476.4,10.0336,7.0676
3,8,9,Beam 2 (chemistry),wib+N501+E92,1.269393,0.394829,0.67466,1452.53,23.77338,17.60119
3,8,9,Beam 3 (metal only),vbu+N36+E8,1.46309,0.503752,0.60736,1888.51,16.79382,13.25996
3,8,9,Beam 3 (metal only),wij+N476+E151,0.870114,0.569252,0.76502,984.371,43.97603,42.07101
3,8,9,Beam 3 (metal only),smi+N554+E18,1.720053,0.640588,0.47044,2356.94,11.68801,10.31871
3,8,9,Beam 3 (metal only),snv+N283+E92,1.701841,0.603327,0.52228,1755.14,23.76681,11.8839
3,8,9,Beam 3 (metal only),wmh+N441+E70,1.177436,0.392524,0.71868,1281.33,25.09709,18.71562
3,8,9,Beam 3 (metal only),wkk+N630+E186,1.246659,0.466725,0.65374,1569.0,34.52029,34.07521
3,8,9,Beam 3 (metal only),wmi+N491+E57,1.37926,0.609896,0.51774,2238.71,17.19323,7.31501
3,8,9,Beam 3 (metal only),wkg+N198+E38,1.196244,0.424755,0.6439,1826.58,16.38823,13.46478
3,8,9,Beam 3 (metal only),whu+N208+E81,1.348292,0.248477,0.77246,1156.77,34.33117,33.2354
3,8,9,Beam 3 (metal only),whs+N309+E206,1.89919,1.01562,0.36888,1872.78,16.52481,15.95952
3,8,9,Beam 4 (random baseline),ukd+N387+E195,1.060551,0.341153,0.73618,1419.45,20.01104,13.51616
3,8,9,Beam 4 (random baseline),afi+N450+E25,1.191145,0.230428,0.7475,1365.81,35.18848,30.80038
3,8,9,Beam 4 (random baseline),sxe+N400+E72,1.291231,0.838889,0.56184,1864.25,18.63482,10.34633
3,8,9,Beam 4 (random baseline),vmu+N375+E223,1.610521,0.386281,0.60222,1872.97,15.65421,12.58969
3,8,9,Beam 4 (random baseline),umc+N32+E201,1.042881,0.240016,0.78004,1197.34,20.27203,17.46419
3,8,9,Beam 4 (random baseline),uoo+N395+E37,0.830631,0.625459,0.74136,1166.52,23.17524,16.7243
3,8,9,Beam 4 (random baseline),vmz+N166+E78,1.902336,0.522935,0.44456,2537.06,10.15592,8.68995
3,8,9,Beam 4 (random baseline),wij+N559+E179,1.499503,0.280606,0.68944,1477.13,31.1569,29.2797
3,8,9,Beam 4 (random baseline),osc+N483+E228,1.384001,0.389588,0.61934,1715.79,18.48069,14.71829
3,8,9,Beam 4 (random baseline),ukh+N87+E41,1.101479,0.230914,0.7579,1436.76,19.02538,13.62709
3,9,10,Beam 1 (full hypothesis),sxa+N287+E185,2.704318,2.02689,0.13084,2060.3,6.1819,3.88331
3,9,10,Beam 1 (full hypothesis),qtz-x+N694+E158,2.321774,1.2308,0.08396,1919.27,5.401,2.65555
3,9,10,Beam 1 (full hypothesis),rob+N576+E205,3.051063,1.21266,0.14846,2095.82,6.77844,3.59965
3,9,10,Beam 1 (full hypothesis),acs+N568+E84,4.145144,1.2248,0.13142,2088.19,6.56401,3.8294
3,9,10,Beam 1 (full hypothesis),qtz-x+N643+E149,3.313351,1.16328,0.11798,2524.27,5.92008,3.53517
3,9,10,Beam 1 (full hypothesis),hxg+N278+E120,2.299284,1.45319,0.13824,2044.91,6.76487,3.8745
3,9,10,Beam 1 (full hypothesis),wmd+N493+E108,3.057057,1.64169,0.08798,1646.38,6.02918,3.37362
3,9,10,Beam 1 (full hypothesis),sol+N283+E95,2.873618,1.31871,0.09738,1830.23,6.84902,2.96566
3,9,10,Beam 1 (full hypothesis),qtz-x+N548+E29,3.192284,1.21633,0.10864,2020.06,6.10413,3.00158
3,9,10,Beam 1 (full hypothesis),who+N568+E167,2.87751,1.24943,0.09384,1705.92,6.62519,3.14999
3,9,10,Beam 2 (chemistry),wme+N167+E102,1.72856,2.00684,0.21366,1800.46,12.29294,3.55888
3,9,10,Beam 2 (chemistry),wgy+N290+E147,1.598907,0.519801,0.60012,1754.05,26.34179,25.13725
3,9,10,Beam 2 (chemistry),sno+N518+E29,1.571256,0.591818,0.56238,1810.66,21.43288,19.67785
3,9,10,Beam 2 (chemistry),wmc+N529+E204,2.444217,1.12078,0.27588,2741.23,8.18436,4.69007
3,9,10,Beam 2 (chemistry),wnc+N548+E72,1.685196,0.756043,0.41466,2014.36,15.56598,7.09588
3,9,10,Beam 2 (chemistry),ske+N309+E120,1.775027,0.60956,0.47582,2455.21,11.36998,8.02447
3,9,10,Beam 2 (chemistry),wmq+N453+E205,2.036654,0.691117,0.47398,1654.26,29.60041,28.27629
3,9,10,Beam 2 (chemistry),pcu+N465+E29,2.533592,0.92229,0.27492,2640.45,7.84708,5.89678
3,9,10,Beam 2 (chemistry),wmo+N568+E92,1.908595,0.904031,0.3769,2157.77,12.15289,7.34264
3,9,10,Beam 2 (chemistry),whv+N77+E185,2.032174,1.92133,0.24328,2109.78,8.97714,5.75894
3,9,10,Beam 3 (metal only),vbx+N148+E71,2.369339,0.922239,0.19058,1987.0,10.9572,3.28672
3,9,10,Beam 3 (metal only),sxn+N179+E181,1.308654,0.369802,0.6858,1346.73,27.20307,17.52958
3,9,10,Beam 3 (metal only),wma+N696+E44,1.706133,0.824145,0.35916,2800.77,8.99924,7.75605
3,9,10,Beam 3 (metal only),vmg+N667+E147,1.957669,0.635974,0.51404,2192.9,12.19548,9.65526
3,9,10,Beam 3 (metal only),wkk+N384+E127,1.385242,0.544418,0.53924,1864.44,27.17956,26.61065
3,9,10,Beam 3 (metal only),wms+N273+E13,1.586071,0.656029,0.50484,1895.32,24.06963,23.24616
3,9,10,Beam 3 (metal only),vmf+N465+E48,2.458135,1.0046,0.26512,2294.86,8.50819,5.18157
3,9,10,Beam 3 (metal only),whk+N666+E181,1.452635,0.463682,0.60916,1881.16,19.47575,9.63797
3,9,10,Beam 3 (metal only),sma+N309+E149,2.482881,0.839109,0.3614,2529.7,11.31858,9.83663
3,9,10,Beam 3 (metal only),wmu+N453+E71,2.368692,0.980904,0.30032,2102.42,12.16301,9.84341
3,9,10,Beam 4 (random baseline),ukm+N136+E160,1.304392,0.243563,0.74024,1393.43,22.04997,13.9796
3,9,10,Beam 4 (random baseline),wmo+N314+E66,1.775869,0.612606,0.49002,2134.86,14.76469,9.66878
3,9,10,Beam 4 (random baseline),lvt+N524+E110,1.230648,0.261361,0.7132,1558.94,18.63546,16.49494
3,9,10,Beam 4 (random baseline),sst+N2+E107,1.599335,0.330023,0.637,1640.33,28.82428,18.95213
3,9,10,Beam 4 (random baseline),wfe+N326+E111,1.556809,0.492753,0.53704,2127.06,18.4805,10.34924
3,9,10,Beam 4 (random baseline),wmf+N356+E202,1.714411,0.589275,0.46696,2274.11,13.61064,6.27073
3,9,10,Beam 4 (random baseline),wjn+N364+E187,1.459447,0.278278,0.69718,1569.55,22.95576,14.99508
3,9,10,Beam 4 (random baseline),whi+N638+E48,1.717696,0.659991,0.46794,2083.02,16.86975,13.45447
3,9,10,Beam 4 (random baseline),wge+N332+E84,1.290632,0.292098,0.73294,1261.55,33.17072,24.28752
3,9,10,Beam 4 (random baseline),snk+N198+E150,1.867295,0.525154,0.49434,2334.84,11.72761,8.19848
3,10,11,Beam 1 (full hypothesis),wie+N341+E84,3.133377,1.22526,0.08718,1639.72,6.62022,3.42853
3,10,11,Beam 1 (full hypothesis),cap+N309+E81,3.715151,1.23417,0.09356,2025.86,5.53369,3.1531
3,10,11,Beam 1 (full hypothesis),bcs+N667+E25,4.223757,1.47842,0.1062,1923.84,6.41691,3.46765
3,10,11,Beam 1 (full hypothesis),wha+N465+E25,3.578569,1.25539,0.10602,1922.98,6.5615,2.9438
3,10,11,Beam 1 (full hypothesis),vmk+N568+E25,4.012918,1.36111,0.09514,1826.65,6.40588,3.76316
3,10,11,Beam 1 (full hypothesis),qtz-x+N666+E85,4.938732,1.24192,0.106,2240.32,5.63873,3.27091
3,10,11,Beam 1 (full hypothesis),sxc+N453+E84,3.633164,1.23528,0.10636,2046.09,6.79232,3.12981
3,10,11,Beam 1 (full hypothesis),msw+N438+E25,3.216378,1.23523,0.08738,2048.49,5.36635,2.76363
3,10,11,Beam 1 (full hypothesis),wiu+N343+E84,4.121056,1.21466,0.10068,1898.62,6.53339,2.96919
3,10,11,Beam 1 (full hypothesis),sxa+N287+E84,4.416109,1.18465,0.12328,2061.54,6.03906,3.42602
3,10,11,Beam 2 (chemistry),wmz+N553+E84,2.261046,0.519554,0.47826,2247.44,13.43194,9.65497
3,10,11,Beam 2 (chemistry),sma+N214+E11,1.741399,0.382858,0.61458,1878.37,19.09464,17.92854
3,10,11,Beam 2 (chemistry),wmq+N77+E85,1.9434,0.743958,0.53072,1694.34,36.53156,34.73877
3,10,11,Beam 2 (chemistry),vbs+N36+E11,1.805934,0.534162,0.5479,2033.5,13.96228,11.43922
3,10,11,Beam 2 (chemistry),sxg+N240+E11,1.967984,0.48683,0.48204,2032.05,15.78878,9.42535
3,10,11,Beam 2 (chemistry),msw+N309+E11,2.417772,0.669459,0.421,2559.87,9.16749,7.85983
3,10,11,Beam 2 (chemistry),sme+N384+E85,3.357422,0.935483,0.22726,2664.62,7.99624,4.28206
3,10,11,Beam 2 (chemistry),lcs-e+N622+E25,2.127494,0.874221,0.32012,2054.71,10.44329,7.41981
3,10,11,Beam 2 (chemistry),wgy+N465+E81,1.867162,0.54481,0.54158,1836.32,23.81429,21.93478
3,10,11,Beam 2 (chemistry),vbw+N666+E81,1.789058,0.528901,0.559,1966.39,18.67805,9.85517
3,10,11,Beam 3 (metal only),vbo+N179+E184,2.443057,0.880969,0.31326,2288.98,9.97837,7.16963
3,10,11,Beam 3 (metal only),sny+N453+E53,1.342879,0.337268,0.75262,1152.11,40.44557,39.39723
3,10,11,Beam 3 (metal only),acs+N560+E53,1.553533,0.413779,0.62598,1913.21,13.91321,12.09087
3,10,11,Beam 3 (metal only),vmi+N116+E186,1.504714,0.785624,0.48362,2247.09,11.71357,9.42261
3,10,11,Beam 3 (metal only),wmv+N591+E66,1.481911,0.415689,0.61156,1862.68,17.41827,13.95734
3,10,11,Beam 3 (metal only),vmg+N125+E186,1.692292,0.829024,0.41268,2249.0,10.32142,7.78414
3,10,11,Beam 3 (metal only),sxa+N77+E11,2.319616,0.83115,0.44012,2412.84,10.23456,7.25615
3,10,11,Beam 3 (metal only),wgv+N568+E70,2.539672,1.19853,0.22584,2504.94,9.20468,4.21034
3,10,11,Beam 3 (metal only),wnc+N309+E70,1.8486,0.813875,0.44506,2262.64,14.50754,6.94313
3,10,11,Beam 3 (metal only),sne+N666+E44,1.7133,0.835204,0.4394,2562.9,10.22349,7.11255
3,10,11,Beam 4 (random baseline),bcs-a+N206+E50,1.64304,1.0258,0.34762,2470.39,9.08633,6.14429
3,10,11,Beam 4 (random baseline),uoq+N624+E234,1.058975,0.216069,0.79514,1062.58,41.52498,38.73542
3,10,11,Beam 4 (random baseline),smc+N447+E189,1.699462,0.332793,0.63794,1711.4,18.86687,13.6265
3,10,11,Beam 4 (random baseline),rho+N631+E81,0.998996,0.169674,0.86304,669.819,62.29329,35.03133
3,10,11,Beam 4 (random baseline),smh+N555+E73,1.311695,0.549849,0.62338,1464.32,30.00149,29.70759
3,10,11,Beam 4 (random baseline),whu+N602+E9,0.92818,0.163704,0.85224,809.349,45.02224,44.0081
3,10,11,Beam 4 (random baseline),wmr+N55+E225,1.094215,0.149748,0.82726,892.911,57.48384,55.84867
3,10,11,Beam 4 (random baseline),hex+N131+E89,2.798506,1.25578,0.08328,1699.56,4.8326,3.28437
3,10,11,Beam 4 (random baseline),uma+N435+E134,1.11493,0.141391,0.82154,896.057,45.93263,37.30153
3,10,11,Beam 4 (random baseline),ukj+N513+E165,1.729813,0.465514,0.49684,2118.9,12.44351,8.79192
4,1,1,Beam 1 (full hypothesis),wmh+N536+E96,1.372898,0.431223,0.60104,1831.03,19.02265,16.63604
4,1,1,Beam 1 (full hypothesis),whd+N334+E40,1.473635,0.33212,0.67842,1514.46,28.68009,19.85981
4,1,1,Beam 1 (full hypothesis),oof+N625+E123,1.773712,1.1068,0.43882,2416.33,11.61781,9.06131
4,1,1,Beam 1 (full hypothesis),thp-x+N565+E73,3.204255,0.939915,0.22944,2283.76,9.19562,4.98884
4,1,1,Beam 1 (full hypothesis),cap+N536+E163,2.269613,0.833468,0.32284,2507.65,8.51132,7.21748
4,1,1,Beam 1 (full hypothesis),ecl+N348+E12,1.430864,0.409067,0.61652,1914.91,16.63677,11.08583
4,1,1,Beam 1 (full hypothesis),wnc+N15+E40,1.170129,0.351138,0.73706,1166.34,29.13109,17.91215
4,1,1,Beam 1 (full hypothesis),lhb+N625+E25,3.344694,1.6555,0.21638,2470.81,8.18341,4.79911
4,1,1,Beam 1 (full hypothesis),rgd+N565+E181,2.253608,0.574157,0.46546,2176.99,19.75303,11.2967
4,1,1,Beam 1 (full hypothesis),vcz+N536+E48,2.800387,1.20125,0.12172,1909.25,6.57624,3.53336
4,1,1,Beam 2 (chemistry),gpu+N510+E36,1.446276,0.517118,0.57884,2072.74,14.31575,10.2931
4,1,1,Beam 2 (chemistry),smp+N9+E2,1.141787,0.218797,0.77126,1173.07,43.40095,17.72123
4,1,1,Beam 2 (chemistry),wjd+N481+E24,1.42604,0.409517,0.62308,1909.86,15.86415,10.77048
4,1,1,Beam 2 (chemistry),tce+N490+E92,2.615943,1.75473,0.21526,2288.22,9.59075,4.11485
4,1,1,Beam 2 (chemistry),rgd+N565+E142,2.499048,0.606679,0.44124,2206.4,17.79012,11.35243
4,1,1,Beam 2 (chemistry),bsn+N14+E131,1.536829,1.17877,0.30746,2340.25,9.50542,7.57995
4,1,1,Beam 2 (chemistry),wif+N9+E25,1.839989,1.5133,0.0,0.0,4.50584,1.84657
4,1,1,Beam 2 (chemistry),wfe+N625+E228,1.547008,1.49822,0.37052,2114.84,14.93795,7.08686
4,1,1,Beam 2 (chemistry),xii+N565+E16,3.934224,0.896238,0.23508,2206.82,11.77515,6.61848
4,1,1,Beam 2 (chemistry),vmw+N241+E81,2.273879,0.913038,0.38534,2379.38,12.0017,6.8982
4,1,1,Beam 3 (metal only),vda+N334+E63,2.527959,1.05729,0.21634,2572.15,7.3209,5.20577
4,1,1,Beam 3 (metal only),sxi+N536+E184,2.68083,0.914007,0.29574,2210.43,10.11694,5.8026
4,1,1,Beam 3 (metal only),sxi+N15+E131,1.276758,0.874435,0.50102,1714.82,17.12433,13.56029
4,1,1,Beam 3 (metal only),bcg+N625+E206,1.60242,2.20898,0.11696,1709.02,7.74735,3.94839
4,1,1,Beam 3 (metal only),xii+N565+E3,2.653404,0.587969,0.44788,2250.4,17.09843,9.24352
4,1,1,Beam 3 (metal only),vme+N334+E33,1.215475,0.259648,0.7356,1495.99,19.3133,14.69223
4,1,1,Beam 3 (metal only),sok+N536+E23,1.337143,0.336281,0.68142,1609.95,23.66034,21.2708
4,1,1,Beam 3 (metal only),vmf+N15+E226,2.190606,1.67112,0.13622,1787.35,7.92069,4.16203
4,1,1,Beam 3 (metal only),ecr+N625+E166,1.965349,1.5803,0.33348,2337.29,9.83495,7.76851
4,1,1,Beam 3 (metal only),xii+N565+E165,3.310112,1.04671,0.18676,1708.41,12.22288,5.71009
4,1,1,Beam 4 (random baseline),ukf+N464+E11,1.066206,0.134407,0.84712,831.462,30.25293,24.31297
4,1,1,Beam 4 (random baseline),sml+N220+E85,2.505291,0.895519,0.35798,2470.7,11.81126,10.47244
4,1,1,Beam 4 (random baseline),sod-e+N148+E68,1.58149,0.349425,0.6738,1505.53,26.73842,15.85041
4,1,1,Beam 4 (random baseline),uma+N631+E233,0.97826,0.224652,0.83004,816.772,45.7078,37.44803
4,1,1,Beam 4 (random baseline),vbq+N55+E189,1.668303,0.370188,0.60718,1847.12,18.13317,13.02177
4,1,1,Beam 4 (random baseline),ech+N217+E20,1.418592,0.319369,0.66588,1620.55,24.36175,13.85265
4,1,1,Beam 4 (random baseline),neb+N156+E95,1.513866,0.638774,0.49814,2485.72,11.01892,7.7863
4,1,1,Beam 4 (random baseline),pcl+N158+E97,0.932467,0.0726616,0.9041,525.623,43.88534,34.068
4,1,1,Beam 4 (random baseline),smm+N486+E65,1.254956,0.349669,0.68962,1609.22,23.11093,21.86139
4,1,1,Beam 4 (random baseline),ecg+N171+E50,1.725122,1.73201,0.14918,1970.24,8.14912,7.51987
4,2,2,Beam 1 (full hypothesis),thp-x+N565+E204,3.782833,1.146,0.17966,2179.66,9.13453,4.60096
4,2,2,Beam 1 (full hypothesis),hex+N625+E85,2.486032,1.40363,0.3032,2466.45,8.42271,5.99312
4,2,2,Beam 1 (full hypothesis),thp-x+N565+E29,3.522851,0.943951,0.22638,2222.47,9.56782,4.61297
4,2,2,Beam 1 (full hypothesis),tce+N490+E228,1.983307,1.82845,0.20456,2176.37,9.13166,5.12131
4,2,2,Beam 1 (full hypothesis),thp-x+N565+E131,3.324507,1.06551,0.18712,2170.29,7.99938,4.97187
4,2,2,Beam 1 (full hypothesis),mob+N490+E163,2.58395,1.12131,0.32758,2649.24,10.17186,5.4464
4,2,2,Beam 1 (full hypothesis),thp-x+N565+E206,3.098686,1.19326,0.1627,2050.01,8.09163,4.75251
4,2,2,Beam 1 (full hypothesis),wfj+N625+E85,2.558467,1.41278,0.30706,2417.01,10.23243,6.43412
4,2,2,Beam 1 (full hypothesis),hcp+N565+E186,2.908511,0.859266,0.29872,2381.43,10.48202,6.35996
4,2,2,Beam 1 (full hypothesis),ile+N490+E163,2.930176,1.44384,0.18808,2345.96,7.81605,4.87208
4,2,2,Beam 2 (chemistry),ecl+N625+E147,2.000832,1.07009,0.41662,2376.29,12.39185,9.19328
4,2,2,Beam 2 (chemistry),xii+N565+E226,2.824299,1.34045,0.0544,950.996,8.1217,2.24004
4,2,2,Beam 2 (chemistry),sou+N625+E179,2.122249,0.962377,0.45258,2420.29,12.82759,8.36565
4,2,2,Beam 2 (chemistry),rgd+N565+E123,2.453884,0.572295,0.47192,2165.38,18.97149,11.6825
4,2,2,Beam 2 (chemistry),icc+N625+E21,2.513949,1.31719,0.2396,2655.7,8.65735,4.86527
4,2,2,Beam 2 (chemistry),thp-x+N565+E85,3.880435,0.883316,0.2422,2303.34,9.65534,5.3634
4,2,2,Beam 2 (chemistry),ece+N625+E98,1.607408,0.572093,0.6251,1717.47,25.4039,23.63732
4,2,2,Beam 2 (chemistry),thp-x+N565+E25,3.562777,0.938796,0.20676,2171.07,9.53184,4.87779
4,2,2,Beam 2 (chemistry),wfj+N625+E186,1.855129,1.55225,0.33338,2368.54,10.0048,6.57113
4,2,2,Beam 2 (chemistry),thp-x+N565+E81,3.131423,0.742094,0.33466,2320.56,11.93155,5.88867
4,2,2,Beam 3 (metal only),ecu+N625+E33,1.300257,0.585153,0.65444,1824.43,15.6879,13.53182
4,2,2,Beam 3 (metal only),thp-x+N565+E37,3.116988,0.922608,0.26102,2362.15,9.64788,5.73541
4,2,2,Beam 3 (metal only),vmv+N625+E95,2.356531,1.79671,0.22214,2342.15,8.04516,4.31754
4,2,2,Beam 3 (metal only),rgd+N565+E179,2.212284,0.517322,0.515,2057.05,21.88935,13.0452
4,2,2,Beam 3 (metal only),ecp+N625+E123,1.696795,1.03727,0.48024,2195.65,18.62816,14.76754
4,2,2,Beam 3 (metal only),hcp+N565+E11,2.558968,0.613227,0.42806,2235.57,13.58414,7.85526
4,2,2,Beam 3 (metal only),ecl+N625+E185,1.721754,2.44413,0.17404,1963.53,10.62625,8.52047
4,2,2,Beam 3 (metal only),thp-x+N565+E218,2.32765,0.554561,0.45296,2307.6,13.60121,7.02719
4,2,2,Beam 3 (metal only),fcu+N565+E181,2.738347,0.665251,0.3828,2458.54,12.04323,5.38509
4,2,2,Beam 3 (metal only),ecs+N625+E89,1.791052,1.48379,0.29644,1079.13,19.09031,16.73012
4,2,2,Beam 4 (random baseline),sxd+N476+E89,1.195524,0.786434,0.62828,1525.93,18.62142,15.6176
4,2,2,Beam 4 (random baseline),wmk+N143+E215,1.590147,0.445252,0.58482,1870.9,20.09209,13.86577
4,2,2,Beam 4 (random baseline),whg+N540+E173,2.47649,0.650295,0.37342,1943.31,16.45771,7.26348
4,2,2,Beam 4 (random baseline),wmc+N494+E224,1.936502,0.552756,0.38484,2468.33,10.34151,6.85737
4,2,2,Beam 4 (random baseline),rob+N382+E53,2.483329,0.787559,0.41198,2592.06,9.38273,7.23672
4,2,2,Beam 4 (random baseline),vcc+N183+E48,2.343273,0.774916,0.31728,2697.77,8.82857,5.62838
4,2,2,Beam 4 (random baseline),whd+N475+E216,2.037492,1.04082,0.22854,1531.53,11.55597,7.96958
4,2,2,Beam 4 (random baseline),qtz-e+N9+E85,1.992532,0.781308,0.39132,1912.62,11.04796,7.17119
4,2,2,Beam 4 (random baseline),smm+N645+E39,1.040733,0.151311,0.83302,923.68,36.40511,33.44376
4,2,2,Beam 4 (random baseline),wis+N195+E43,1.837701,0.5705,0.50152,2104.84,14.31184,9.16915
4,3,4,Beam 1 (full hypothesis),hcp+N565+E206,3.32046,1.08999,0.22812,2030.35,9.19882,4.63433
4,3,4,Beam 1 (full hypothesis),hcp+N565+E131,3.273482,0.964449,0.24558,2280.21,8.92994,5.10248
4,3,4,Beam 1 (full hypothesis),xii+N565+E131,3.724017,1.08385,0.18622,2052.79,10.29568,4.9802
4,3,4,Beam 1 (full hypothesis),thp-x+N565+E206,2.997041,1.19028,0.16128,2043.04,7.91167,4.54884
4,3,4,Beam 1 (full hypothesis),thp-x+N565+E131,3.317307,1.06062,0.1863,2165.71,8.53983,4.76957
4,3,4,Beam 1 (full hypothesis),xii+N565+E206,3.467758,1.20341,0.16598,1974.05,10.03481,4.51826
4,3,4,Beam 1 (full hypothesis),rgd+N565+E131,3.186828,0.877293,0.31164,2133.79,16.20832,9.55148
4,3,4,Beam 1 (full hypothesis),rgd+N565+E206,2.947943,0.986222,0.28144,2017.93,16.85556,8.936
4,3,4,Beam 1 (full hypothesis),fcu+N565+E131,4.098918,0.994287,0.21408,2468.11,8.48037,4.25154
4,3,4,Beam 1 (full hypothesis),fcu+N565+E206,3.785178,1.10018,0.18822,2395.06,8.07275,3.79689
4,3,4,Beam 4 (random baseline),uos+N424+E156,1.0525,0.144622,0.82114,938.352,30.4097,26.22163
4,3,4,Beam 4 (random baseline),wgw+N467+E199,1.312451,0.465192,0.60306,2047.8,15.42397,11.20496
4,3,4,Beam 4 (random baseline),sng+N328+E195,1.823396,0.37504,0.59462,1714.1,25.27768,14.30042
4,3,4,Beam 4 (random baseline),wle+N572+E11,1.435828,0.341315,0.6939,1505.69,27.50388,26.0464
4,3,4,Beam 4 (random baseline),wnc+N283+E189,1.621776,0.40538,0.61122,1867.26,21.19767,10.73577
4,3,4,Beam 4 (random baseline),whx+N92+E3,1.737303,0.441047,0.65394,1647.03,17.64841,13.96438
4,3,4,Beam 4 (random baseline),son+N334+E190,2.160034,0.57932,0.3848,2657.24,11.01448,8.32631
4,3,4,Beam 4 (random baseline),son+N570+E20,1.136732,0.227321,0.76618,1192.88,23.53297,19.40617
4,3,4,Beam 4 (random baseline),ftb+N651+E190,1.994554,0.495683,0.4678,2566.53,11.1278,8.7276
4,3,4,Beam 4 (random baseline),wfm+N629+E29,2.805899,0.986183,0.22412,2176.31,9.5406,5.10359
4,4,5,Beam 1 (full hypothesis),thp-x+N565+E131,3.250124,1.06551,0.18712,2170.29,7.99938,4.97187
4,4,5,Beam 1 (full hypothesis),hcp+N565+E131,3.321785,0.964449,0.24558,2280.21,8.92994,5.10248
4,4,5,Beam 1 (full hypothesis),thp-x+N565+E206,3.088522,1.19326,0.1627,2050.01,8.09163,4.75251
4,4,5,Beam 1 (full hypothesis),xii+N565+E131,3.684842,1.08384,0.18612,2052.84,10.29198,4.97904
4,4,5,Beam 1 (full hypothesis),hcp+N565+E206,3.290162,1.08999,0.22812,2030.35,9.19882,4.63433
4,4,5,Beam 1 (full hypothesis),fcu+N565+E206,3.76047,1.10018,0.18822,2395.06,8.07275,3.79689
4,4,5,Beam 1 (full hypothesis),fcu+N565+E131,3.984102,0.994287,0.21408,2468.11,8.48037,4.25154
4,4,5,Beam 1 (full hypothesis),xii+N565+E206,3.390347,1.20341,0.16598,1974.05,10.03481,4.51826
4,4,5,Beam 1 (full hypothesis),rgd+N565+E206,3.012723,0.986222,0.28144,2017.93,16.85556,8.936
4,4,5,Beam 1 (full hypothesis),rgd+N565+E131,3.184004,0.877293,0.31164,2133.79,16.20832,9.55148
4,4,5,Beam 4 (random baseline),wjg+N387+E50,1.624467,1.14125,0.26842,3105.02,8.88561,4.21135
4,4,5,Beam 4 (random baseline),vbl+N106+E51,1.202922,1.14335,0.31132,2310.52,10.27602,5.14292
4,4,5,Beam 4 (random baseline),uop+N342+E223,0.976631,0.111395,0.86294,774.375,25.85375,21.98569
4,4,5,Beam 4 (random baseline),snw+N240+E27,2.57117,1.02446,0.11338,2072.69,5.45764,4.08405
4,4,5,Beam 4 (random baseline),vce+N332+E107,1.05752,0.186671,0.82668,909.84,28.15343,25.80033
4,4,5,Beam 4 (random baseline),lcw-x+N663+E1,1.673621,0.412361,0.60902,1769.04,26.43877,7.63886
4,4,5,Beam 4 (random baseline),naz+N350+E158,1.558794,1.12091,0.30852,1601.38,18.48951,2.91179
4,4,5,Beam 4 (random baseline),uoi+N238+E51,1.112144,0.792431,0.42156,2346.11,11.10554,9.98203
4,4,5,Beam 4 (random baseline),pcb+N719+E52,1.383809,0.24825,0.72498,1454.95,24.7768,16.78318
4,4,5,Beam 4 (random baseline),nbo-a+N519+E223,0.807334,0.0281157,0.96398,211.641,74.79864,54.75021
4,5,6,Beam 1 (full hypothesis),hcp+N565+E206,3.350643,1.08999,0.22812,2030.35,9.19882,4.63433
4,5,6,Beam 1 (full hypothesis),thp-x+N565+E131,3.281466,1.06551,0.18712,2170.29,7.99938,4.97187
4,5,6,Beam 1 (full hypothesis),thp-x+N565+E206,3.042797,1.19028,0.16128,2043.04,7.91167,4.54884
4,5,6,Beam 1 (full hypothesis),hcp+N565+E131,3.337906,0.964449,0.24558,2280.21,8.92994,5.10248
4,5,6,Beam 1 (full hypothesis),xii+N565+E131,3.693002,1.08385,0.18622,2052.79,10.29568,4.9802
4,5,6,Beam 1 (full hypothesis),fcu+N565+E206,3.877908,1.10018,0.18822,2395.06,8.07275,3.79689
4,5,6,Beam 1 (full hypothesis),fcu+N565+E131,4.1267,0.994287,0.21408,2468.11,8.48037,4.25154
4,5,6,Beam 1 (full hypothesis),rgd+N565+E206,2.995022,0.986222,0.28144,2017.93,16.85556,8.936
4,5,6,Beam 1 (full hypothesis),xii+N565+E206,3.389372,1.20341,0.16598,1974.05,10.03481,4.51826
4,5,6,Beam 1 (full hypothesis),rgd+N565+E131,3.230296,0.877293,0.31164,2133.79,16.20832,9.55148
4,5,6,Beam 4 (random baseline),ukj+N688+E145,1.603979,0.580892,0.51764,2151.79,12.67481,9.11552
4,5,6,Beam 4 (random baseline),ecn+N98+E215,1.24858,0.492938,0.67724,1528.51,20.77735,12.00054
4,5,6,Beam 4 (random baseline),uox+N153+E92,1.500894,0.489092,0.60462,1955.07,16.24619,9.61049
4,5,6,Beam 4 (random baseline),vbp+N384+E38,1.243117,0.445692,0.61576,1966.25,13.15128,11.8122
4,5,6,Beam 4 (random baseline),sxn+N274+E44,1.69151,0.333107,0.64532,1609.86,23.5269,14.75469
4,5,6,Beam 4 (random baseline),wit+N529+E148,1.410499,0.391988,0.60648,1973.87,17.56951,11.1801
4,5,6,Beam 4 (random baseline),zfl+N206+E38,1.287696,0.536931,0.5856,2246.94,10.74093,7.79153
4,5,6,Beam 4 (random baseline),lcy-e+N208+E179,1.27131,0.222689,0.79356,1103.32,28.92642,22.74469
4,5,6,Beam 4 (random baseline),snf+N447+E216,1.75025,0.435564,0.57444,1377.29,25.07872,13.33959
4,5,6,Beam 4 (random baseline),uks+N719+E24,1.13685,0.160455,0.80926,1055.12,31.29255,21.05085
4,6,7,Beam 1 (full hypothesis),xii+N565+E131,3.681562,1.08384,0.18612,2052.84,10.29198,4.97904
4,6,7,Beam 1 (full hypothesis),hcp+N565+E206,3.291816,1.08999,0.22812,2030.35,9.19882,4.63433
4,6,7,Beam 1 (full hypothesis),thp-x+N565+E206,3.065537,1.19326,0.1627,2050.01,8.09163,4.75251
4,6,7,Beam 1 (full hypothesis),thp-x+N565+E131,3.277147,1.06062,0.1863,2165.71,8.53983,4.76957
4,6,7,Beam 1 (full hypothesis),xii+N565+E206,3.464643,1.20341,0.16598,1974.05,10.03481,4.51826
4,6,7,Beam 1 (full hypothesis),fcu+N565+E131,4.073313,0.994287,0.21408,2468.11,8.48037,4.25154
4,6,7,Beam 1 (full hypothesis),hcp+N565+E131,3.274976,0.964449,0.24558,2280.21,8.92994,5.10248
4,6,7,Beam 1 (full hypothesis),rgd+N565+E206,2.981462,0.986222,0.28144,2017.93,16.85556,8.936
4,6,7,Beam 1 (full hypothesis),fcu+N565+E206,3.737161,1.10018,0.18822,2395.06,8.07275,3.79689
4,6,7,Beam 1 (full hypothesis),rgd+N565+E131,3.174621,0.877293,0.31164,2133.79,16.20832,9.55148
4,6,7,Beam 4 (random baseline),acs+N691+E194,1.066057,0.225239,0.79078,1180.2,22.84901,20.41096
4,6,7,Beam 4 (random baseline),uni+N44+E61,1.140921,0.178785,0.79334,1061.18,27.84701,24.48229
4,6,7,Beam 4 (random baseline),bcu-f+N321+E23,0.944404,0.075622,0.89236,565.159,43.3181,32.44213
4,6,7,Beam 4 (random baseline),snr+N504+E131,1.743895,0.813968,0.41222,2075.28,17.57059,9.98208
4,6,7,Beam 4 (random baseline),uoq+N87+E61,1.188457,0.234554,0.74812,1358.81,39.17727,38.67096
4,6,7,Beam 4 (random baseline),ums+N68+E167,1.607971,0.364554,0.58308,1860.5,23.64546,22.5638
4,6,7,Beam 4 (random baseline),uke+N492+E86,1.266355,0.306779,0.62192,1919.69,18.22785,9.2316
4,6,7,Beam 4 (random baseline),ukr+N303+E38,0.90824,0.219442,0.8287,973.031,31.95731,23.01488
4,6,7,Beam 4 (random baseline),dia-j+N37+E28,1.045337,0.170667,0.8446,824.521,50.0008,40.16663
4,6,7,Beam 4 (random baseline),vmh+N560+E181,1.395767,0.369909,0.62744,1793.48,17.16999,14.36561
4,7,8,Beam 1 (full hypothesis),hcp+N565+E206,3.388059,1.08999,0.22812,2030.35,9.19882,4.63433
4,7,8,Beam 1 (full hypothesis),thp-x+N565+E131,3.313569,1.06062,0.1863,2165.71,8.53983,4.76957
4,7,8,Beam 1 (full hypothesis),thp-x+N565+E206,3.133016,1.19326,0.1627,2050.01,8.09163,4.75251
4,7,8,Beam 1 (full hypothesis),xii+N565+E131,3.703211,1.08384,0.18612,2052.84,10.29198,4.97904
4,7,8,Beam 1 (full hypothesis),hcp+N565+E131,3.322324,0.964449,0.24558,2280.21,8.92994,5.10248
4,7,8,Beam 1 (full hypothesis),fcu+N565+E206,3.740659,1.10018,0.18822,2395.06,8.07275,3.79689
4,7,8,Beam 1 (full hypothesis),xii+N565+E206,3.379063,1.20341,0.16598,1974.05,10.03481,4.51826
4,7,8,Beam 1 (full hypothesis),fcu+N565+E131,3.993088,0.994287,0.21408,2468.11,8.48037,4.25154
4,7,8,Beam 1 (full hypothesis),rgd+N565+E206,2.995664,0.986222,0.28144,2017.93,16.85556,8.936
4,7,8,Beam 1 (full hypothesis),rgd+N565+E131,3.176358,0.877293,0.31164,2133.79,16.20832,9.55148
4,7,8,Beam 4 (random baseline),ecf+N357+E27,1.989821,0.939406,0.28544,2249.11,8.0806,5.04169
4,7,8,Beam 4 (random baseline),uky+N127+E3,0.984569,0.105152,0.88474,619.675,40.18104,37.69576
4,7,8,Beam 4 (random baseline),smd+N483+E195,1.357087,0.248444,0.70914,1460.4,28.6037,25.64379
4,7,8,Beam 4 (random baseline),vmh+N214+E47,1.392457,0.238704,0.74838,1249.71,25.34653,20.04991
4,7,8,Beam 4 (random baseline),wir+N86+E14,1.671375,0.576914,0.5273,2109.2,15.19451,10.48928
4,7,8,Beam 4 (random baseline),sxd+N628+E3,1.382068,0.308935,0.67542,1589.45,17.75686,16.01982
4,7,8,Beam 4 (random baseline),whj+N574+E111,1.42304,0.246948,0.69414,1567.81,23.54419,14.24432
4,7,8,Beam 4 (random baseline),smv+N328+E212,1.907574,0.543098,0.47584,1948.33,28.75725,28.07051
4,7,8,Beam 4 (random baseline),wir+N220+E224,1.669808,0.482531,0.5753,2033.97,16.53889,11.36092
4,7,8,Beam 4 (random baseline),wkm+N570+E63,1.434418,0.488565,0.58556,1547.3,34.39488,33.26162
4,8,9,Beam 1 (full hypothesis),thp-x+N565+E206,3.090473,1.19326,0.1627,2050.01,8.09163,4.75251
4,8,9,Beam 1 (full hypothesis),xii+N565+E131,3.688331,1.08384,0.18612,2052.84,10.29198,4.97904
4,8,9,Beam 1 (full hypothesis),hcp+N565+E206,3.333367,1.08999,0.22812,2030.35,9.19882,4.63433
4,8,9,Beam 1 (full hypothesis),thp-x+N565+E131,3.283976,1.06062,0.1863,2165.71,8.53983,4.76957
4,8,9,Beam 1 (full hypothesis),hcp+N565+E131,3.394768,0.964449,0.24558,2280.21,8.92994,5.10248
4,8,9,Beam 1 (full hypothesis),fcu+N565+E206,3.892281,1.10018,0.18822,2395.06,8.07275,3.79689
4,8,9,Beam 1 (full hypothesis),xii+N565+E206,3.376938,1.20341,0.16598,1974.05,10.03481,4.51826
4,8,9,Beam 1 (full hypothesis),fcu+N565+E131,4.065927,0.994287,0.21408,2468.11,8.48037,4.25154
4,8,9,Beam 1 (full hypothesis),rgd+N565+E206,2.989879,0.986222,0.28144,2017.93,16.85556,8.936
4,8,9,Beam 1 (full hypothesis),rgd+N565+E131,3.195905,0.877293,0.31164,2133.79,16.20832,9.55148
4,8,9,Beam 2 (chemistry),npo+N50+E131,1.081422,0.138673,0.8457,825.553,36.47673,33.97808
4,8,9,Beam 2 (chemistry),una+N50+E206,1.131788,0.208235,0.78516,1117.32,42.4213,41.03757
4,8,9,Beam 2 (chemistry),kfi+N50+E131,1.045487,0.128496,0.85718,772.107,62.17787,25.76518
4,8,9,Beam 2 (chemistry),ull+N50+E206,1.171832,0.232391,0.7592,1241.01,35.6528,16.80869
4,8,9,Beam 2 (chemistry),dia-a+N50+E131,1.222463,0.192391,0.7885,1056.82,25.83783,21.43467
4,8,9,Beam 2 (chemistry),ukv+N50+E206,1.21144,0.223416,0.77652,1118.49,39.49747,38.54191
4,8,9,Beam 2 (chemistry),umu+N50+E131,1.126963,0.166207,0.81192,998.889,35.3141,28.04198
4,8,9,Beam 2 (chemistry),uow+N50+E206,1.136822,0.216113,0.7776,1131.56,26.97376,21.94279
4,8,9,Beam 2 (chemistry),unr+N50+E131,1.111423,0.156126,0.82396,877.96,35.30945,22.43577
4,8,9,Beam 2 (chemistry),pcb+N50+E206,1.055404,0.169334,0.82366,910.651,30.7211,25.81931
4,8,9,Beam 3 (metal only),can+N50+E131,1.073274,0.144915,0.83376,881.624,38.34538,36.70025
4,8,9,Beam 3 (metal only),afw+N50+E206,1.0671,0.185968,0.80732,965.369,28.56375,19.78579
4,8,9,Beam 3 (metal only),cha+N50+E131,1.032328,0.128781,0.85536,775.628,45.72288,26.89887
4,8,9,Beam 3 (metal only),cag+N50+E206,1.09557,0.183218,0.8083,1029.0,25.68137,19.437
4,8,9,Beam 3 (metal only),wse+N50+E131,0.952055,0.0894162,0.89806,533.19,87.64973,42.22714
4,8,9,Beam 3 (metal only),gsi+N50+E131,1.177865,0.193474,0.78,1186.75,19.13461,15.43113
4,8,9,Beam 3 (metal only),sod-a+N50+E131,0.980089,0.0946583,0.89516,516.321,74.79921,34.98179
4,8,9,Beam 3 (metal only),dft+N50+E131,1.070253,0.153457,0.82772,930.22,30.76452,26.47388
4,8,9,Beam 3 (metal only),unj+N50+E131,1.127408,0.159952,0.81778,976.636,27.71942,23.91535
4,8,9,Beam 3 (metal only),gme+N50+E206,1.023447,0.144463,0.85048,790.622,47.2265,45.78661
4,8,9,Beam 4 (random baseline),uki+N355+E211,1.351097,0.399039,0.60216,1746.22,16.06123,11.30363
4,8,9,Beam 4 (random baseline),snl+N49+E4,1.372996,0.353598,0.6253,1945.96,15.68023,10.26941
4,8,9,Beam 4 (random baseline),bcs+N506+E47,1.373073,0.263544,0.72234,1470.13,16.69332,13.26402
4,8,9,Beam 4 (random baseline),vmi+N476+E219,0.82924,0.51341,0.7787,965.481,28.59902,23.75652
4,8,9,Beam 4 (random baseline),wkm+N144+E79,1.694746,0.848158,0.41938,1763.8,23.8871,23.39877
4,8,9,Beam 4 (random baseline),wki+N198+E65,1.33277,0.400482,0.59852,1916.93,16.68775,13.44809
4,8,9,Beam 4 (random baseline),utm+N186+E225,0.821446,0.047144,0.9455,357.343,43.09156,35.58737
4,8,9,Beam 4 (random baseline),vbl+N49+E43,2.436617,0.927575,0.2722,2166.12,9.25166,5.56839
4,8,9,Beam 4 (random baseline),ecv+N582+E234,2.102868,0.588664,0.48762,2206.51,12.45376,9.09831
4,8,9,Beam 4 (random baseline),smv+N574+E215,1.533741,0.287765,0.66586,1538.99,37.87807,37.09381
4,9,10,Beam 1 (full hypothesis),cap+N406+E11,3.268206,0.970647,0.13806,2255.03,6.3783,3.72995
4,9,10,Beam 1 (full hypothesis),who+N433+E138,2.379045,1.02323,0.2037,2412.82,8.71394,5.12201
4,9,10,Beam 1 (full hypothesis),hcp+N565+E48,3.260568,0.931225,0.20332,2239.18,8.52305,4.69959
4,9,10,Beam 1 (full hypothesis),thp-x+N95+E131,2.445169,1.24194,0.16412,2179.42,8.12356,3.80946
4,9,10,Beam 1 (full hypothesis),wfi+N329+E63,3.202255,1.13806,0.20366,2472.93,8.09116,4.35043
4,9,10,Beam 1 (full hypothesis),vmz+N431+E138,2.871947,0.873705,0.20534,2539.4,7.21404,4.31093
4,9,10,Beam 1 (full hypothesis),sxc+N433+E29,3.19003,1.04587,0.15424,2436.91,6.11405,4.51917
4,9,10,Beam 1 (full hypothesis),fcu+N565+E138,3.975156,0.918637,0.2247,2324.78,9.32944,3.81092
4,9,10,Beam 1 (full hypothesis),vmw+N587+E206,2.425815,1.24703,0.12974,2093.66,7.49228,4.01992
4,9,10,Beam 1 (full hypothesis),wfn+N329+E63,3.32796,1.23973,0.15726,2369.6,6.93263,4.06257
4,9,10,Beam 2 (chemistry),wiq+N433+E40,1.474148,0.302227,0.69256,1540.88,21.26402,16.17225
4,9,10,Beam 2 (chemistry),smf+N406+E186,1.359417,0.534588,0.58506,1396.52,28.29456,27.44279
4,9,10,Beam 2 (chemistry),ith-e+N329+E185,1.804274,2.24672,0.08198,957.246,9.9149,2.50201
4,9,10,Beam 2 (chemistry),xii+N95+E23,1.954279,0.662335,0.4106,2632.15,15.98603,7.30238
4,9,10,Beam 2 (chemistry),wme+N433+E12,1.096581,0.239966,0.74102,1376.65,26.7291,14.219
4,9,10,Beam 2 (chemistry),lcx+N636+E142,2.190371,0.797341,0.2728,2050.54,11.36397,3.61927
4,9,10,Beam 2 (chemistry),ukn+N50+E149,1.061557,0.116137,0.86232,737.623,52.90402,47.56199
4,9,10,Beam 2 (chemistry),icc+N329+E181,0.39018,1.877,0.0,0.0,4.16887,1.21321
4,9,10,Beam 2 (chemistry),hcp+N95+E32,2.373997,0.611143,0.39826,2643.28,10.51974,6.24834
4,9,10,Beam 2 (chemistry),whu+N483+E61,1.120139,0.161825,0.80956,972.73,41.67453,40.75256
4,9,10,Beam 3 (metal only),whr+N433+E95,2.174509,0.842889,0.3143,2566.53,9.30891,7.01293
4,9,10,Beam 3 (metal only),bcu+N329+E14,3.316951,0.984583,0.2617,2724.04,7.06674,4.45263
4,9,10,Beam 3 (metal only),vmw+N587+E184,3.070685,1.06375,0.09906,1828.7,6.1546,4.09805
4,9,10,Beam 3 (metal only),umv+N50+E36,0.912638,0.0593885,0.9205,476.375,38.90901,36.53568
4,9,10,Beam 3 (metal only),rgd+N95+E163,2.214616,0.681456,0.40582,2576.76,15.04198,6.2979
4,9,10,Beam 3 (metal only),skd+N433+E16,1.675058,0.595634,0.46434,2028.42,14.05765,12.58624
4,9,10,Beam 3 (metal only),ecu+N329+E89,1.776926,1.62869,0.0,0.0,4.43122,2.00266
4,9,10,Beam 3 (metal only),ecf+N587+E68,1.707784,0.415259,0.59634,1877.21,20.79675,11.68256
4,9,10,Beam 3 (metal only),uni+N50+E166,1.147915,0.1415,0.82424,950.518,25.97193,23.51306
4,9,10,Beam 3 (metal only),fcu+N95+E151,2.097958,1.09286,0.13972,2240.02,7.41581,2.98361
4,9,10,Beam 4 (random baseline),smw+N170+E7,1.027329,0.180186,0.81216,1042.35,47.08172,46.33402
4,9,10,Beam 4 (random baseline),wkg+N491+E86,1.535821,0.604022,0.468,2113.8,12.96514,8.89539
4,9,10,Beam 4 (random baseline),vbm+N143+E40,1.480726,0.318991,0.68,1624.82,16.18124,12.46367
4,9,10,Beam 4 (random baseline),whc+N659+E206,1.725654,1.17706,0.34714,1879.08,13.08135,10.27482
4,9,10,Beam 4 (random baseline),sme+N324+E108,2.87056,1.35269,0.139,2049.09,7.98235,3.34436
4,9,10,Beam 4 (random baseline),ukp+N27+E212,1.237294,0.292083,0.69282,1469.54,22.06322,18.79775
4,9,10,Beam 4 (random baseline),smj+N506+E215,1.230573,0.284821,0.70624,1508.86,21.05854,19.85544
4,9,10,Beam 4 (random baseline),son+N598+E50,2.654221,0.727494,0.28482,2919.62,7.4445,6.34876
4,9,10,Beam 4 (random baseline),sxj+N232+E110,1.206731,0.326231,0.70996,1384.09,23.45306,15.91793
4,9,10,Beam 4 (random baseline),wmh+N442+E155,1.378343,0.711817,0.5751,1938.87,18.22105,11.64787
4,10,11,Beam 1 (full hypothesis),wgz+N406+E48,2.162338,0.888838,0.22888,2120.5,9.79005,5.76621
4,10,11,Beam 1 (full hypothesis),osd+N121+E138,4.427743,1.22401,0.15314,2390.41,6.21318,3.92054
4,10,11,Beam 1 (full hypothesis),ure+N109+E14,4.102668,1.03194,0.20698,2779.3,6.58994,4.68098
4,10,11,Beam 1 (full hypothesis),wfk+N329+E92,3.137292,1.13979,0.2175,2160.81,9.45292,5.70507
4,10,11,Beam 1 (full hypothesis),xii+N297+E96,3.07067,1.08754,0.19954,2451.28,7.73632,4.30984
4,10,11,Beam 1 (full hypothesis),hcp+N95+E16,2.895385,1.05534,0.1799,2402.86,7.09971,3.83811
4,10,11,Beam 1 (full hypothesis),thp-x+N565+E131,3.273426,1.06062,0.1863,2165.71,8.53983,4.76957
4,10,11,Beam 1 (full hypothesis),osb+N226+E228,2.397677,1.33213,0.22228,2236.71,7.97104,5.79347
4,10,11,Beam 1 (full hypothesis),lcx+N191+E206,2.461787,1.28603,0.2098,2201.1,8.76857,5.55075
4,10,11,Beam 1 (full hypothesis),son+N92+E204,4.494106,1.4707,0.19532,2525.52,8.39277,5.37956
4,10,11,Beam 2 (chemistry),wgx+N354+E36,1.206891,0.278195,0.765,1261.23,32.44353,15.62818
4,10,11,Beam 2 (chemistry),smp+N433+E166,1.646944,0.581074,0.49834,2076.86,23.84357,8.15296
4,10,11,Beam 2 (chemistry),wid+N406+E204,2.156799,1.55493,0.05722,1442.56,5.82674,2.55512
4,10,11,Beam 2 (chemistry),ilc+N121+E40,4.027964,0.848706,0.24328,2986.19,6.94425,4.54322
4,10,11,Beam 2 (chemistry),cdl+N50+E16,1.727945,0.334071,0.5882,2071.68,12.86365,10.82444
4,10,11,Beam 2 (chemistry),oof+N226+E16,3.44418,0.998552,0.25218,2700.21,7.01687,5.11669
4,10,11,Beam 2 (chemistry),tes+N329+E226,1.9006,1.79023,0.03924,672.021,6.8729,2.43865
4,10,11,Beam 2 (chemistry),fcu+N297+E218,2.405252,0.686748,0.40812,2597.71,11.93964,6.29027
4,10,11,Beam 2 (chemistry),rgd+N95+E84,3.145049,1.15093,0.15642,1778.76,10.06736,5.16866
4,10,11,Beam 2 (chemistry),wir+N92+E16,2.940963,0.839034,0.41012,2393.92,12.93538,7.20133
4,10,11,Beam 3 (metal only),wmd+N433+E37,1.790021,0.810252,0.37248,2601.36,10.71297,8.31986
4,10,11,Beam 3 (metal only),uoo+N50+E165,1.60242,0.286012,0.64502,1727.0,17.81114,13.37285
4,10,11,Beam 3 (metal only),wko+N406+E165,2.649763,0.891521,0.24962,1928.71,10.3638,6.95856
4,10,11,Beam 3 (metal only),ana+N109+E12,0.964031,0.120553,0.87464,745.314,33.00665,24.40886
4,10,11,Beam 3 (metal only),wfk+N226+E14,2.669155,0.875697,0.38704,2281.11,11.6531,9.45246
4,10,11,Beam 3 (metal only),ecc+N329+E149,3.417508,1.14358,0.20418,2412.32,7.98044,4.89293
4,10,11,Beam 3 (metal only),eco+N121+E85,3.540281,0.907031,0.327,1957.13,16.73824,14.74433
4,10,11,Beam 3 (metal only),fcu+N297+E186,3.537664,1.37381,0.13038,2327.92,6.42471,3.48106
4,10,11,Beam 3 (metal only),thp-x+N95+E226,2.346701,1.53506,0.0,0.0,5.57365,2.31311
4,10,11,Beam 3 (metal only),whz+N483+E95,1.586204,0.356318,0.62956,1724.51,21.17829,15.18831
4,10,11,Beam 4 (random baseline),wid+N147+E65,2.246356,0.882828,0.27524,3027.25,9.1459,4.26915
4,10,11,Beam 4 (random baseline),dmp+N113+E68,1.555666,0.43107,0.61668,2069.36,12.61147,9.46964
4,10,11,Beam 4 (random baseline),vna+N444+E19,2.581514,0.783495,0.3482,2691.16,8.50733,6.88989
4,10,11,Beam 4 (random baseline),umg+N288+E160,1.115512,0.235637,0.7843,1137.69,26.66782,23.06471
4,10,11,Beam 4 (random baseline),smi+N453+E211,2.0943,0.801832,0.35532,2147.97,11.8696,8.20098
4,10,11,Beam 4 (random baseline),wji+N454+E130,0.978719,0.224586,0.80804,993.253,29.87257,28.17047
4,10,11,Beam 4 (random baseline),msw+N559+E22,1.292677,0.331312,0.61744,2123.91,11.31465,9.57392
4,10,11,Beam 4 (random baseline),snm+N447+E201,1.893564,0.369047,0.59896,1872.81,20.72136,20.00322
4,10,11,Beam 4 (random baseline),vbp+N213+E177,1.958509,0.427415,0.5228,2021.14,16.13074,11.34647
4,10,11,Beam 4 (random baseline),vbu+N220+E123,1.576171,0.595054,0.5586,2090.53,14.28431,11.22406
5,1,1,Beam 1 (full hypothesis),wff+N625+E226,2.238319,2.61667,0.0,0.0,7.35207,2.29793
5,1,1,Beam 1 (full hypothesis),hcp+N565+E3,2.092968,0.532901,0.49984,2069.08,15.97828,7.45458
5,1,1,Beam 1 (full hypothesis),fcu+N95+E25,3.250845,1.20736,0.10826,1979.78,7.41738,2.84181
5,1,1,Beam 1 (full hypothesis),vmu+N625+E48,2.207665,1.7951,0.19054,2206.42,9.18156,5.19918
5,1,1,Beam 1 (full hypothesis),fcu+N565+E96,2.321532,0.580878,0.43756,2338.47,14.25498,6.88414
5,1,1,Beam 1 (full hypothesis),thp-x+N95+E206,2.314078,1.42366,0.12452,1887.92,7.57616,3.62154
5,1,1,Beam 1 (full hypothesis),pcu+N14+E181,1.397461,0.778521,0.46354,2397.32,10.42788,7.21514
5,1,1,Beam 1 (full hypothesis),hcp+N565+E218,2.054948,0.499611,0.50424,2131.71,14.88899,8.31659
5,1,1,Beam 1 (full hypothesis),thp-x+N95+E234,2.213442,0.676499,0.39928,2479.62,12.74967,6.73814
5,1,1,Beam 1 (full hypothesis),wkg+N14+E228,1.303315,1.01965,0.42264,2017.38,13.3569,9.44331
5,1,1,Beam 2 (chemistry),smb+N14+E98,1.191169,0.384732,0.69382,1413.75,23.83796,14.1998
5,1,1,Beam 2 (chemistry),ecf+N625+E73,1.715479,1.27924,0.41578,2089.1,15.19139,5.6056
5,1,1,Beam 2 (chemistry),rgd+N95+E228,1.874342,1.13935,0.2344,2324.9,11.28281,4.13445
5,1,1,Beam 2 (chemistry),xii+N565+E209,2.206272,0.512577,0.49396,2045.03,19.73254,11.45113
5,1,1,Beam 2 (chemistry),wja+N14+E123,1.150252,0.500024,0.6597,1489.83,23.4349,16.12846
5,1,1,Beam 2 (chemistry),ecm+N625+E204,2.102334,1.91695,0.22732,2339.78,7.93409,4.40106
5,1,1,Beam 2 (chemistry),xii+N565+E47,2.425178,0.491431,0.51396,2054.47,18.40035,11.86267
5,1,1,Beam 2 (chemistry),smw+N14+E179,1.331557,0.497621,0.64558,1534.72,32.85434,31.57517
5,1,1,Beam 2 (chemistry),ecf+N625+E29,2.013938,1.24038,0.40358,2209.84,13.70576,5.88813
5,1,1,Beam 2 (chemistry),hcp+N95+E147,2.383007,0.82154,0.2823,2756.07,9.2737,4.58984
5,1,1,Beam 3 (metal only),tfs+N15+E41,1.009665,0.405125,0.72054,1391.48,22.75117,20.72975
5,1,1,Beam 3 (metal only),osb+N625+E228,1.786481,1.86739,0.23326,2398.93,7.87967,5.10949
5,1,1,Beam 3 (metal only),fcu+N565+E179,2.663844,0.60127,0.43538,2337.47,13.22525,6.44628
5,1,1,Beam 3 (metal only),wko+N15+E2,1.055277,0.300786,0.76502,1122.02,27.82009,24.86955
5,1,1,Beam 3 (metal only),nsp+N625+E85,2.234173,1.27341,0.38778,1956.97,15.3693,12.1676
5,1,1,Beam 3 (metal only),xii+N565+E95,3.542049,1.07489,0.20058,1920.56,12.48965,5.53041
5,1,1,Beam 3 (metal only),thp-x+N95+E2,1.520893,0.424062,0.57532,2132.6,14.67678,10.02385
5,1,1,Beam 3 (metal only),vbq+N15+E2,1.066367,0.339154,0.7343,1250.14,22.894,19.61337
5,1,1,Beam 3 (metal only),wfk+N625+E33,1.300004,0.540974,0.68028,1705.56,21.10769,18.34878
5,1,1,Beam 3 (metal only),xii+N565+E98,2.518354,0.53171,0.46794,2197.01,17.3829,9.79041
5,1,1,Beam 4 (random baseline),qtz+N256+E14,1.421524,0.421453,0.63104,1967.62,11.50134,9.4152
5,1,1,Beam 4 (random baseline),sxj+N555+E142,1.39931,0.564291,0.56724,1948.92,15.54865,11.47018
5,1,1,Beam 4 (random baseline),wgz+N162+E37,1.962619,0.443126,0.55934,2011.16,17.64114,9.09528
5,1,1,Beam 4 (random baseline),ukp+N395+E65,0.812826,0.303188,0.8602,672.38,45.05155,40.77743
5,1,1,Beam 4 (random baseline),vbl+N521+E223,1.245281,0.231738,0.73922,1422.34,27.65877,14.96972
5,1,1,Beam 4 (random baseline),sme+N518+E159,2.166096,0.920071,0.28298,2570.48,11.11616,5.64426
5,1,1,Beam 4 (random baseline),wjb+N183+E19,1.485734,0.583834,0.54756,1721.28,22.31512,20.2543
5,1,1,Beam 4 (random baseline),soj+N568+E211,2.55501,0.926557,0.2497,2338.87,8.84281,5.27516
5,1,1,Beam 4 (random baseline),ukr+N301+E142,1.588733,1.09555,0.17012,1556.06,11.77301,4.2637
5,1,1,Beam 4 (random baseline),ukb+N112+E38,1.053874,0.181772,0.78698,1218.69,21.18519,15.54871
5,2,2,Beam 1 (full hypothesis),hcp+N565+E95,3.506118,0.973118,0.22304,2329.25,8.60444,3.89047
5,2,2,Beam 1 (full hypothesis),hcp+N95+E81,2.920412,0.874728,0.25942,2774.34,8.26134,4.78961
5,2,2,Beam 1 (full hypothesis),thp-x+N565+E25,3.664182,0.938451,0.2113,2174.32,9.59448,4.95653
5,2,2,Beam 1 (full hypothesis),xii+N565+E95,3.537694,1.07534,0.19888,1929.37,12.44186,5.51425
5,2,2,Beam 1 (full hypothesis),rgd+N565+E84,3.9536,0.880051,0.24896,2017.11,15.42612,9.94148
5,2,2,Beam 1 (full hypothesis),xii+N95+E163,2.413628,0.770263,0.34654,2472.5,15.67922,6.90457
5,2,2,Beam 1 (full hypothesis),fcu+N565+E84,5.347741,0.98893,0.15986,2190.49,8.47711,3.18967
5,2,2,Beam 1 (full hypothesis),fcu+N95+E202,2.51264,1.19919,0.17434,2445.87,7.93727,3.75694
5,2,2,Beam 1 (full hypothesis),xii+N565+E25,4.013669,0.952978,0.21056,2072.15,10.9536,6.32314
5,2,2,Beam 1 (full hypothesis),xii+N95+E202,2.241299,1.08125,0.22508,2462.93,11.84519,4.58351
5,2,2,Beam 2 (chemistry),thp-x+N565+E40,2.430315,0.549556,0.46064,2229.47,13.2004,7.82173
5,2,2,Beam 2 (chemistry),rgd+N95+E226,2.002878,1.46723,0.06712,1112.6,6.62312,3.05823
5,2,2,Beam 2 (chemistry),thp-x+N95+E40,2.151264,0.591311,0.43758,2534.74,13.71998,6.36308
5,2,2,Beam 2 (chemistry),fcu+N95+E61,2.403844,0.730129,0.32474,2830.45,10.2828,5.33241
5,2,2,Beam 2 (chemistry),rgd+N565+E40,2.117542,0.458353,0.54982,1954.42,23.83415,13.89241
5,2,2,Beam 2 (chemistry),fcu+N565+E179,2.627339,0.60127,0.43538,2337.47,13.22525,6.44628
5,2,2,Beam 2 (chemistry),fcu+N565+E61,2.197301,0.544605,0.45886,2313.71,12.08976,6.95892
5,2,2,Beam 2 (chemistry),thp-x+N95+E47,2.163408,0.516913,0.48886,2421.19,13.9231,8.12458
5,2,2,Beam 2 (chemistry),thp-x+N565+E226,3.311944,1.28751,0.06522,1297.57,7.03587,3.00014
5,2,2,Beam 2 (chemistry),hcp+N565+E68,2.193814,0.567189,0.4909,2131.09,14.49303,8.12704
5,2,2,Beam 3 (metal only),hcp+N95+E96,1.900389,0.693745,0.37424,2699.78,9.89904,6.9866
5,2,2,Beam 3 (metal only),thp-x+N565+E234,2.584937,0.620009,0.42154,2266.26,13.16072,7.28538
5,2,2,Beam 3 (metal only),xii+N95+E4,1.892973,0.539673,0.47864,2629.31,18.00454,8.35958
5,2,2,Beam 3 (metal only),fcu+N565+E66,3.641309,0.869627,0.29698,2579.59,9.31676,4.31461
5,2,2,Beam 3 (metal only),fcu+N95+E149,2.721536,1.24139,0.14194,2017.44,7.65942,3.14329
5,2,2,Beam 3 (metal only),rgd+N565+E39,1.457502,0.268699,0.71122,1419.49,30.78786,19.85169
5,2,2,Beam 3 (metal only),xii+N95+E40,2.368956,0.624645,0.41946,2531.85,18.69499,7.16724
5,2,2,Beam 3 (metal only),rgd+N565+E43,3.231629,0.756539,0.34144,2206.71,16.50949,9.9422
5,2,2,Beam 3 (metal only),hcp+N565+E40,2.198851,0.498348,0.51296,2064.07,14.21408,9.3417
5,2,2,Beam 3 (metal only),fcu+N95+E7,1.284021,0.473381,0.58826,2115.45,13.71709,8.40584
5,2,2,Beam 4 (random baseline),rkf+N666+E86,1.560674,0.685317,0.43566,2088.93,11.03098,8.25123
5,2,2,Beam 4 (random baseline),vmf+N122+E33,0.995921,0.226571,0.81566,917.064,37.61392,36.85019
5,2,2,Beam 4 (random baseline),qtz-e+N394+E187,1.599772,0.54771,0.54196,1907.99,14.58164,10.05933
5,2,2,Beam 4 (random baseline),ukh+N342+E187,0.987194,0.117744,0.85904,779.628,33.47603,21.3412
5,2,2,Beam 4 (random baseline),ulg+N539+E36,0.890733,0.104018,0.89576,610.486,47.95793,37.41074
5,2,2,Beam 4 (random baseline),fob+N254+E95,2.215395,0.952943,0.32702,2749.2,9.09038,5.80804
5,2,2,Beam 4 (random baseline),wjg+N335+E40,1.264137,0.214292,0.74816,1353.26,17.41719,13.75403
5,2,2,Beam 4 (random baseline),wig+N122+E85,1.433352,0.513115,0.61994,1569.06,18.77928,15.73652
5,2,2,Beam 4 (random baseline),wne+N139+E86,1.373908,0.46905,0.59854,1943.18,19.94177,18.15072
5,2,2,Beam 4 (random baseline),wio+N366+E43,1.494562,0.566249,0.54316,1900.55,15.5578,10.99556
5,3,3,Beam 1 (full hypothesis),hcp+N565+E95,3.393997,0.973118,0.22304,2329.25,8.60444,3.89047
5,3,3,Beam 1 (full hypothesis),xii+N565+E95,3.483302,1.07534,0.19888,1929.37,12.44186,5.51425
5,3,3,Beam 1 (full hypothesis),thp-x+N565+E66,3.242181,0.937521,0.27348,2337.5,9.62056,6.15752
5,3,3,Beam 1 (full hypothesis),xii+N565+E202,3.996164,0.941254,0.23954,2346.72,11.32983,6.02061
5,3,3,Beam 1 (full hypothesis),xii+N565+E66,3.659118,0.951315,0.25472,2387.65,11.55278,6.30442
5,3,3,Beam 1 (full hypothesis),fcu+N565+E95,4.177952,0.99235,0.20186,2402.15,9.35762,3.74913
5,3,3,Beam 1 (full hypothesis),hcp+N565+E202,3.328266,0.853758,0.29892,2415.88,9.88512,5.99881
5,3,3,Beam 1 (full hypothesis),fcu+N565+E202,4.117652,0.861409,0.28328,2533.18,9.36126,4.21177
5,3,3,Beam 1 (full hypothesis),fcu+N565+E66,3.663592,0.869627,0.29698,2579.59,9.31676,4.31461
5,3,3,Beam 1 (full hypothesis),thp-x+N565+E25,3.598788,0.938796,0.20676,2171.07,9.53184,4.87779
5,3,3,Beam 3 (metal only),thp-x+N565+E89,3.524247,1.20613,0.07148,1198.15,7.56299,3.6563
5,3,3,Beam 3 (metal only),fcu+N565+E41,1.769374,0.409862,0.59924,1877.38,16.8398,7.37404
5,3,3,Beam 3 (metal only),hcp+N565+E234,2.280492,0.556592,0.47966,2150.43,14.35754,7.57205
5,3,3,Beam 3 (metal only),xii+N565+E206,3.453287,1.20341,0.16598,1974.05,10.03481,4.51826
5,3,3,Beam 3 (metal only),thp-x+N565+E147,2.934447,0.71043,0.34156,2377.74,11.9494,7.43624
5,3,3,Beam 3 (metal only),rgd+N565+E13,3.202809,0.762752,0.35814,2264.09,16.03643,9.41235
5,3,3,Beam 3 (metal only),fcu+N565+E3,2.436539,0.553196,0.47044,2208.43,14.71638,6.92663
5,3,3,Beam 3 (metal only),rgd+N565+E27,3.206047,0.830526,0.33628,2230.53,14.589,8.58537
5,3,3,Beam 3 (metal only),hcp+N565+E120,2.584689,0.718757,0.3559,2439.55,10.88736,7.015
5,3,3,Beam 3 (metal only),fcu+N565+E70,4.198313,0.909718,0.25778,2564.52,8.83741,4.19507
5,3,3,Beam 4 (random baseline),ure+N184+E218,1.644624,0.373269,0.59544,2191.0,13.27947,9.80221
5,3,3,Beam 4 (random baseline),wjd+N526+E190,1.510617,0.406601,0.58954,2001.16,24.55323,9.76616
5,3,3,Beam 4 (random baseline),tzs+N136+E87,0.914387,0.081258,0.89976,560.842,46.65516,40.27307
5,3,3,Beam 4 (random baseline),sxc+N116+E14,1.927848,0.812436,0.42336,2675.38,8.78455,6.98657
5,3,3,Beam 4 (random baseline),sni+N213+E1,1.18059,0.18496,0.77382,1145.97,30.11719,28.03332
5,3,3,Beam 4 (random baseline),wig+N373+E228,1.327829,1.02536,0.48874,2073.7,13.71603,11.005
5,3,3,Beam 4 (random baseline),wgy+N31+E113,1.321495,0.366402,0.6887,1594.12,29.22097,26.67286
5,3,3,Beam 4 (random baseline),umc+N376+E63,1.058957,0.236982,0.80084,1012.74,25.46875,20.42691
5,3,3,Beam 4 (random baseline),smp+N590+E3,1.341688,0.308038,0.72084,1406.63,31.26548,16.62885
5,3,3,Beam 4 (random baseline),umr+N448+E131,1.225822,0.505938,0.6601,1611.13,23.09732,20.64522
5,4,4,Beam 1 (full hypothesis),fcu+N565+E95,4.230299,0.99235,0.20186,2402.15,9.35762,3.74913
5,4,4,Beam 1 (full hypothesis),hcp+N565+E95,3.537297,0.973118,0.22304,2329.25,8.60444,3.89047
5,4,4,Beam 1 (full hypothesis),xii+N565+E202,4.010503,0.941255,0.23954,2346.75,11.32991,6.02065
5,4,4,Beam 1 (full hypothesis),fcu+N565+E202,4.081282,0.861409,0.28328,2533.18,9.36126,4.21177
5,4,4,Beam 1 (full hypothesis),thp-x+N565+E85,3.847238,0.881928,0.24056,2300.77,9.61489,5.39994
5,4,4,Beam 1 (full hypothesis),thp-x+N565+E25,3.565769,0.938796,0.20676,2171.07,9.53184,4.87779
5,4,4,Beam 1 (full hypothesis),hcp+N565+E25,3.519639,0.862868,0.24562,2303.31,10.24689,5.10162
5,4,4,Beam 1 (full hypothesis),xii+N565+E25,4.116627,0.953184,0.20562,2139.12,11.0561,5.5462
5,4,4,Beam 1 (full hypothesis),fcu+N565+E25,4.300145,0.870002,0.22956,2478.12,9.21956,4.0153
5,4,4,Beam 1 (full hypothesis),fcu+N565+E84,5.260065,0.98893,0.15986,2190.49,8.47711,3.18967
5,4,4,Beam 2 (chemistry),tzs+N50+E160,1.033114,0.116329,0.86326,746.184,38.38063,32.25212
5,4,4,Beam 2 (chemistry),uno+N50+E160,1.130675,0.142341,0.83464,835.937,34.68053,25.65958
5,4,4,Beam 2 (chemistry),uni+N50+E95,1.237453,0.180801,0.78858,1133.21,23.00954,18.20249
5,4,4,Beam 2 (chemistry),uke+N50+E160,1.168506,0.169193,0.80386,1036.16,29.65474,15.63803
5,4,4,Beam 2 (chemistry),wfa+N50+E68,1.165982,0.162074,0.81324,1000.45,28.03871,24.66669
5,4,4,Beam 2 (chemistry),ict+N50+E53,1.110834,0.145471,0.83724,894.786,33.74514,26.92088
5,4,4,Beam 2 (chemistry),ukl+N50+E32,2.055944,0.344422,0.5608,2357.42,15.8435,7.44923
5,4,4,Beam 2 (chemistry),ukr+N50+E40,0.939679,0.0630486,0.9199,428.601,56.62742,49.92193
5,4,4,Beam 2 (chemistry),umk+N50+E226,1.28427,0.184951,0.77134,1156.07,40.30849,32.85564
5,4,4,Beam 2 (chemistry),unv+N50+E85,1.185529,0.157066,0.80534,1012.33,30.19532,24.19738
5,4,4,Beam 3 (metal only),vbb+N50+E166,1.233155,0.183426,0.77726,1154.55,25.61981,17.43241
5,4,4,Beam 3 (metal only),uov+N50+E212,1.209233,0.192727,0.76764,1174.73,23.92553,21.86318
5,4,4,Beam 3 (metal only),uot+N50+E35,0.96966,0.0839608,0.8926,594.701,45.85815,27.72116
5,4,4,Beam 3 (metal only),pem+N50+E86,1.295655,0.233599,0.71244,1287.14,21.34394,15.92923
5,4,4,Beam 3 (metal only),uki+N50+E21,0.962233,0.0812183,0.89378,591.649,34.38444,28.30131
5,4,4,Beam 3 (metal only),uox+N50+E35,0.970379,0.0826701,0.89486,587.134,32.78168,28.07946
5,4,4,Beam 3 (metal only),hbo+N50+E216,1.203111,0.159973,0.79186,1097.05,29.61978,19.13155
5,4,4,Beam 3 (metal only),uop+N50+E154,1.182542,0.15809,0.80032,1112.28,21.77962,16.77871
5,4,4,Beam 3 (metal only),pcl+N50+E120,1.026901,0.109612,0.85626,757.1,33.37708,27.74952
5,4,4,Beam 3 (metal only),dia-a+N50+E87,0.980289,0.0896825,0.88078,646.52,39.83757,35.26155
5,4,4,Beam 4 (random baseline),uoa+N263+E53,1.020889,0.126904,0.86854,700.252,41.92952,39.3818
5,4,4,Beam 4 (random baseline),gie+N153+E38,0.958715,0.200283,0.83626,946.878,29.61586,26.00602
5,4,4,Beam 4 (random baseline),ecu+N121+E179,2.746739,0.698544,0.40016,2550.31,10.56413,7.00716
5,4,4,Beam 4 (random baseline),wna+N567+E18,2.266621,0.959164,0.31058,2624.32,13.08384,5.07173
5,4,4,Beam 4 (random baseline),osc+N222+E86,1.464705,0.336716,0.6001,1799.12,16.87204,15.89817
5,4,4,Beam 4 (random baseline),snp+N232+E18,1.838398,0.795255,0.40656,2126.05,10.83615,7.63125
5,4,4,Beam 4 (random baseline),smf+N213+E182,1.448758,0.438202,0.6191,1403.38,27.62104,26.71429
5,4,4,Beam 4 (random baseline),npo+N503+E81,1.003912,0.119133,0.8633,680.372,40.52115,39.66936
5,4,4,Beam 4 (random baseline),wib+N556+E44,2.152414,1.06774,0.4735,2448.31,12.25845,6.49422
5,4,4,Beam 4 (random baseline),nfa+N359+E154,1.461528,0.255679,0.68926,1633.01,22.27163,16.06217
5,5,5,Beam 1 (full hypothesis),thp-x+N565+E25,3.570605,0.938796,0.20676,2171.07,9.53184,4.87779
5,5,5,Beam 1 (full hypothesis),fcu+N565+E84,5.291617,0.98893,0.15986,2190.49,8.47711,3.18967
5,5,5,Beam 1 (full hypothesis),hcp+N565+E84,4.589608,0.971129,0.18192,2045.11,9.81999,3.15364
5,5,5,Beam 1 (full hypothesis),hcp+N565+E95,3.454203,0.973118,0.22304,2329.25,8.60444,3.89047
5,5,5,Beam 1 (full hypothesis),thp-x+N565+E85,3.881785,0.883316,0.2422,2303.34,9.65534,5.3634
5,5,5,Beam 1 (full hypothesis),xii+N565+E25,3.967084,0.952978,0.21056,2072.15,10.9536,6.32314
5,5,5,Beam 1 (full hypothesis),xii+N565+E202,4.021127,0.941254,0.23954,2346.72,11.32983,6.02061
5,5,5,Beam 1 (full hypothesis),fcu+N565+E95,4.165269,0.99235,0.20186,2402.15,9.35762,3.74913
5,5,5,Beam 1 (full hypothesis),hcp+N565+E25,3.593756,0.862868,0.24562,2303.31,10.24689,5.10162
5,5,5,Beam 1 (full hypothesis),fcu+N565+E25,4.362497,0.870002,0.22956,2478.12,9.21956,4.0153
5,5,5,Beam 3 (metal only),hcp+N565+E151,2.966908,0.772234,0.29632,2390.54,9.54398,5.93154
5,5,5,Beam 3 (metal only),fcu+N565+E63,3.864511,0.893947,0.24376,2398.72,8.98463,4.3662
5,5,5,Beam 3 (metal only),rgd+N565+E96,1.935017,0.499959,0.51844,2074.85,21.15866,12.96547
5,5,5,Beam 3 (metal only),xii+N565+E209,2.196629,0.511853,0.49536,2040.2,19.9106,11.46299
5,5,5,Beam 3 (metal only),hcp+N565+E96,2.008056,0.548012,0.47352,2204.92,14.46987,8.25799
5,5,5,Beam 3 (metal only),rgd+N565+E123,2.405066,0.572295,0.47192,2165.38,18.97149,11.6825
5,5,5,Beam 3 (metal only),fcu+N565+E32,2.386679,0.476671,0.49764,2342.64,16.62402,6.31232
5,5,5,Beam 3 (metal only),hcp+N565+E147,2.646594,0.639309,0.39842,2318.71,12.8962,6.91045
5,5,5,Beam 3 (metal only),fcu+N565+E48,4.035362,0.944189,0.19982,2157.01,8.85676,4.08234
5,5,5,Beam 3 (metal only),fcu+N565+E181,2.751126,0.665251,0.3828,2458.54,12.04323,5.38509
5,5,5,Beam 4 (random baseline),whe+N306+E66,1.381658,0.730813,0.54176,2023.5,17.77586,15.12221
5,5,5,Beam 4 (random baseline),wji+N238+E25,1.529893,0.372339,0.62618,1753.74,22.02581,20.36013
5,5,5,Beam 4 (random baseline),sxb+N428+E123,0.991874,0.708135,0.66122,1560.67,15.34778,13.37528
5,5,5,Beam 4 (random baseline),wip+N324+E3,1.32101,0.320464,0.73806,1263.32,26.19023,24.19971
5,5,5,Beam 4 (random baseline),sxa+N170+E85,2.764126,1.17456,0.01024,577.983,4.59668,2.17547
5,5,5,Beam 4 (random baseline),vcu+N64+E10,1.172444,0.18689,0.78788,1193.51,24.77907,19.80424
5,5,5,Beam 4 (random baseline),wfg+N261+E87,1.59346,0.402056,0.52572,2177.39,17.75696,10.14038
5,5,5,Beam 4 (random baseline),whz+N608+E19,1.467218,0.673493,0.53118,1831.52,17.63361,12.11299
5,5,5,Beam 4 (random baseline),ecm+N362+E20,1.500269,0.323005,0.6513,1806.74,16.45886,10.87695
5,5,5,Beam 4 (random baseline),snx+N667+E189,1.687247,0.551242,0.56582,2119.82,14.31728,11.07606
5,6,6,Beam 1 (full hypothesis),hcp+N565+E95,3.50384,0.973118,0.22304,2329.25,8.60444,3.89047
5,6,6,Beam 1 (full hypothesis),xii+N565+E25,4.134006,0.953184,0.20562,2139.12,11.0561,5.5462
5,6,6,Beam 1 (full hypothesis),fcu+N565+E84,5.329198,0.98893,0.15986,2190.49,8.47711,3.18967
5,6,6,Beam 1 (full hypothesis),thp-x+N565+E85,3.772417,0.881928,0.24056,2300.77,9.61489,5.39994
5,6,6,Beam 1 (full hypothesis),thp-x+N565+E25,3.538682,0.938796,0.20676,2171.07,9.53184,4.87779
5,6,6,Beam 1 (full hypothesis),hcp+N565+E84,4.637535,0.971129,0.18192,2045.13,9.81999,3.15364
5,6,6,Beam 1 (full hypothesis),xii+N565+E202,3.978553,0.941254,0.23954,2346.72,11.32983,6.02061
5,6,6,Beam 1 (full hypothesis),fcu+N565+E95,4.284141,0.99235,0.20186,2402.15,9.35762,3.74913
5,6,6,Beam 1 (full hypothesis),fcu+N565+E25,4.303533,0.870002,0.22956,2478.12,9.21956,4.0153
5,6,6,Beam 1 (full hypothesis),fcu+N565+E202,3.963978,0.861409,0.28328,2533.18,9.36126,4.21177
5,6,6,Beam 3 (metal only),hcp+N565+E201,2.632115,0.686782,0.37402,2406.48,11.02437,6.88463
5,6,6,Beam 3 (metal only),rgd+N565+E19,3.581305,0.805978,0.33178,2234.96,14.83441,8.57957
5,6,6,Beam 3 (metal only),hcp+N565+E3,2.138312,0.532901,0.49984,2069.08,15.97828,7.45458
5,6,6,Beam 3 (metal only),thp-x+N565+E165,3.7792,1.04491,0.14686,1907.6,8.67047,3.90082
5,6,6,Beam 3 (metal only),thp-x+N565+E16,3.283207,0.885273,0.23254,2258.81,9.16429,6.16222
5,6,6,Beam 3 (metal only),rgd+N565+E204,3.468529,0.955033,0.28418,2214.16,12.96228,9.30282
5,6,6,Beam 3 (metal only),hcp+N565+E4,2.068761,0.418544,0.57856,2044.62,15.36622,8.68689
5,6,6,Beam 3 (metal only),hcp+N565+E8,2.337846,0.64637,0.43698,2232.96,13.18843,7.73207
5,6,6,Beam 3 (metal only),thp-x+N565+E73,3.311439,0.941342,0.23162,2272.41,9.38877,5.23867
5,6,6,Beam 3 (metal only),thp-x+N565+E179,2.567505,0.62796,0.41304,2297.65,14.3442,6.81013
5,6,6,Beam 4 (random baseline),sst+N688+E68,1.694711,0.365904,0.64308,1662.03,28.19989,15.36979
5,6,6,Beam 4 (random baseline),usf+N417+E108,2.530234,1.01481,0.27832,2517.5,10.79404,6.86286
5,6,6,Beam 4 (random baseline),wgz+N476+E152,0.902439,0.368654,0.81484,868.478,36.7854,24.43545
5,6,6,Beam 4 (random baseline),sxk+N324+E163,1.423945,0.442682,0.6494,1542.57,19.43358,14.51005
5,6,6,Beam 4 (random baseline),sxa+N144+E150,1.944433,0.628241,0.4806,2502.12,10.95133,8.19329
5,6,6,Beam 4 (random baseline),vmx+N45+E126,1.351909,0.330747,0.6465,1814.46,18.42143,15.8737
5,6,6,Beam 4 (random baseline),vmg+N555+E216,1.796695,0.783034,0.41318,2395.92,11.13879,7.1749
5,6,6,Beam 4 (random baseline),umr+N448+E3,1.00453,0.190186,0.84054,889.533,35.31123,34.11833
5,6,6,Beam 4 (random baseline),vca+N286+E24,1.30098,0.398543,0.6813,1560.28,18.14316,13.05482
5,6,6,Beam 4 (random baseline),wjb+N283+E165,2.074371,0.816603,0.3521,1777.09,17.09197,11.50102
5,7,7,Beam 1 (full hypothesis),thp-x+N565+E85,3.873769,0.883316,0.2422,2303.34,9.65534,5.3634
5,7,7,Beam 1 (full hypothesis),hcp+N565+E84,4.617147,0.971129,0.18192,2045.13,9.81999,3.15364
5,7,7,Beam 1 (full hypothesis),xii+N565+E202,4.02762,0.941254,0.23954,2346.72,11.32983,6.02061
5,7,7,Beam 1 (full hypothesis),hcp+N565+E95,3.542927,0.973118,0.22304,2329.25,8.60444,3.89047
5,7,7,Beam 1 (full hypothesis),fcu+N565+E84,5.226771,0.98893,0.15986,2190.49,8.47711,3.18967
5,7,7,Beam 1 (full hypothesis),hcp+N565+E25,3.564868,0.862868,0.24562,2303.31,10.24689,5.10162
5,7,7,Beam 1 (full hypothesis),thp-x+N565+E25,3.641926,0.938451,0.2113,2174.32,9.59448,4.95653
5,7,7,Beam 1 (full hypothesis),fcu+N565+E95,4.293798,0.99235,0.20186,2402.15,9.35762,3.74913
5,7,7,Beam 1 (full hypothesis),hcp+N565+E202,3.357352,0.853758,0.29892,2415.88,9.88512,5.99881
5,7,7,Beam 1 (full hypothesis),fcu+N565+E25,4.32669,0.870002,0.22956,2478.12,9.21956,4.0153
5,7,7,Beam 3 (metal only),thp-x+N565+E176,2.242608,0.603489,0.42848,2317.09,14.34484,6.85721
5,7,7,Beam 3 (metal only),rgd+N565+E57,2.403494,0.636481,0.44378,2185.07,17.63325,9.96737
5,7,7,Beam 3 (metal only),thp-x+N565+E184,3.78395,1.05971,0.14362,1923.45,8.53431,3.95536
5,7,7,Beam 3 (metal only),xii+N565+E7,1.720014,0.438006,0.59166,1874.81,20.61343,14.14133
5,7,7,Beam 3 (metal only),hcp+N565+E166,3.108013,0.801275,0.31558,2454.06,10.29123,5.94869
5,7,7,Beam 3 (metal only),rgd+N565+E203,1.691375,0.39605,0.57906,1905.79,22.87428,13.9268
5,7,7,Beam 3 (metal only),rgd+N565+E181,2.248922,0.574157,0.46546,2176.99,19.75303,11.2967
5,7,7,Beam 3 (metal only),rgd+N565+E48,3.488522,0.840117,0.27108,2232.01,13.63772,9.25605
5,7,7,Beam 3 (metal only),xii+N565+E3,2.665553,0.587969,0.44788,2250.4,17.09843,9.24352
5,7,7,Beam 3 (metal only),xii+N565+E36,2.030604,0.45346,0.54552,2022.45,19.43458,12.74045
5,7,7,Beam 4 (random baseline),xfy+N172+E228,1.370596,0.874747,0.43532,2112.28,11.20134,8.60024
5,7,7,Beam 4 (random baseline),utm+N485+E112,0.908872,0.10502,0.89306,598.212,31.34559,28.8615
5,7,7,Beam 4 (random baseline),ecq+N642+E145,1.277686,0.46981,0.64086,1525.26,46.35141,45.38979
5,7,7,Beam 4 (random baseline),whh+N366+E78,1.276729,0.311094,0.67906,1652.72,24.34202,16.14901
5,7,7,Beam 4 (random baseline),skd+N311+E202,1.6057,0.775238,0.50732,2060.34,14.79903,12.68569
5,7,7,Beam 4 (random baseline),bsn+N106+E65,1.461993,0.426635,0.56288,2194.62,12.5035,11.51514
5,7,7,Beam 4 (random baseline),crb+N342+E30,0.90423,0.0900461,0.89048,638.926,35.30468,33.11472
5,7,7,Beam 4 (random baseline),unf+N455+E30,0.952543,0.121739,0.859,802.568,34.15325,26.23351
5,7,7,Beam 4 (random baseline),wji+N618+E73,1.105227,0.213577,0.78406,1087.82,32.93286,31.21939
5,7,7,Beam 4 (random baseline),hbo+N434+E215,1.027172,0.248887,0.77654,1196.13,29.54022,16.41416
5,8,8,Beam 1 (full hypothesis),uki+N276+E226,2.447642,0.890718,0.28902,2376.56,10.35543,6.69254
5,8,8,Beam 1 (full hypothesis),whb+N382+E95,1.995394,1.01958,0.3167,2148.93,11.06086,6.59066
5,8,8,Beam 1 (full hypothesis),sou+N629+E85,3.070324,0.896393,0.2434,2373.07,8.71958,5.12064
5,8,8,Beam 1 (full hypothesis),lcx+N431+E202,2.13252,1.00276,0.211,1923.37,9.37657,3.75942
5,8,8,Beam 1 (full hypothesis),sxe+N666+E84,2.881628,0.890154,0.31342,2232.53,10.63262,6.14935
5,8,8,Beam 1 (full hypothesis),sxh+N465+E202,2.491805,1.06639,0.26088,2607.31,9.16912,5.05534
5,8,8,Beam 1 (full hypothesis),wgz+N384+E25,2.539649,0.844147,0.31618,2233.0,12.9681,6.14935
5,8,8,Beam 1 (full hypothesis),xii+N118+E40,3.089381,0.950914,0.24716,2201.48,9.91314,5.89897
5,8,8,Beam 1 (full hypothesis),sot+N357+E95,3.123678,1.02307,0.1715,2299.6,8.88082,5.06379
5,8,8,Beam 1 (full hypothesis),wfo+N629+E25,2.889624,0.882456,0.2492,2298.22,9.49269,6.39247
5,8,8,Beam 2 (chemistry),ukb+N305+E95,1.342814,0.455469,0.64436,1815.75,17.74672,13.50545
5,8,8,Beam 2 (chemistry),lvt+N557+E61,1.796091,0.577595,0.36052,2269.41,12.15281,11.11508
5,8,8,Beam 2 (chemistry),vbn+N356+E61,1.387591,0.301557,0.6577,1690.05,17.52116,14.12654
5,8,8,Beam 2 (chemistry),wio+N47+E81,1.910769,0.401555,0.56012,2059.73,15.1098,9.92086
5,8,8,Beam 2 (chemistry),whr+N453+E95,2.259621,1.00037,0.33756,2284.96,13.6017,8.81157
5,8,8,Beam 2 (chemistry),wha+N384+E61,1.777246,0.490948,0.52876,2087.09,13.91938,9.69717
5,8,8,Beam 2 (chemistry),wmg+N465+E8,1.469532,0.4744,0.62262,1718.39,23.98496,17.7741
5,8,8,Beam 2 (chemistry),nfa+N327+E25,1.179977,1.24509,0.42928,2109.75,13.16786,7.81045
5,8,8,Beam 2 (chemistry),lcx+N550+E202,2.477152,1.46506,0.07338,886.364,7.61566,2.92217
5,8,8,Beam 2 (chemistry),und+N50+E84,1.313461,0.196266,0.75694,1242.09,27.53739,25.44797
5,8,8,Beam 3 (metal only),wmk+N453+E84,2.379717,0.944335,0.32138,1906.84,12.49583,7.31999
5,8,8,Beam 3 (metal only),cdl+N305+E163,2.435569,0.756095,0.36768,2826.51,9.97566,8.42352
5,8,8,Beam 3 (metal only),wgx+N295+E226,2.625734,1.17121,0.14706,1632.32,9.76941,4.42521
5,8,8,Beam 3 (metal only),wko+N465+E147,1.901529,0.585344,0.49002,2100.52,13.86259,11.52353
5,8,8,Beam 3 (metal only),sxh+N356+E95,2.284637,0.783374,0.30928,2568.94,11.75416,4.95902
5,8,8,Beam 3 (metal only),umh+N557+E163,1.063706,0.17045,0.81498,990.645,29.4214,22.83529
5,8,8,Beam 3 (metal only),pyc+N550+E63,2.316267,0.994984,0.3288,2075.7,13.21776,7.25501
5,8,8,Beam 3 (metal only),wgx+N476+E43,0.909349,0.643037,0.73568,1085.78,37.34841,16.82614
5,8,8,Beam 3 (metal only),thp+N329+E16,3.334872,1.01596,0.21328,2517.93,7.61387,4.80132
5,8,8,Beam 3 (metal only),lcy-e+N384+E201,1.58482,0.499959,0.55428,2057.38,15.2044,11.91649
5,8,8,Beam 4 (random baseline),ukm+N437+E219,1.077863,0.184142,0.78312,1252.46,19.41024,17.20333
5,8,8,Beam 4 (random baseline),uom+N90+E173,1.281246,0.290306,0.72218,1358.98,20.05687,16.04142
5,8,8,Beam 4 (random baseline),wfj+N192+E136,1.78291,0.428389,0.5585,2079.77,17.5727,13.61544
5,8,8,Beam 4 (random baseline),wib+N324+E87,1.252298,0.331833,0.68936,1428.11,23.69437,17.95715
5,8,8,Beam 4 (random baseline),ech+N372+E51,1.871747,1.02161,0.26554,2047.27,12.08003,4.97347
5,8,8,Beam 4 (random baseline),sms+N77+E3,1.515662,0.483818,0.6653,1531.59,22.66517,14.14781
5,8,8,Beam 4 (random baseline),npo+N288+E40,0.963939,0.120061,0.87206,679.78,42.56242,41.03873
5,8,8,Beam 4 (random baseline),bcs+N286+E45,2.173072,1.06602,0.30536,2826.19,8.92261,5.00354
5,8,8,Beam 4 (random baseline),wmq+N559+E40,1.320081,0.207975,0.7606,1176.52,49.3984,48.8309
5,8,8,Beam 4 (random baseline),wif+N195+E31,2.006612,1.08278,0.22952,1922.63,12.82063,11.43172
5,9,9,Beam 1 (full hypothesis),vbw+N465+E84,2.878183,1.01292,0.2313,2010.37,11.01762,3.88187
5,9,9,Beam 1 (full hypothesis),xii+N565+E25,4.078361,0.953184,0.20562,2139.12,11.0561,5.5462
5,9,9,Beam 1 (full hypothesis),sxh+N465+E95,2.852799,1.27085,0.1758,2208.92,8.91345,5.06126
5,9,9,Beam 1 (full hypothesis),sxq+N465+E70,2.23594,1.22608,0.23618,2320.63,8.43449,4.79136
5,9,9,Beam 1 (full hypothesis),wmy+N465+E95,2.310774,1.1657,0.2448,2094.53,8.51517,5.13823
5,9,9,Beam 1 (full hypothesis),lcs-e+N135+E70,2.10897,1.15629,0.20742,2269.75,9.92917,4.61187
5,9,9,Beam 1 (full hypothesis),vbv+N465+E84,3.107705,1.0505,0.21538,2032.85,10.58542,4.67289
5,9,9,Beam 1 (full hypothesis),sxm+N465+E25,2.735579,0.985407,0.25702,2266.35,10.56418,5.91088
5,9,9,Beam 1 (full hypothesis),who+N134+E70,2.134554,1.1903,0.2452,2479.26,8.95428,4.53513
5,9,9,Beam 1 (full hypothesis),vbo+N465+E95,2.185377,1.11543,0.22468,2327.98,8.4857,5.33261
5,9,9,Beam 2 (chemistry),umo+N649+E32,1.078811,0.146134,0.84346,842.077,43.28811,41.58435
5,9,9,Beam 2 (chemistry),umx+N50+E40,0.958375,0.083853,0.89088,581.129,44.45494,40.18237
5,9,9,Beam 2 (chemistry),wkl+N465+E70,1.616346,0.74446,0.50414,1733.9,31.61348,31.01398
5,9,9,Beam 2 (chemistry),whx+N134+E11,1.573402,0.464241,0.6118,1664.07,15.58959,13.34098
5,9,9,Beam 2 (chemistry),umy+N50+E53,0.992295,0.103523,0.88458,631.71,34.15583,27.26702
5,9,9,Beam 2 (chemistry),who+N465+E47,1.69045,0.379498,0.6373,1635.86,18.6176,13.34892
5,9,9,Beam 2 (chemistry),smt+N314+E85,2.060541,0.483479,0.5367,1914.71,17.8909,16.40265
5,9,9,Beam 2 (chemistry),unm+N50+E70,1.328235,0.221574,0.73614,1398.01,21.20615,12.93793
5,9,9,Beam 2 (chemistry),wkj+N465+E226,2.297267,1.29724,0.20784,1427.39,12.32222,7.07203
5,9,9,Beam 2 (chemistry),whi+N589+E84,3.015555,1.08125,0.2191,1676.81,10.95439,8.79878
5,9,9,Beam 3 (metal only),uoo+N276+E123,1.362267,0.384727,0.64194,1920.11,14.24564,10.43919
5,9,9,Beam 3 (metal only),wmg+N465+E222,1.299827,0.373741,0.6547,1648.46,24.82873,17.86841
5,9,9,Beam 3 (metal only),lta+N50+E57,0.929154,0.0809877,0.89816,583.654,66.4191,32.98381
5,9,9,Beam 3 (metal only),bsn+N314+E228,1.946917,0.771923,0.37104,2517.61,8.33547,6.7481
5,9,9,Beam 3 (metal only),whr+N465+E89,3.155609,1.19985,0.15622,1335.11,10.49142,8.34584
5,9,9,Beam 3 (metal only),vmw+N542+E33,1.388508,0.280443,0.6797,1731.27,20.32585,14.82009
5,9,9,Beam 3 (metal only),wko+N465+E226,2.282393,1.63001,0.05458,1001.9,6.70853,3.21472
5,9,9,Beam 3 (metal only),msp+N50+E2,1.063987,0.114433,0.84566,897.095,20.4381,17.02148
5,9,9,Beam 3 (metal only),qzd+N276+E24,1.489976,0.426144,0.59116,2263.94,11.09634,8.49092
5,9,9,Beam 3 (metal only),smu+N465+E4,1.366876,0.312252,0.6855,1740.71,19.65266,12.85345
5,9,9,Beam 4 (random baseline),sml+N54+E175,2.537386,1.20107,0.25842,2846.9,7.44892,5.04035
5,9,9,Beam 4 (random baseline),wmb+N180+E204,2.153287,0.823873,0.37734,2186.11,12.90382,7.02521
5,9,9,Beam 4 (random baseline),ecb+N545+E85,1.988545,0.551635,0.51496,2152.06,21.9699,20.4693
5,9,9,Beam 4 (random baseline),wii+N709+E70,1.14084,0.452345,0.67024,1564.86,27.61477,26.95922
5,9,9,Beam 4 (random baseline),utc+N298+E28,0.818089,0.0329933,0.9609,221.305,75.74718,63.92052
5,9,9,Beam 4 (random baseline),wkn+N6+E145,1.873791,0.630165,0.52432,1641.96,32.456,31.54608
5,9,9,Beam 4 (random baseline),whi+N264+E175,2.000613,1.0967,0.33432,2346.64,10.83525,8.26877
5,9,9,Beam 4 (random baseline),som+N555+E137,1.748792,0.538053,0.49436,2334.1,13.59521,12.34294
5,9,9,Beam 4 (random baseline),whz+N394+E96,1.284113,0.422853,0.64256,1778.81,19.92953,13.48072
5,10,10,Beam 1 (full hypothesis),xii+N565+E25,4.14249,0.953184,0.20562,2139.12,11.0561,5.5462
5,10,10,Beam 1 (full hypothesis),xii+N565+E202,3.969488,0.941254,0.23954,2346.72,11.32983,6.02061
5,10,10,Beam 1 (full hypothesis),fcu+N565+E84,5.373187,0.98893,0.15986,2190.49,8.47711,3.18967
5,10,10,Beam 1 (full hypothesis),thp-x+N565+E85,3.800801,0.881928,0.24056,2300.77,9.61489,5.39994
5,10,10,Beam 1 (full hypothesis),hcp+N565+E84,4.566781,0.971129,0.18192,2045.11,9.81999,3.15364
5,10,10,Beam 1 (full hypothesis),fcu+N565+E95,4.2177,0.99235,0.20186,2402.15,9.35762,3.74913
5,10,10,Beam 1 (full hypothesis),hcp+N565+E95,3.533801,0.973118,0.22304,2329.25,8.60444,3.89047
5,10,10,Beam 1 (full hypothesis),thp-x+N565+E25,3.59226,0.938796,0.20676,2171.07,9.53184,4.87779
5,10,10,Beam 1 (full hypothesis),hcp+N565+E25,3.528454,0.862868,0.24562,2303.31,10.24689,5.10162
5,10,10,Beam 1 (full hypothesis),fcu+N565+E25,4.417244,0.870002,0.22956,2478.12,9.21956,4.0153
5,10,10,Beam 2 (chemistry),uml+N50+E61,1.001584,0.0926,0.88176,637.666,53.40936,48.69092
5,10,10,Beam 2 (chemistry),uno+N50+E40,0.9971,0.0852649,0.89274,566.998,45.61078,33.13523
5,10,10,Beam 2 (chemistry),msp+N50+E53,1.284899,0.210779,0.76804,1253.79,18.4244,13.83654
5,10,10,Beam 2 (chemistry),lcs+N50+E11,1.065371,0.110543,0.85726,774.092,28.51694,22.0892
5,10,10,Beam 2 (chemistry),rho+N50+E40,0.91628,0.056821,0.92864,397.157,84.85607,43.10438
5,10,10,Beam 2 (chemistry),ukt+N50+E61,1.022094,0.112362,0.8552,785.867,40.48294,31.23424
5,10,10,Beam 2 (chemistry),ato+N50+E84,1.21741,0.152189,0.8108,1020.08,41.28391,40.10953
5,10,10,Beam 2 (chemistry),uos+N50+E11,1.046275,0.101214,0.86836,716.206,32.51861,30.10951
5,10,10,Beam 2 (chemistry),ukf+N50+E81,1.075029,0.129067,0.83244,886.239,28.88999,23.54497
5,10,10,Beam 2 (chemistry),wse+N50+E53,0.886645,0.0542753,0.93856,328.796,110.08046,54.60365
5,10,10,Beam 3 (metal only),umd+N50+E33,0.916974,0.0645632,0.9106,522.734,46.20552,40.34111
5,10,10,Beam 3 (metal only),ukp+N50+E33,0.963098,0.0785699,0.8935,640.935,35.60957,33.00259
5,10,10,Beam 3 (metal only),umq+N50+E27,1.047192,0.132946,0.8325,923.121,28.81386,25.95576
5,10,10,Beam 3 (metal only),cha+N50+E11,0.956517,0.0734215,0.90796,507.63,57.32433,37.29136
5,10,10,Beam 3 (metal only),gme+N50+E181,0.941675,0.0780012,0.90044,548.349,55.1305,51.41168
5,10,10,Beam 3 (metal only),ato+N50+E95,1.136088,0.152047,0.82598,953.3,38.37371,36.83225
5,10,10,Beam 3 (metal only),cbo+N50+E132,1.105898,0.135447,0.83622,881.757,30.18349,20.74355
5,10,10,Beam 3 (metal only),unl+N50+E22,0.955133,0.0879678,0.88784,677.952,28.92304,26.23609
5,10,10,Beam 3 (metal only),umg+N50+E142,1.08628,0.143587,0.821,967.938,29.11407,20.77587
5,10,10,Beam 4 (random baseline),vmv+N124+E40,1.887683,0.654404,0.5379,2050.96,16.0316,11.02667
5,10,10,Beam 4 (random baseline),qzd+N355+E199,1.579046,0.561644,0.46122,2829.5,8.0092,6.50997
5,10,10,Beam 4 (random baseline),wia+N379+E145,1.277438,0.603932,0.58258,1893.61,18.30206,11.80453
5,10,10,Beam 4 (random baseline),atn+N371+E21,0.935745,0.109231,0.88788,656.09,46.04949,34.99968
5,10,10,Beam 4 (random baseline),uko+N237+E18,1.504091,0.475822,0.57354,2127.98,14.29572,10.26459
5,10,10,Beam 4 (random baseline),wmc+N36+E138,2.628072,1.03874,0.23374,2807.22,7.47839,4.73806
5,10,10,Beam 4 (random baseline),wis+N123+E13,2.294952,1.17956,0.26582,2822.69,7.55627,5.19796
5,10,10,Beam 4 (random baseline),wmv+N509+E107,1.231798,0.328799,0.73146,1353.62,25.55308,23.68325
5,10,10,Beam 4 (random baseline),uki+N292+E209,0.9795,0.114063,0.85536,813.397,28.55915,22.81287
5,10,10,Beam 4 (random baseline),umm+N301+E92,1.036517,0.220693,0.75908,1142.33,33.95104,30.78169
