replicate,iteration,iteration_raw,beam,structure,value,density_g_cm3,void_fraction,surface_area_m2_cm3,largest_cavity_diameter_A,pore_limiting_diameter_A
1,1,1,Beam 1 (full hypothesis),pcu+N214+E82,2.529222,0.308061,0.72794,1442.59,17.63709,12.61407
1,1,1,Beam 1 (full hypothesis),snk+N529+E131,4.655747,0.964995,0.3151,2714.96,9.07475,5.37202
1,1,1,Beam 1 (full hypothesis),snk+N406+E85,6.944905,0.705419,0.31602,2622.76,9.10592,6.45562
1,1,1,Beam 1 (full hypothesis),smi+N476+E29,0.4211105,0.725908,0.69764,1281.5,23.83998,20.35183
1,1,1,Beam 1 (full hypothesis),snh+N630+E81,5.150339,0.52386,0.56884,1959.85,21.78303,10.30479
1,1,1,Beam 1 (full hypothesis),wnc+N384+E2,2.329227,0.205659,0.78084,1151.67,31.6862,18.21323
1,1,1,Beam 1 (full hypothesis),sxe+N666+E218,3.784599,0.349943,0.66962,1671.94,19.7865,12.68729
1,1,1,Beam 1 (full hypothesis),whw+N453+E147,3.251009,0.518913,0.57698,1706.86,17.78757,15.7394
1,1,1,Beam 1 (full hypothesis),bcs+N283+E36,2.420198,0.336054,0.64494,1933.98,11.99592,9.64084
1,1,1,Beam 2 (chemistry),wiu+N570+E39,2.111156,0.163874,0.82634,919.166,28.623,20.99407
1,1,1,Beam 2 (chemistry),smt+N453+E36,1.999892,0.24539,0.77216,1233.76,27.15413,25.34395
1,1,1,Beam 2 (chemistry),vbs+N666+E3,5.117151,0.483867,0.58152,1985.75,14.83081,9.36416
1,1,1,Beam 2 (chemistry),wgz+N384+E96,3.495326,0.440743,0.577,2026.71,18.91294,10.1428
1,1,1,Beam 2 (chemistry),vme+N476+E12,0.3151635,0.341501,0.84334,738.018,30.4376,24.75333
1,1,1,Beam 2 (chemistry),bsn+N630+E16,5.311086,0.75595,0.37754,2796.08,8.96537,6.83626
1,1,1,Beam 2 (chemistry),smt+N406+E29,4.985495,0.67287,0.40796,2045.67,13.15135,11.60663
1,1,1,Beam 2 (chemistry),sml+N148+E29,2.494297,1.00984,0.16146,2241.38,8.70655,6.09441
1,1,1,Beam 3 (metal only),wgx+N694+E53,5.925827,0.408221,0.64468,1699.75,27.18483,9.4565
1,1,1,Beam 3 (metal only),smo+N630+E44,1.13916,0.569285,0.61886,1770.16,19.84831,12.38319
1,1,1,Beam 3 (metal only),sol+N690+E123,4.301723,0.521252,0.53418,2352.88,12.47972,9.55975
1,1,1,Beam 3 (metal only),wip+N384+E142,2.417595,0.50066,0.56654,1766.85,16.41351,14.3541
1,1,1,Beam 3 (metal only),vmg+N666+E3,4.958658,0.413001,0.63262,1806.31,14.2388,10.95723
1,1,1,Beam 3 (metal only),vbo+N406+E68,5.266931,0.404357,0.61502,1811.84,16.60358,13.57448
1,1,1,Beam 3 (metal only),wmc+N602+E63,4.10629,0.926775,0.2909,2745.23,7.71361,5.70886
1,1,1,Beam 3 (metal only),vmi+N630+E226,2.946238,1.15178,0.2124,2275.46,8.80757,3.99622
1,1,1,Beam 3 (metal only),flu-e+N453+E32,4.711349,0.314584,0.69034,1521.12,32.96378,11.1001
1,1,1,Beam 4 (random baseline),nfb+N17+E7,0.8235182,0.152152,0.85872,820.873,52.86313,18.80915
1,1,1,Beam 4 (random baseline),smm+N214+E188,7.868416,0.343871,0.62628,1813.05,21.84775,21.04899
1,1,1,Beam 4 (random baseline),sme+N55+E113,4.445473,0.349602,0.62094,1907.66,15.91525,10.8768
1,1,1,Beam 4 (random baseline),ecu+N192+E68,10.99774,0.514689,0.51162,2217.22,12.16551,9.37723
1,1,1,Beam 4 (random baseline),xfu+N651+E130,2.338794,0.44735,0.60152,1835.17,15.13261,11.07927
1,1,1,Beam 4 (random baseline),wig+N680+E218,3.966217,0.256987,0.71776,1479.12,20.56105,16.70558
1,1,1,Beam 4 (random baseline),sms+N422+E28,2.640689,0.164353,0.83622,895.492,35.22197,25.73771
1,1,1,Beam 4 (random baseline),vmv+N293+E11,6.512906,0.311793,0.64502,1819.59,21.5951,14.15159
1,1,1,Beam 4 (random baseline),vcs+N70+E21,4.025418,0.39428,0.64514,1794.87,16.41084,12.11758
1,1,1,Beam 4 (random baseline),vmb+N332+E141,1.616906,0.170719,0.83792,857.143,31.38861,28.32518
1,2,2,Beam 1 (full hypothesis),whd+N480+E68,5.47602,0.384833,0.66034,1581.89,27.64354,20.96678
1,2,2,Beam 1 (full hypothesis),wip+N170+E68,4.868603,0.355202,0.66156,1520.27,22.65091,19.17615
1,2,2,Beam 1 (full hypothesis),wmw+N506+E29,5.179649,0.439815,0.60326,1861.12,19.00364,15.37811
1,2,2,Beam 1 (full hypothesis),wja+N568+E234,4.796198,0.437534,0.63154,1677.39,22.66268,12.80544
1,2,2,Beam 1 (full hypothesis),vby+N222+E53,7.750354,0.384751,0.6203,1920.57,15.99507,11.03979
1,2,2,Beam 1 (full hypothesis),wim+N77+E68,4.242406,0.491216,0.66922,1538.37,24.11358,20.61184
1,2,2,Beam 1 (full hypothesis),wml+N384+E53,5.873951,0.50181,0.59754,1811.87,27.1785,24.03396
1,2,2,Beam 1 (full hypothesis),wnd+N406+E53,5.773445,0.453535,0.59224,1944.3,19.65024,10.69919
1,2,2,Beam 1 (full hypothesis),smr+N453+E68,4.432643,0.421768,0.66858,1549.13,23.28078,19.29693
1,2,2,Beam 1 (full hypothesis),wki+N208+E63,5.386026,0.430614,0.63524,1805.68,19.27361,13.038
1,2,2,Beam 2 (chemistry),wmf+N465+E68,3.807513,0.443875,0.63398,1661.84,22.77056,11.72629
1,2,2,Beam 2 (chemistry),wma+N467+E53,3.854798,0.48414,0.62248,1872.73,15.73986,13.19843
1,2,2,Beam 2 (chemistry),qtz-x+N143+E234,6.065479,0.414652,0.6102,1999.7,12.24661,10.53791
1,2,2,Beam 2 (chemistry),snh+N341+E166,2.894446,0.956042,0.2867,2120.78,14.79267,5.83055
1,2,2,Beam 2 (chemistry),vmd+N476+E95,0.3049327,0.806197,0.66494,1382.53,22.11709,16.16027
1,2,2,Beam 2 (chemistry),wmm+N481+E63,3.643236,0.840751,0.36208,2315.05,14.20566,11.09306
1,2,2,Beam 2 (chemistry),wkl+N77+E234,4.108752,0.460183,0.6851,1335.49,40.52438,37.98569
1,2,2,Beam 3 (metal only),wgw+N151+E132,8.238878,0.411843,0.5848,1898.39,16.75924,10.19188
1,2,2,Beam 3 (metal only),twf-e+N602+E27,1.500711,0.724415,0.48072,2129.17,22.36133,11.24871
1,2,2,Beam 3 (metal only),vca+N213+E202,7.528733,0.586557,0.45028,2117.59,11.5262,8.773
1,2,2,Beam 3 (metal only),wgy+N589+E226,2.308735,1.19365,0.20742,1717.37,12.54017,11.67351
1,2,2,Beam 3 (metal only),whm+N286+E181,4.136528,0.491881,0.6135,1778.16,20.92391,19.1337
1,2,2,Beam 3 (metal only),wml+N481+E68,6.089279,0.397368,0.65836,1684.54,31.58747,29.40981
1,2,2,Beam 3 (metal only),win+N406+E206,2.268806,0.996537,0.34178,1690.89,14.013,12.171
1,2,2,Beam 3 (metal only),snl+N384+E68,4.66553,0.409583,0.63454,1817.69,17.04869,11.33748
1,2,2,Beam 3 (metal only),vbq+N630+E63,4.140644,0.988524,0.31432,2693.59,9.64726,5.64882
1,2,2,Beam 4 (random baseline),wfn+N430+E123,3.993099,0.768232,0.36586,2294.4,12.41543,7.7081
1,2,2,Beam 4 (random baseline),uol+N188+E38,1.834536,0.187335,0.79118,1198.69,19.30185,18.73047
1,2,2,Beam 4 (random baseline),whn+N593+E57,4.544581,0.553643,0.47352,2583.59,10.48437,6.98481
1,2,2,Beam 4 (random baseline),lcv-e+N55+E87,4.467143,0.148558,0.83248,759.005,45.0264,39.60649
1,2,2,Beam 4 (random baseline),wie+N696+E41,1.22486,0.257748,0.73502,1493.86,17.23486,14.20826
1,2,2,Beam 4 (random baseline),wmw+N59+E50,3.291708,1.08645,0.325,2430.39,11.04631,8.63501
1,2,2,Beam 4 (random baseline),snh+N613+E10,3.411866,0.145956,0.81116,1036.72,38.46031,19.7957
1,2,2,Beam 4 (random baseline),vbp+N576+E27,1.427215,0.976353,0.44932,2517.14,9.45724,8.42713
1,3,3,Beam 1 (full hypothesis),wit+N148+E35,6.072232,0.416384,0.57136,2036.17,15.7936,9.65354
1,3,3,Beam 1 (full hypothesis),smc+N343+E104,3.83806,0.461479,0.60926,1817.08,18.13086,12.27305
1,3,3,Beam 1 (full hypothesis),wgz+N384+E68,5.216152,0.445359,0.6101,1858.83,19.24563,11.40977
1,3,3,Beam 1 (full hypothesis),sol+N406+E107,6.561926,0.422571,0.55488,2057.14,15.4576,12.61507
1,3,3,Beam 1 (full hypothesis),smb+N560+E107,4.709746,0.311954,0.67504,1663.16,20.15178,10.65518
1,3,3,Beam 1 (full hypothesis),reo-e+N268+E234,4.688077,0.31845,0.7028,1527.02,32.01161,10.93061
1,3,3,Beam 1 (full hypothesis),snw+N533+E35,7.316304,0.371882,0.60008,1968.35,14.52088,12.88713
1,3,3,Beam 1 (full hypothesis),sda+N208+E234,4.759274,0.326093,0.70022,1574.78,16.72299,13.26262
1,3,3,Beam 2 (chemistry),wgw+N274+E132,9.25602,0.433026,0.54508,2091.48,14.30338,11.75103
1,3,3,Beam 2 (chemistry),wha+N269+E107,2.912534,0.28882,0.70698,1491.06,19.37752,15.33883
1,3,3,Beam 2 (chemistry),twf-e+N612+E104,4.124675,0.387984,0.67432,1561.21,35.85062,18.51263
1,3,3,Beam 2 (chemistry),wgw+N441+E95,1.956349,0.462599,0.66114,1471.87,19.34,12.95124
1,3,3,Beam 2 (chemistry),vbx+N574+E95,6.053909,0.582581,0.4488,2100.93,15.90152,9.79834
1,3,3,Beam 2 (chemistry),vca+N208+E202,5.217465,0.375527,0.68748,1529.1,23.08642,14.57564
1,3,3,Beam 2 (chemistry),smm+N453+E35,3.444346,0.352801,0.69188,1529.51,22.54976,20.99375
1,3,3,Beam 2 (chemistry),acs+N476+E189,0.3372937,0.587446,0.73688,1182.33,21.97074,15.6641
1,3,3,Beam 2 (chemistry),wgw+N384+E95,3.830153,1.01988,0.26674,2305.32,8.34309,5.66526
1,3,3,Beam 2 (chemistry),whx+N406+E166,3.787816,0.669348,0.41216,2023.18,9.48475,7.85773
1,3,3,Beam 3 (metal only),sxa+N501+E97,1.776328,0.228036,0.77934,1131.39,20.77982,16.19812
1,3,3,Beam 3 (metal only),wmp+N657+E162,3.886001,0.636871,0.43228,2050.64,22.66188,21.28715
1,3,3,Beam 3 (metal only),whd+N457+E212,5.782795,0.423823,0.65004,1722.97,21.94121,15.04762
1,3,3,Beam 3 (metal only),snf+N638+E14,3.201654,0.334705,0.71994,1291.69,32.7014,19.31723
1,3,3,Beam 3 (metal only),smf+N334+E59,2.797958,0.144214,0.8473,792.165,60.86984,59.89214
1,3,3,Beam 3 (metal only),wjb+N406+E188,5.296259,0.319866,0.65824,1487.18,33.15375,27.74732
1,3,3,Beam 3 (metal only),smn+N630+E202,4.674004,0.681168,0.50466,2376.96,13.26339,11.02009
1,3,3,Beam 4 (random baseline),smh+N86+E127,2.023696,0.462529,0.6245,1558.49,25.89733,25.54213
1,3,3,Beam 4 (random baseline),wgz+N590+E80,4.332978,0.345311,0.65714,1751.52,22.49037,12.03264
1,3,3,Beam 4 (random baseline),wjb+N106+E152,4.145522,0.228092,0.75794,1183.7,37.50504,33.08498
1,3,3,Beam 4 (random baseline),umx+N448+E84,4.62263,0.450963,0.6403,1569.99,24.77631,22.01041
1,3,3,Beam 4 (random baseline),smu+N559+E217,3.217788,0.772372,0.15722,2205.93,7.49809,3.3788
1,3,3,Beam 4 (random baseline),whz+N577+E137,4.244941,0.567455,0.4734,2132.78,15.74125,10.89319
1,3,3,Beam 4 (random baseline),wiu+N394+E64,2.180746,0.308886,0.70646,1560.29,19.50383,12.4509
1,3,3,Beam 4 (random baseline),vcu+N431+E233,4.774201,0.636539,0.41102,2523.73,11.66393,7.51673
1,3,3,Beam 4 (random baseline),vmz+N430+E21,5.057463,0.416261,0.58312,2023.02,13.72107,11.14846
1,3,3,Beam 4 (random baseline),uoq+N156+E182,1.007803,0.430613,0.69314,1647.64,24.30866,22.0442
1,4,4,Beam 1 (full hypothesis),vbm+N438+E187,5.248774,0.453519,0.54862,2180.54,14.63642,11.26769
1,4,4,Beam 1 (full hypothesis),pcu+N577+E187,3.55449,0.367434,0.64956,1833.68,14.85829,10.71549
1,4,4,Beam 1 (full hypothesis),whk+N666+E154,5.306237,0.413362,0.61994,1885.87,19.19602,10.76517
1,4,4,Beam 1 (full hypothesis),lcy+N453+E188,5.468084,0.449474,0.57566,2037.53,14.20356,11.5009
1,4,4,Beam 1 (full hypothesis),wia+N574+E224,6.051958,0.339761,0.60912,1790.91,20.98263,12.79022
1,4,4,Beam 1 (full hypothesis),wir+N384+E145,1.47091,0.490586,0.61856,1715.91,19.34731,13.15487
1,4,4,Beam 1 (full hypothesis),sme+N453+E223,3.134425,0.366965,0.64344,1826.8,14.63602,11.13861
1,4,4,Beam 2 (chemistry),wid+N453+E150,5.224976,0.853453,0.28992,2696.52,9.59184,5.2788
1,4,4,Beam 2 (chemistry),vbu+N341+E188,4.960713,0.417713,0.5759,1817.66,17.88472,14.52529
1,4,4,Beam 2 (chemistry),who+N481+E154,6.647131,0.61026,0.4402,2314.13,12.40752,7.58923
1,4,4,Beam 2 (chemistry),smk+N666+E154,6.74821,0.454256,0.57844,2058.99,16.46823,14.63456
1,4,4,Beam 2 (chemistry),snp+N476+E126,0.4334887,0.526559,0.74734,1179.94,25.69441,22.34585
1,4,4,Beam 2 (chemistry),whd+N384+E113,4.293448,0.348,0.66856,1485.87,28.13464,22.34268
1,4,4,Beam 2 (chemistry),whl+N529+E221,4.549961,0.495185,0.51876,2056.38,19.14128,17.98351
1,4,4,Beam 3 (metal only),vbr+N476+E224,0.4766823,0.437781,0.79124,974.659,29.76009,24.36805
1,4,4,Beam 3 (metal only),whs+N696+E223,3.218514,0.222842,0.7549,1263.66,33.07275,31.86382
1,4,4,Beam 3 (metal only),lcy-e+N384+E43,5.804947,0.689197,0.42192,2144.41,12.70603,9.18682
1,4,4,Beam 3 (metal only),vcc+N453+E95,3.089202,1.17237,0.21846,2510.94,8.21484,4.66054
1,4,4,Beam 3 (metal only),wmn+N666+E233,2.619867,0.645335,0.4933,2196.92,16.36563,13.5408
1,4,4,Beam 3 (metal only),skd+N180+E141,6.618897,0.440648,0.53072,2116.46,11.97809,9.6234
1,4,4,Beam 3 (metal only),sno+N476+E163,0.4774845,0.382246,0.82184,799.236,45.48653,43.61345
1,4,4,Beam 3 (metal only),wkf+N366+E152,3.072928,0.22016,0.76196,1254.6,26.53028,22.29827
1,4,4,Beam 4 (random baseline),lvt-a+N315+E92,2.134207,0.0639329,0.93308,393.653,55.94214,41.81389
1,4,4,Beam 4 (random baseline),eci+N664+E72,8.329558,0.532854,0.5044,2148.77,13.57535,12.41306
1,4,4,Beam 4 (random baseline),wmv+N691+E61,2.705055,0.354081,0.69626,1534.51,23.64054,20.48576
1,4,4,Beam 4 (random baseline),uns+N342+E113,2.005707,0.136521,0.8384,871.062,35.23079,21.17666
1,4,4,Beam 4 (random baseline),utn+N298+E160,2.103698,0.16587,0.82086,972.178,34.8278,32.97904
1,4,4,Beam 4 (random baseline),snb+N268+E228,1.437746,0.554121,0.63854,1186.24,31.21162,23.77353
1,4,4,Beam 4 (random baseline),uot+N448+E202,1.252412,0.434277,0.69966,1574.03,22.87864,13.08897
1,4,4,Beam 4 (random baseline),gis+N359+E37,2.989356,0.166081,0.8099,1019.49,29.48835,22.69672
1,4,4,Beam 4 (random baseline),mok+N52+E104,4.572253,0.327371,0.71832,1431.03,21.14894,16.59989
1,5,5,Beam 1 (full hypothesis),snv+N643+E132,3.016756,0.541028,0.58002,1857.52,27.40155,12.16895
1,5,5,Beam 1 (full hypothesis),vbx+N574+E132,7.719922,0.472057,0.52482,2091.4,16.63869,10.6126
1,5,5,Beam 1 (full hypothesis),wib+N208+E132,5.143956,0.421407,0.64362,1801.6,18.64025,12.59468
1,5,5,Beam 1 (full hypothesis),sxi+N559+E132,4.041439,0.486339,0.52608,1976.87,14.5057,11.14269
1,5,5,Beam 1 (full hypothesis),sxn+N205+E132,1.797275,0.465328,0.64042,1557.33,22.27043,14.65745
1,5,5,Beam 1 (full hypothesis),crs+N559+E132,2.088736,0.429201,0.5841,1674.3,15.56236,11.51713
1,5,5,Beam 1 (full hypothesis),sxi+N205+E132,2.490484,0.513312,0.58488,1937.61,16.16103,12.37838
1,5,5,Beam 2 (chemistry),tfs+N85+E132,7.186696,0.599067,0.47016,2503.98,15.72106,10.40048
1,5,5,Beam 2 (chemistry),wkp+N559+E132,6.415697,0.557655,0.44724,2344.16,13.16908,11.82394
1,5,5,Beam 2 (chemistry),wmk+N475+E132,2.686027,1.06637,0.24658,2218.96,9.12619,4.53192
1,5,5,Beam 2 (chemistry),smh+N533+E132,3.526617,0.457731,0.6201,1364.55,28.13493,27.74185
1,5,5,Beam 2 (chemistry),whs+N220+E132,2.301322,0.973358,0.41648,2284.56,14.74433,13.41506
1,5,5,Beam 2 (chemistry),son+N476+E132,0.1972388,0.822026,0.68518,1327.18,21.32324,16.1282
1,5,5,Beam 2 (chemistry),smn+N453+E132,4.921043,0.989167,0.33812,2764.09,8.63362,7.90137
1,5,5,Beam 2 (chemistry),rob+N205+E132,3.458315,1.04959,0.20334,3005.74,5.91074,4.20178
1,5,5,Beam 3 (metal only),twf-e+N265+E228,2.755794,0.864282,0.44542,2025.02,24.26268,11.51761
1,5,5,Beam 3 (metal only),vbn+N167+E226,2.666032,1.09275,0.16924,2072.57,8.16588,4.34426
1,5,5,Beam 3 (metal only),rkf+N536+E166,4.360957,0.831483,0.3907,2048.04,10.61097,7.64608
1,5,5,Beam 3 (metal only),whv+N574+E119,7.512375,0.434047,0.5231,2222.5,13.52856,9.99657
1,5,5,Beam 3 (metal only),reo-e+N666+E123,3.402221,0.45163,0.61564,1852.31,28.60503,9.5931
1,5,5,Beam 3 (metal only),wkm+N476+E234,0.432595,0.377078,0.82876,757.404,62.78307,60.98859
1,5,5,Beam 3 (metal only),ske+N453+E182,4.20689,1.0276,0.36084,2679.52,9.78807,7.08276
1,5,5,Beam 3 (metal only),vby+N274+E45,5.402944,0.370385,0.62206,1832.42,15.41609,10.95677
1,5,5,Beam 3 (metal only),wks+N612+E142,4.490667,0.594892,0.49596,2122.47,17.01018,12.13383
1,5,5,Beam 4 (random baseline),wfk+N715+E95,3.15773,1.04831,0.19808,2123.82,8.51018,5.14667
1,5,5,Beam 4 (random baseline),vbo+N6+E16,4.246111,0.90732,0.16588,2011.24,7.26022,4.32233
1,5,5,Beam 4 (random baseline),whk+N125+E32,5.036309,0.311588,0.68714,1578.27,24.38034,13.59747
1,5,5,Beam 4 (random baseline),vcs+N352+E89,1.334762,1.26157,0.0,0.0,6.70732,1.64288
1,5,5,Beam 4 (random baseline),lcs+N44+E215,4.066676,0.241802,0.71812,1424.43,20.75368,15.67034
1,5,5,Beam 4 (random baseline),ith-e+N530+E176,3.846512,0.546352,0.5453,2017.39,18.86819,9.1225
1,5,5,Beam 4 (random baseline),whe+N16+E111,2.303616,0.354065,0.6766,1730.41,21.32414,18.35555
1,5,5,Beam 4 (random baseline),vmj+N612+E166,4.702479,0.811266,0.41668,2150.93,11.34982,9.39511
1,5,5,Beam 4 (random baseline),wmn+N354+E155,3.377574,0.84873,0.5079,2109.68,17.77998,11.74112
1,5,5,Beam 4 (random baseline),wih+N576+E166,2.226173,0.595398,0.608,1737.98,23.13228,21.46218
1,6,6,Beam 1 (full hypothesis),sxf+N467+E188,4.086943,0.413298,0.60966,1845.49,20.91418,12.19661
1,6,6,Beam 1 (full hypothesis),whv+N595+E187,5.210463,0.368306,0.61078,1926.32,16.44093,12.89462
1,6,6,Beam 1 (full hypothesis),snx+N162+E150,9.693299,0.327569,0.62346,1893.07,16.75491,12.45296
1,6,6,Beam 1 (full hypothesis),wmf+N574+E113,6.539231,0.317068,0.64382,1753.09,23.63176,11.63858
1,6,6,Beam 1 (full hypothesis),whw+N180+E49,5.326785,0.435778,0.54334,1817.84,16.09897,12.85642
1,6,6,Beam 1 (full hypothesis),wir+N213+E145,2.132102,0.40084,0.63832,1748.75,16.98151,13.34646
1,6,6,Beam 1 (full hypothesis),wgv+N533+E163,6.733067,0.457323,0.55776,1965.53,15.60362,10.99976
1,6,6,Beam 1 (full hypothesis),sxg+N595+E187,5.860153,0.373469,0.60238,1947.2,19.55432,10.82737
1,6,6,Beam 1 (full hypothesis),sxe+N328+E190,6.344287,0.346798,0.58148,1938.35,19.74038,11.73959
1,6,6,Beam 2 (chemistry),soj+N574+E113,7.596333,0.382998,0.57336,2043.21,15.80698,11.1683
1,6,6,Beam 2 (chemistry),wkg+N529+E145,2.091974,0.613185,0.54434,2024.66,14.50589,10.06934
1,6,6,Beam 2 (chemistry),wmi+N480+E187,4.923899,0.380406,0.60664,1920.98,20.81974,11.1167
1,6,6,Beam 2 (chemistry),vcc+N422+E224,5.316905,0.455984,0.53554,2367.77,14.11336,8.37153
1,6,6,Beam 2 (chemistry),vmh+N183+E126,2.954094,0.259687,0.728,1331.95,20.33282,18.97531
1,6,6,Beam 2 (chemistry),smu+N684+E64,2.570894,0.222867,0.76922,1210.25,26.55519,17.6171
1,6,6,Beam 2 (chemistry),whf+N240+E221,4.941669,0.49542,0.46514,1754.68,22.32943,15.77543
1,6,6,Beam 3 (metal only),whr+N341+E111,2.95675,0.311488,0.67086,1754.74,20.13424,18.1903
1,6,6,Beam 3 (metal only),whp+N533+E11,8.914896,0.420074,0.56594,1956.99,16.91267,14.60132
1,6,6,Beam 3 (metal only),wks+N480+E112,4.234255,0.430821,0.5817,1968.09,19.08709,14.62722
1,6,6,Beam 3 (metal only),wml+N574+E4,6.410735,0.215363,0.74284,1350.37,37.13437,34.96497
1,6,6,Beam 3 (metal only),wgz+N328+E52,5.951222,0.65051,0.38002,2142.5,14.97425,6.7648
1,6,6,Beam 3 (metal only),whh+N475+E132,1.700271,1.3102,0.16142,1639.39,9.00381,2.57249
1,6,6,Beam 3 (metal only),wky+N222+E7,1.93762,0.211911,0.77124,1281.93,21.13347,17.81978
1,6,6,Beam 3 (metal only),qtz-x+N553+E155,2.144806,0.471979,0.63702,1892.19,14.75728,11.11648
1,6,6,Beam 4 (random baseline),wmz+N167+E43,4.912961,0.646482,0.45648,2021.01,13.58331,8.04981
1,6,6,Beam 4 (random baseline),vbq+N553+E7,1.651426,0.158687,0.8326,931.5,27.08592,23.01542
1,6,6,Beam 4 (random baseline),qtz+N27+E218,2.331849,0.134246,0.84288,851.99,25.0138,22.30365
1,6,6,Beam 4 (random baseline),snh+N152+E71,2.676253,1.10103,0.30162,2065.21,13.70351,5.69861
1,6,6,Beam 4 (random baseline),fnq+N332+E50,2.495083,0.414619,0.65516,1666.58,19.42752,11.09832
1,6,6,Beam 4 (random baseline),acs-h+N206+E45,1.243274,0.627424,0.5953,1812.64,21.60274,19.88039
1,6,6,Beam 4 (random baseline),umo+N719+E177,5.247877,0.161047,0.80918,970.134,40.66533,37.08039
1,6,6,Beam 4 (random baseline),mon+N557+E199,1.634382,0.202689,0.74048,1440.15,20.17304,15.06631
1,6,6,Beam 4 (random baseline),hbo+N448+E81,1.571962,0.226753,0.81536,967.041,33.78555,19.63496
1,7,7,Beam 1 (full hypothesis),wit+N366+E179,4.097922,0.400386,0.63162,1767.86,19.19034,12.5879
1,7,7,Beam 1 (full hypothesis),wia+N162+E132,8.778125,0.4153,0.57612,1960.2,16.81678,11.03048
1,7,7,Beam 1 (full hypothesis),wky+N274+E132,7.960074,0.413504,0.57396,1920.4,15.0435,11.52036
1,7,7,Beam 1 (full hypothesis),acs+N447+E163,7.008034,0.374486,0.59758,2016.56,15.35616,13.21076
1,7,7,Beam 1 (full hypothesis),wir+N481+E179,5.485558,0.424352,0.61246,1862.55,17.98218,11.94285
1,7,7,Beam 1 (full hypothesis),wig+N529+E179,5.14706,0.422449,0.62518,1829.73,15.99705,13.04964
1,7,7,Beam 1 (full hypothesis),wio+N574+E163,6.497491,0.377227,0.60316,1812.27,19.03076,11.00006
1,7,7,Beam 1 (full hypothesis),wir+N343+E179,5.743674,0.449585,0.59538,1918.61,18.61701,11.05631
1,7,7,Beam 1 (full hypothesis),whz+N384+E179,5.754502,0.39014,0.6331,1798.68,18.06449,13.59677
1,7,7,Beam 2 (chemistry),wmh+N541+E163,3.271524,0.406251,0.64424,1623.52,22.054,16.31738
1,7,7,Beam 2 (chemistry),sxe+N183+E163,4.277881,0.429781,0.60166,1872.89,19.23788,12.61977
1,7,7,Beam 2 (chemistry),snf+N384+E132,1.763592,0.600309,0.56738,1568.57,22.8683,12.23922
1,7,7,Beam 2 (chemistry),whm+N208+E132,5.238879,0.350244,0.7055,1482.31,25.77582,22.54355
1,7,7,Beam 2 (chemistry),sxj+N476+E132,0.2308953,0.666185,0.74396,1043.31,28.60593,24.13998
1,7,7,Beam 2 (chemistry),win+N85+E179,6.770787,0.388766,0.618,1795.94,20.88269,18.60462
1,7,7,Beam 2 (chemistry),whp+N657+E179,5.072367,0.274786,0.72166,1354.0,27.03499,24.40775
1,7,7,Beam 2 (chemistry),vmf+N481+E132,3.680739,0.69867,0.47246,2267.7,11.90283,9.56643
1,7,7,Beam 3 (metal only),wmo+N366+E70,3.583768,0.675826,0.51646,2168.16,15.72088,12.5864
1,7,7,Beam 3 (metal only),whn+N453+E218,5.245845,0.493017,0.55276,2174.33,14.37781,9.67198
1,7,7,Beam 3 (metal only),wiu+N476+E36,0.293899,0.368528,0.8318,805.289,28.73614,22.88448
1,7,7,Beam 3 (metal only),lcs-e+N481+E184,3.533831,1.0507,0.23338,2067.25,10.02182,5.40645
1,7,7,Beam 3 (metal only),wib+N384+E184,2.922373,1.08359,0.16548,2096.75,8.43946,4.61247
1,7,7,Beam 3 (metal only),wib+N684+E206,2.250357,0.741432,0.50088,1722.16,16.9288,12.01994
1,7,7,Beam 3 (metal only),vbn+N438+E179,5.558191,0.446526,0.60264,1854.83,15.69342,11.32525
1,7,7,Beam 3 (metal only),sxe+N453+E8,3.116408,0.533712,0.59758,1846.62,17.42846,10.74512
1,7,7,Beam 4 (random baseline),ume+N342+E194,1.821311,0.0571067,0.93156,386.252,44.76895,41.59977
1,7,7,Beam 4 (random baseline),whc+N696+E155,2.30941,0.560025,0.62794,1724.32,21.50596,16.1584
1,7,7,Beam 4 (random baseline),upd+N359+E112,6.527179,0.310728,0.6276,1831.52,17.32826,8.85341
1,7,7,Beam 4 (random baseline),uol+N562+E132,1.400393,0.321346,0.76028,1220.44,22.08898,18.18402
1,7,7,Beam 4 (random baseline),upd+N109+E112,4.392577,0.337426,0.67786,1762.98,17.67163,11.32188
1,7,7,Beam 4 (random baseline),ukl+N513+E110,7.794764,0.446594,0.49714,2459.84,13.66397,8.4173
1,7,7,Beam 4 (random baseline),umb+N215+E31,0.9974724,0.171659,0.86874,725.796,43.57446,42.59055
1,7,7,Beam 4 (random baseline),vbx+N384+E43,5.4934,0.684669,0.44418,2023.94,13.92698,10.04941
1,7,7,Beam 4 (random baseline),wir+N400+E176,1.446651,0.450342,0.69974,1494.1,23.64194,15.41361
1,8,8,Beam 1 (full hypothesis),snl+N529+E163,4.955682,0.440101,0.61096,1970.7,14.7615,10.85684
1,8,8,Beam 1 (full hypothesis),vbm+N447+E179,6.451807,0.323389,0.64084,1789.43,16.90433,12.55484
1,8,8,Beam 1 (full hypothesis),vbl+N213+E163,6.13789,0.360357,0.63272,1709.27,19.96832,12.48081
1,8,8,Beam 1 (full hypothesis),wgv+N336+E179,6.366007,0.413312,0.59412,1870.05,17.29283,12.26153
1,8,8,Beam 1 (full hypothesis),vbn+N85+E163,5.495529,0.375143,0.64108,1805.87,16.83791,11.82389
1,8,8,Beam 1 (full hypothesis),pyr-e+N180+E179,7.034296,0.449813,0.5631,1973.65,15.30879,11.71773
1,8,8,Beam 1 (full hypothesis),whb+N574+E163,6.018985,0.346669,0.62704,1751.55,17.82541,12.93598
1,8,8,Beam 1 (full hypothesis),wko+N643+E163,3.568932,0.442835,0.61062,1786.1,18.71482,14.83294
1,8,8,Beam 1 (full hypothesis),sol+N222+E163,7.868836,0.400182,0.58096,1937.82,16.28259,13.72864
1,8,8,Beam 2 (chemistry),wmt+N180+E132,2.283372,0.398869,0.68132,1191.28,35.70488,35.21049
1,8,8,Beam 2 (chemistry),wja+N274+E179,6.10633,0.245601,0.72586,1348.95,29.83115,16.53319
1,8,8,Beam 2 (chemistry),sms+N222+E132,4.455075,0.454934,0.55302,1810.67,16.39906,12.96244
1,8,8,Beam 2 (chemistry),smr+N480+E132,4.327725,0.856359,0.36018,2375.08,12.42369,9.59464
1,8,8,Beam 2 (chemistry),sxi+N222+E132,4.585115,0.446117,0.5577,1845.03,16.34268,12.59286
1,8,8,Beam 2 (chemistry),whb+N643+E132,4.313633,0.769803,0.39614,2522.05,11.40736,6.48648
1,8,8,Beam 2 (chemistry),wna+N541+E163,4.508701,0.440734,0.6141,1886.23,21.86677,10.0391
1,8,8,Beam 2 (chemistry),whe+N49+E132,2.77015,1.04927,0.2659,1463.59,13.34619,7.12484
1,8,8,Beam 2 (chemistry),wkk+N328+E163,6.044543,0.260714,0.73208,1246.04,49.90343,48.7753
1,8,8,Beam 3 (metal only),soj+N234+E73,7.394184,0.623259,0.39024,2349.04,11.69602,8.0951
1,8,8,Beam 3 (metal only),sxe+N447+E209,4.707638,0.227617,0.73388,1297.99,26.19485,17.25749
1,8,8,Beam 3 (metal only),whs+N574+E149,6.501271,0.473581,0.52532,1912.31,23.30873,22.78777
1,8,8,Beam 3 (metal only),rkf+N422+E166,1.814705,0.621348,0.54092,1708.96,13.88527,11.68483
1,8,8,Beam 3 (metal only),vcf+N49+E30,3.447189,0.369543,0.61006,1973.82,16.13589,12.25877
1,8,8,Beam 3 (metal only),smn+N222+E38,4.019923,0.330686,0.60776,2062.6,12.71178,10.16029
1,8,8,Beam 3 (metal only),whk+N690+E166,3.815176,0.585181,0.53216,2179.58,16.80065,8.37316
1,8,8,Beam 3 (metal only),snm+N574+E142,8.691971,0.362362,0.59882,1852.85,20.80924,19.24077
1,8,8,Beam 3 (metal only),vmh+N274+E24,4.091438,0.24123,0.71414,1421.55,20.25827,16.91826
1,8,8,Beam 4 (random baseline),wkk+N476+E48,0.3586402,0.55525,0.76422,989.96,53.51032,51.20414
1,8,8,Beam 4 (random baseline),smm+N521+E138,5.40501,0.661941,0.39258,2572.85,12.77436,11.27387
1,8,8,Beam 4 (random baseline),osd+N632+E7,1.380433,0.444268,0.66656,1725.0,17.88825,15.65892
1,8,8,Beam 4 (random baseline),vbt+N590+E28,2.028757,0.183918,0.81618,1001.32,29.61527,27.45032
1,8,8,Beam 4 (random baseline),ukw+N153+E160,3.969742,0.422958,0.64776,1721.64,20.46201,11.04894
1,8,8,Beam 4 (random baseline),snr+N311+E173,2.62183,0.71153,0.49608,1801.61,18.74633,12.52564
1,8,8,Beam 4 (random baseline),uoy+N385+E163,2.106585,0.244559,0.77744,1205.12,20.6392,17.0892
1,8,8,Beam 4 (random baseline),umx+N387+E138,1.274136,0.392976,0.70948,1471.36,25.91048,24.82434
1,9,9,Beam 1 (full hypothesis),vbu+N696+E181,2.630637,0.414103,0.60392,1905.4,15.96933,11.7059
1,9,9,Beam 1 (full hypothesis),vbr+N533+E96,4.88057,0.367637,0.60584,1860.11,16.8181,12.98736
1,9,9,Beam 1 (full hypothesis),vme+N643+E96,2.471139,0.385816,0.63874,1701.7,18.35474,12.53917
1,9,9,Beam 1 (full hypothesis),sme+N560+E163,5.855057,0.417351,0.5937,2024.34,15.59858,11.30173
1,9,9,Beam 1 (full hypothesis),ske+N213+E222,3.437022,0.291068,0.65412,1821.44,14.67143,11.41049
1,9,9,Beam 1 (full hypothesis),kag+N533+E61,6.178141,0.319139,0.6465,1716.25,20.60747,18.14211
1,9,9,Beam 1 (full hypothesis),wja+N287+E96,2.684507,0.381072,0.65494,1742.47,20.95212,15.06115
1,9,9,Beam 1 (full hypothesis),vbs+N480+E163,4.348408,0.446368,0.6015,1786.94,16.77596,13.28065
1,9,9,Beam 1 (full hypothesis),vbt+N533+E222,4.121889,0.321861,0.65138,1723.68,18.20615,16.73988
1,9,9,Beam 2 (chemistry),vbu+N533+E222,4.164619,0.335306,0.6362,1741.76,17.74907,13.88053
1,9,9,Beam 2 (chemistry),vbu+N49+E149,3.732252,0.946694,0.31446,2043.53,11.02201,9.17604
1,9,9,Beam 2 (chemistry),win+N49+E222,3.947023,0.407249,0.6239,1634.14,22.9467,21.13939
1,9,9,Beam 2 (chemistry),snq+N33+E222,1.795978,0.269766,0.74878,1346.02,29.2405,28.72404
1,9,9,Beam 2 (chemistry),whe+N533+E222,4.173816,0.322302,0.6535,1633.59,24.0379,18.08395
1,9,9,Beam 2 (chemistry),wmn+N240+E149,2.928427,0.94209,0.20064,1945.59,10.98045,8.7142
1,9,9,Beam 2 (chemistry),whi+N529+E149,5.093498,0.855795,0.38306,2307.2,12.64765,9.53645
1,9,9,Beam 2 (chemistry),vbp+N533+E149,4.971241,0.852783,0.2757,2462.46,8.79309,5.55825
1,9,9,Beam 3 (metal only),soj+N85+E142,7.263825,0.671332,0.3552,2791.75,8.73798,6.21863
1,9,9,Beam 3 (metal only),wmu+N643+E163,3.441161,0.398169,0.64726,1636.19,24.78537,22.62362
1,9,9,Beam 3 (metal only),wmt+N533+E222,2.894085,0.26497,0.72252,1216.95,33.74423,32.09816
1,9,9,Beam 3 (metal only),sms+N16+E234,4.878595,0.432514,0.63292,1776.8,20.33779,13.60072
1,9,9,Beam 3 (metal only),sml+N475+E218,6.63528,0.505166,0.52162,2198.57,18.26223,17.73178
1,9,9,Beam 3 (metal only),smt+N590+E185,2.027366,1.23512,0.40438,2031.78,14.03045,12.94754
1,9,9,Beam 3 (metal only),wgv+N475+E43,2.606027,1.10196,0.18336,1941.1,8.61108,4.37959
1,9,9,Beam 3 (metal only),sme+N533+E3,11.50625,0.407826,0.57302,2042.35,14.56604,9.76605
1,9,9,Beam 3 (metal only),msw+N508+E131,3.882989,0.92747,0.28854,2565.3,8.02248,6.3166
1,9,9,Beam 4 (random baseline),wkl+N155+E215,3.424275,0.438333,0.66778,1552.49,39.94334,39.40847
1,9,9,Beam 4 (random baseline),sod-e+N265+E31,2.475352,0.361863,0.71692,1432.77,36.75516,12.47254
1,9,9,Beam 4 (random baseline),vmi+N521+E190,5.721849,0.470307,0.48484,2061.51,14.20969,10.13941
1,9,9,Beam 4 (random baseline),ecm+N70+E64,3.61661,0.325818,0.6891,1615.17,22.29268,13.51763
1,9,9,Beam 4 (random baseline),wis+N489+E22,3.119526,0.282141,0.68338,1671.78,17.72519,11.79138
1,9,9,Beam 4 (random baseline),wkk+N232+E81,5.706731,0.414335,0.63792,1598.96,34.19069,33.90456
1,9,9,Beam 4 (random baseline),ukp+N257+E158,1.567569,0.448496,0.64912,1795.05,17.27138,15.4847
1,9,9,Beam 4 (random baseline),wmi+N105+E65,2.837385,0.379276,0.63286,1911.51,22.56721,9.25342
1,9,9,Beam 4 (random baseline),vbt+N214+E189,5.272294,0.35957,0.6334,1779.13,19.43884,17.66496
1,9,9,Beam 4 (random baseline),lvt+N109+E155,1.876115,1.52573,0.18548,1952.36,7.83335,7.51894
1,10,10,Beam 1 (full hypothesis),wmj+N560+E81,7.401513,0.425793,0.5774,1997.61,19.16677,14.76475
1,10,10,Beam 1 (full hypothesis),wgz+N453+E61,3.996741,0.427092,0.61188,1833.78,20.91162,11.07293
1,10,10,Beam 1 (full hypothesis),vcc+N666+E40,5.466865,0.37968,0.64452,1790.14,17.1538,10.90517
1,10,10,Beam 1 (full hypothesis),sme+N336+E222,3.586486,0.397705,0.58814,2036.9,15.32523,10.15475
1,10,10,Beam 1 (full hypothesis),smi+N179+E11,4.788164,0.405953,0.63726,1755.64,16.53221,15.08593
1,10,10,Beam 1 (full hypothesis),vbu+N384+E96,2.579591,0.385852,0.62932,1756.35,18.21367,14.59413
1,10,10,Beam 1 (full hypothesis),smi+N560+E96,3.143335,0.329512,0.66042,1710.17,17.52786,15.88068
1,10,10,Beam 1 (full hypothesis),sol+N666+E32,7.179201,0.374634,0.62812,1847.0,18.44195,15.39706
1,10,10,Beam 1 (full hypothesis),tfs+N287+E61,3.660066,0.362924,0.65162,1772.85,21.83976,20.3753
1,10,10,Beam 2 (chemistry),whz+N343+E48,3.396063,1.01508,0.23016,2349.61,9.36787,4.81725
1,10,10,Beam 2 (chemistry),wgw+N533+E48,3.781606,0.90267,0.18494,2206.29,8.10868,4.76735
1,10,10,Beam 2 (chemistry),whg+N696+E142,2.794556,0.379423,0.63362,1740.75,22.88634,11.3598
1,10,10,Beam 2 (chemistry),smd+N384+E222,2.570605,0.351452,0.65422,1804.51,23.6961,19.93228
1,10,10,Beam 2 (chemistry),vbv+N666+E181,3.805022,0.491025,0.5801,2022.1,18.49065,9.12165
1,10,10,Beam 2 (chemistry),wjd+N476+E222,0.2905585,0.402902,0.822,819.396,43.47379,21.18983
1,10,10,Beam 2 (chemistry),vbt+N612+E96,2.537742,0.423514,0.60908,1810.68,18.30721,16.10886
1,10,10,Beam 2 (chemistry),hxg+N334+E61,5.881562,0.742416,0.33586,2480.34,10.56963,5.9479
1,10,10,Beam 2 (chemistry),crs+N560+E85,5.558549,0.540683,0.48986,2074.07,14.48345,10.09496
1,10,10,Beam 2 (chemistry),wmu+N453+E48,3.474376,1.05309,0.27282,2144.45,11.34159,8.2117
1,10,10,Beam 3 (metal only),wma+N287+E44,3.814164,0.943162,0.41014,2443.69,10.51644,6.82913
1,10,10,Beam 3 (metal only),vme+N213+E33,2.989022,0.20278,0.74682,1435.41,19.03811,14.84949
1,10,10,Beam 3 (metal only),vbm+N476+E53,0.3557545,0.472665,0.7948,935.442,28.79542,20.5435
1,10,10,Beam 3 (metal only),whf+N666+E82,2.734029,0.374019,0.70994,1499.73,29.89273,16.97456
1,10,10,Beam 3 (metal only),wmh+N453+E119,3.109509,0.73916,0.43502,2374.39,12.55975,9.02892
1,10,10,Beam 3 (metal only),wmy+N334+E166,3.515097,0.81709,0.37854,2291.83,9.59911,7.18212
1,10,10,Beam 3 (metal only),wmk+N384+E225,2.674059,0.213456,0.77828,1158.9,30.96174,21.04862
1,10,10,Beam 3 (metal only),wne+N560+E73,3.318159,0.5582,0.49548,2027.16,21.79595,18.39301
1,10,10,Beam 3 (metal only),lcy-e+N480+E92,5.875973,0.7607,0.38002,2288.19,11.65285,7.92638
1,10,10,Beam 3 (metal only),sms+N476+E142,0.2841913,0.634878,0.73292,1154.54,30.70488,18.40653
1,10,10,Beam 4 (random baseline),ecl+N432+E215,5.974052,0.430802,0.5333,2165.39,17.66376,14.97382
1,10,10,Beam 4 (random baseline),wie+N336+E216,3.030131,0.998685,0.1552,2279.56,7.42175,3.90759
1,10,10,Beam 4 (random baseline),unf+N136+E66,2.475231,0.243942,0.75426,1317.95,22.61643,16.02602
1,10,10,Beam 4 (random baseline),lcs-f+N606+E128,3.204633,0.0729502,0.9112,490.174,47.60689,36.67223
1,10,10,Beam 4 (random baseline),vbl+N334+E2,2.496934,0.230608,0.76152,1277.3,26.67625,17.46853
1,10,10,Beam 4 (random baseline),vct+N121+E30,5.612685,0.414045,0.58822,2136.02,15.2472,10.44338
1,10,10,Beam 4 (random baseline),ukt+N700+E41,0.9427676,0.148367,0.89494,609.0,44.28357,35.37014
1,10,10,Beam 4 (random baseline),whw+N568+E31,1.755916,0.38773,0.68302,1569.88,18.56601,17.52988
1,10,10,Beam 4 (random baseline),umc+N618+E199,1.695889,0.233377,0.74348,1366.86,18.46181,12.85161
1,10,10,Beam 4 (random baseline),ull+N42+E182,1.714659,0.224034,0.77218,1189.29,35.4262,16.11843
2,1,1,Beam 1 (full hypothesis),thp-x+N419+E179,3.441227,1.08474,0.21924,2330.25,9.12247,4.24093
2,1,1,Beam 1 (full hypothesis),fcu+N419+E163,5.457651,0.907064,0.3131,2639.55,11.19325,4.6399
2,1,1,Beam 1 (full hypothesis),rgd+N419+E163,3.170273,1.09943,0.245,2054.92,13.82029,4.53265
2,1,1,Beam 1 (full hypothesis),hcp+N419+E179,4.912708,0.941147,0.2941,2600.28,9.93931,5.33753
2,1,1,Beam 1 (full hypothesis),hcp+N419+E163,4.650461,1.01198,0.2647,2537.73,8.17838,4.72725
2,1,1,Beam 1 (full hypothesis),fcu+N419+E179,6.805937,0.846011,0.34332,2648.27,11.33794,5.13296
2,1,1,Beam 1 (full hypothesis),xii+N419+E163,1.858888,1.40094,0.14252,1686.64,8.87603,2.7761
2,1,1,Beam 1 (full hypothesis),rgd+N419+E179,3.870168,1.02344,0.27776,2161.71,13.89921,7.62693
2,1,1,Beam 1 (full hypothesis),xii+N419+E179,2.548023,1.295,0.17936,1802.56,9.803,3.42817
2,1,1,Beam 1 (full hypothesis),thp-x+N419+E163,2.75527,1.16485,0.18916,2203.65,8.95577,4.18288
2,1,1,Beam 3 (metal only),fcu+N419+E185,0.3526254,2.71257,0.0,0.0,6.08838,1.80088
2,1,1,Beam 3 (metal only),fcu+N419+E12,5.766585,0.571767,0.52852,2273.94,14.03275,7.50149
2,1,1,Beam 3 (metal only),hcp+N419+E222,4.50803,0.847857,0.33464,2759.13,11.01212,5.13041
2,1,1,Beam 3 (metal only),thp-x+N419+E3,4.141024,0.971715,0.27874,2533.08,9.71383,5.80929
2,1,1,Beam 3 (metal only),xii+N419+E68,2.8323,1.30245,0.20896,1974.54,9.87507,3.91972
2,1,1,Beam 3 (metal only),xii+N419+E95,0.0001091866,2.51245,0.0,0.0,4.45723,1.12402
2,1,1,Beam 3 (metal only),thp-x+N419+E132,0.8435074,1.82866,0.08956,1567.83,6.36624,2.3885
2,1,1,Beam 3 (metal only),xii+N419+E186,0.3655969,2.23272,0.0,0.0,5.36847,1.45877
2,1,1,Beam 3 (metal only),hcp+N419+E131,0.7893725,1.87698,0.055,1352.46,4.9231,3.0098
2,1,1,Beam 3 (metal only),fcu+N419+E186,2.002906,1.44578,0.15668,2182.9,8.06263,3.44397
2,1,1,Beam 4 (random baseline),wky+N151+E195,7.239718,0.313793,0.64922,1691.59,17.38019,12.77321
2,1,1,Beam 4 (random baseline),sng+N283+E211,3.485732,0.576176,0.4703,1715.77,22.54594,10.42872
2,1,1,Beam 4 (random baseline),umr+N708+E181,2.206004,0.1433,0.83246,924.736,32.45971,30.80299
2,1,1,Beam 4 (random baseline),sni+N378+E59,1.608818,0.146828,0.8571,730.6,51.4368,49.64238
2,1,1,Beam 4 (random baseline),uoc+N292+E82,1.745072,0.134437,0.86724,716.016,28.57755,24.69705
2,1,1,Beam 4 (random baseline),sxb+N65+E158,1.472954,1.35568,0.16888,2287.6,6.85876,3.9196
2,1,1,Beam 4 (random baseline),qdl+N551+E57,2.09384,0.292897,0.68258,1729.95,13.63521,10.90622
2,1,1,Beam 4 (random baseline),dmp+N156+E216,4.91089,0.877621,0.27514,2993.46,8.11017,4.61428
2,1,1,Beam 4 (random baseline),wmv+N135+E158,3.079068,1.00413,0.30842,2116.59,12.35667,9.68843
2,1,1,Beam 4 (random baseline),unn+N50+E28,2.662527,0.0840421,0.89182,579.755,39.58739,30.77341
2,2,2,Beam 1 (full hypothesis),fcu+N419+E179,6.579313,0.846011,0.34332,2648.27,11.33794,5.13296
2,2,2,Beam 1 (full hypothesis),fcu+N419+E36,5.362217,0.569792,0.5283,2275.17,14.028,7.43433
2,2,2,Beam 1 (full hypothesis),thp-x+N419+E209,6.407749,0.772552,0.38434,2472.87,12.17881,6.02431
2,2,2,Beam 1 (full hypothesis),fcu+N419+E39,2.78134,0.397659,0.63594,1738.73,19.52684,10.82585
2,2,2,Beam 1 (full hypothesis),rgd+N419+E41,3.166213,0.749802,0.45976,2528.25,16.34228,7.8697
2,2,2,Beam 1 (full hypothesis),rgd+N419+E21,5.235934,0.658839,0.45094,2353.55,19.28165,7.54595
2,2,2,Beam 1 (full hypothesis),fcu+N419+E33,6.317574,0.564827,0.52688,2453.65,15.37173,6.83575
2,2,2,Beam 1 (full hypothesis),fcu+N419+E21,5.901013,0.569033,0.51232,2239.9,14.83913,8.07301
2,2,2,Beam 1 (full hypothesis),hcp+N419+E3,6.013211,0.862844,0.36342,2430.38,10.90602,6.71759
2,2,2,Beam 2 (chemistry),xii+N419+E68,2.731578,1.30245,0.20896,1974.54,9.87507,3.91972
2,2,2,Beam 2 (chemistry),thp-x+N419+E163,2.82302,1.16485,0.18916,2203.65,8.95577,4.18288
2,2,2,Beam 3 (metal only),xii+N419+E4,4.216949,0.92015,0.28952,2788.03,10.60778,4.74463
2,2,2,Beam 3 (metal only),fcu+N419+E4,8.243618,0.638146,0.46416,2768.99,13.5255,5.61356
2,2,2,Beam 4 (random baseline),pcl+N292+E32,3.036689,0.118785,0.84972,857.554,28.91458,21.65216
2,2,2,Beam 4 (random baseline),wnc+N666+E184,4.448875,0.982905,0.2726,2393.0,10.97431,4.79183
2,2,2,Beam 4 (random baseline),wgy+N290+E12,2.092718,0.255471,0.7864,1160.23,37.39689,36.66485
2,2,2,Beam 4 (random baseline),ume+N464+E234,2.500282,0.10396,0.88334,642.582,32.52618,29.85433
2,2,2,Beam 4 (random baseline),ecc+N35+E149,2.928527,1.16291,0.18658,2187.31,8.09215,4.88733
2,2,2,Beam 4 (random baseline),snq+N478+E66,2.408424,0.280257,0.74644,1318.4,28.14335,27.45682
2,2,2,Beam 4 (random baseline),umd+N200+E138,3.202495,0.198871,0.77266,1158.81,29.08446,24.80696
2,3,3,Beam 1 (full hypothesis),fcu+N419+E121,4.373059,0.493498,0.55558,2136.44,17.1639,8.37822
2,3,3,Beam 1 (full hypothesis),thp-x+N419+E152,7.036706,0.693962,0.39604,2451.2,12.02688,6.73608
2,3,3,Beam 1 (full hypothesis),thp-x+N419+E30,5.42994,0.739587,0.36332,2833.2,10.90733,5.73065
2,3,3,Beam 1 (full hypothesis),thp-x+N419+E64,6.673515,0.696345,0.40052,2489.07,12.70075,6.5585
2,3,3,Beam 1 (full hypothesis),hcp+N419+E80,5.755896,0.818339,0.34292,2544.78,10.24236,6.39422
2,3,3,Beam 1 (full hypothesis),thp-x+N419+E4,5.368134,0.751604,0.37512,3033.31,10.35862,5.50679
2,3,3,Beam 1 (full hypothesis),xii+N419+E121,5.042616,0.751141,0.38628,2175.24,14.07532,6.63352
2,3,3,Beam 1 (full hypothesis),rgd+N419+E126,5.280842,0.716372,0.38612,2381.05,17.25208,6.69728
2,3,3,Beam 1 (full hypothesis),hcp+N419+E126,7.602869,0.666419,0.42436,2482.79,12.24291,6.90977
2,3,3,Beam 1 (full hypothesis),fcu+N419+E22,3.210853,0.598543,0.54578,2330.99,14.52567,7.38504
2,3,3,Beam 2 (chemistry),fcu+N419+E141,5.323075,0.790262,0.36248,2680.66,12.72386,5.17019
2,3,3,Beam 2 (chemistry),xii+N419+E222,2.615185,1.18738,0.20188,2077.78,10.03283,4.4346
2,3,3,Beam 2 (chemistry),thp-x+N419+E68,3.752915,1.09073,0.24692,2518.43,9.59966,4.60936
2,3,3,Beam 2 (chemistry),xii+N419+E40,3.94993,1.08925,0.25948,2005.44,11.06877,4.51148
2,3,3,Beam 2 (chemistry),xii+N419+E113,2.409628,1.26066,0.17504,1892.36,8.59899,3.51802
2,3,3,Beam 2 (chemistry),xii+N419+E187,2.090091,1.26233,0.14582,1781.68,8.90444,3.33579
2,3,3,Beam 2 (chemistry),hcp+N419+E113,4.091814,0.908408,0.28702,2714.18,9.3387,5.09619
2,3,3,Beam 2 (chemistry),hcp+N419+E12,6.25417,0.617901,0.50204,2307.35,13.8577,7.38654
2,3,3,Beam 3 (metal only),thp-x+N419+E104,3.457477,1.11104,0.24068,2516.1,8.87143,4.82948
2,3,3,Beam 3 (metal only),fcu+N419+E101,5.74228,0.604965,0.47092,2529.01,14.37743,6.48725
2,3,3,Beam 3 (metal only),thp-x+N419+E87,4.191681,0.860171,0.27414,2345.03,10.46378,5.8603
2,3,3,Beam 3 (metal only),xii+N419+E59,4.744676,0.654365,0.42748,2144.95,15.87727,7.84094
2,3,3,Beam 3 (metal only),rgd+N419+E9,2.662301,0.580482,0.55048,2179.44,21.38026,9.38857
2,3,3,Beam 3 (metal only),thp-x+N419+E101,4.816064,0.754553,0.35074,2718.86,10.76219,6.46858
2,3,3,Beam 3 (metal only),xii+N419+E234,2.561568,1.29145,0.18252,1891.24,10.04657,3.81022
2,3,3,Beam 3 (metal only),fcu+N419+E113,5.491106,0.824238,0.3423,2746.16,12.16594,4.45727
2,3,3,Beam 3 (metal only),hcp+N419+E22,2.825638,0.62495,0.5212,2405.29,12.89532,8.11497
2,3,3,Beam 3 (metal only),xii+N419+E194,2.990628,0.682621,0.4302,2276.87,14.9427,7.67697
2,3,3,Beam 4 (random baseline),dia-j+N508+E13,3.11592,0.366607,0.69338,1375.33,30.83891,23.8769
2,3,3,Beam 4 (random baseline),wie+N504+E29,4.556485,0.930707,0.28248,2356.95,9.89255,6.47035
2,3,3,Beam 4 (random baseline),wkl+N16+E33,2.242578,0.182722,0.83134,973.061,61.28044,60.98109
2,3,3,Beam 4 (random baseline),vbl+N476+E120,0.2885086,0.597576,0.7506,1101.18,28.80698,18.56847
2,3,3,Beam 4 (random baseline),wmz+N494+E108,0.3154719,1.28525,0.0,0.0,5.44026,2.22742
2,3,3,Beam 4 (random baseline),qtz-h+N485+E228,1.288629,0.101451,0.90672,473.676,41.47382,38.1172
2,3,3,Beam 4 (random baseline),smc+N472+E173,3.834354,0.529425,0.54714,2057.81,15.72886,10.36653
2,3,3,Beam 4 (random baseline),qtz+N282+E222,1.717929,0.135755,0.83718,942.129,21.00661,18.18715
2,3,3,Beam 4 (random baseline),wir+N638+E188,3.490025,0.298151,0.70764,1484.57,23.38631,16.29064
2,4,4,Beam 1 (full hypothesis),thp-x+N419+E33,7.229345,0.671441,0.44542,2738.0,11.50133,6.108
2,4,4,Beam 1 (full hypothesis),hcp+N419+E33,6.942195,0.600442,0.49266,2547.76,12.11517,7.02029
2,4,4,Beam 1 (full hypothesis),fcu+N419+E4,8.783738,0.638146,0.46416,2768.99,13.5255,5.61356
2,4,4,Beam 1 (full hypothesis),fcu+N419+E30,8.062953,0.622419,0.46,2764.1,13.73038,6.1273
2,4,4,Beam 1 (full hypothesis),hcp+N419+E30,6.368856,0.687503,0.41516,2883.94,11.05211,6.21045
2,4,4,Beam 1 (full hypothesis),hcp+N419+E4,6.27446,0.678277,0.431,2876.52,11.1599,6.03974
2,4,4,Beam 1 (full hypothesis),thp-x+N419+E12,6.033444,0.670139,0.4522,2549.27,11.74017,7.15912
2,4,4,Beam 1 (full hypothesis),thp-x+N419+E36,6.252395,0.671321,0.44384,2581.62,12.04191,7.07708
2,4,4,Beam 1 (full hypothesis),fcu+N419+E33,6.018943,0.564827,0.52688,2453.65,15.37173,6.83575
2,4,4,Beam 1 (full hypothesis),thp-x+N419+E82,5.029399,0.92076,0.38558,2439.77,13.14441,6.24552
2,4,4,Beam 3 (metal only),xii+N419+E47,5.471291,0.917911,0.3293,1971.59,13.72011,5.78898
2,4,4,Beam 3 (metal only),thp-x+N419+E222,3.952877,0.982875,0.26768,2573.73,10.62917,4.25
2,4,4,Beam 3 (metal only),rgd+N419+E3,4.627688,0.930196,0.32394,2307.01,15.54503,5.03665
2,4,4,Beam 3 (metal only),hcp+N419+E222,4.40344,0.847857,0.33464,2759.13,11.01212,5.13041
2,4,4,Beam 3 (metal only),xii+N419+E218,2.878383,1.13552,0.19918,2151.88,10.27328,5.62159
2,4,4,Beam 3 (metal only),rgd+N419+E11,3.013567,1.13628,0.22266,2132.68,12.7824,4.03626
2,4,4,Beam 3 (metal only),fcu+N419+E47,8.513693,0.630302,0.45296,2436.2,13.42715,6.96333
2,4,4,Beam 3 (metal only),rgd+N419+E61,4.398288,0.906781,0.29734,2301.22,15.62572,4.02488
2,4,4,Beam 3 (metal only),thp-x+N419+E3,4.112469,0.971715,0.27874,2533.08,9.71383,5.80929
2,4,4,Beam 3 (metal only),hcp+N419+E96,3.788787,0.921286,0.30712,2598.8,9.2935,6.04612
2,4,4,Beam 4 (random baseline),sxb+N269+E50,5.640603,0.615761,0.4549,2517.02,9.66981,7.92117
2,4,4,Beam 4 (random baseline),sxb+N668+E165,4.375784,0.868542,0.22022,2762.96,7.05998,4.82736
2,4,4,Beam 4 (random baseline),vcw+N650+E224,4.109903,0.971964,0.29536,2655.78,10.09642,6.74895
2,4,4,Beam 4 (random baseline),hxg+N602+E86,3.919208,0.815354,0.3018,2633.19,8.62427,5.54077
2,4,4,Beam 4 (random baseline),nbo+N492+E25,3.692368,0.950475,0.20056,2007.95,8.11118,4.62988
2,4,4,Beam 4 (random baseline),snh+N324+E163,3.819271,0.53955,0.58622,1785.72,25.81655,11.2993
2,4,4,Beam 4 (random baseline),uko+N257+E194,1.094794,0.142241,0.85114,856.509,31.06656,22.81521
2,4,4,Beam 4 (random baseline),umu+N649+E13,2.294084,0.424781,0.6681,1688.5,20.88241,17.00658
2,5,5,Beam 1 (full hypothesis),fcu+N419+E47,8.41625,0.630302,0.45296,2436.2,13.42715,6.96333
2,5,5,Beam 1 (full hypothesis),fcu+N419+E30,8.406963,0.622419,0.46,2764.1,13.73038,6.1273
2,5,5,Beam 1 (full hypothesis),thp-x+N419+E36,6.047901,0.671321,0.4443,2580.73,12.04733,7.07007
2,5,5,Beam 1 (full hypothesis),hcp+N419+E33,6.963573,0.600442,0.49322,2546.25,12.1223,7.0304
2,5,5,Beam 1 (full hypothesis),fcu+N419+E4,8.758149,0.638146,0.46416,2768.99,13.5255,5.61356
2,5,5,Beam 1 (full hypothesis),thp-x+N419+E33,7.164885,0.671501,0.44616,2736.0,11.50711,6.11635
2,5,5,Beam 1 (full hypothesis),xii+N419+E21,5.325825,0.824701,0.38612,2031.42,14.22634,6.29626
2,5,5,Beam 1 (full hypothesis),thp-x+N419+E41,4.698061,0.752955,0.45334,2592.45,10.97093,6.3727
2,5,5,Beam 1 (full hypothesis),hcp+N419+E30,6.266346,0.687503,0.41516,2883.94,11.05211,6.21045
2,5,5,Beam 1 (full hypothesis),fcu+N419+E68,6.437194,0.852594,0.3858,2471.7,12.52229,5.42123
2,5,5,Beam 2 (chemistry),xii+N419+E23,3.007615,1.19102,0.22078,2307.65,9.37725,4.66202
2,5,5,Beam 2 (chemistry),xii+N419+E3,3.518367,1.16389,0.24852,2018.16,10.63987,4.6369
2,5,5,Beam 2 (chemistry),xii+N419+E222,2.548635,1.18738,0.20188,2077.78,10.03283,4.4346
2,5,5,Beam 2 (chemistry),thp-x+N419+E222,3.964047,0.982875,0.26768,2573.73,10.62917,4.25
2,5,5,Beam 2 (chemistry),xii+N419+E234,2.509372,1.29145,0.18252,1891.24,10.04657,3.81022
2,5,5,Beam 2 (chemistry),thp-x+N419+E96,3.1692,1.05566,0.23282,2485.95,10.28765,3.99918
2,5,5,Beam 2 (chemistry),rgd+N419+E96,2.942375,1.00231,0.27044,2348.24,13.77863,7.63965
2,5,5,Beam 2 (chemistry),hcp+N419+E179,4.955602,0.941147,0.2941,2600.28,9.93931,5.33753
2,5,5,Beam 3 (metal only),hcp+N419+E23,5.409236,0.890668,0.35002,2647.6,10.66731,5.60531
2,5,5,Beam 3 (metal only),thp-x+N419+E3,4.076817,0.971715,0.27874,2533.08,9.71383,5.80929
2,5,5,Beam 3 (metal only),thp-x+N419+E23,3.995732,0.988403,0.27906,2740.58,8.86184,4.90806
2,5,5,Beam 3 (metal only),hcp+N419+E163,4.687958,1.01198,0.2647,2537.73,8.17838,4.72725
2,5,5,Beam 3 (metal only),xii+N419+E24,3.115499,1.19119,0.22476,2265.55,9.65293,4.61772
2,5,5,Beam 3 (metal only),hcp+N419+E24,5.328324,0.874208,0.3529,2679.89,10.89878,5.53793
2,5,5,Beam 3 (metal only),xii+N419+E53,2.073237,1.4723,0.1737,1876.29,9.54056,3.89278
2,5,5,Beam 3 (metal only),xii+N419+E32,3.234629,1.03442,0.19398,2364.33,8.8786,4.85415
2,5,5,Beam 4 (random baseline),whk+N465+E47,5.513352,0.295841,0.71164,1416.67,26.02232,14.41172
2,5,5,Beam 4 (random baseline),vbw+N378+E1,2.020649,0.138908,0.86564,702.047,36.37922,28.48979
2,5,5,Beam 4 (random baseline),vbo+N366+E35,2.421797,0.298295,0.71396,1511.91,18.28767,15.90219
2,5,5,Beam 4 (random baseline),uob+N710+E98,1.99142,0.158308,0.8338,907.162,39.10268,35.59193
2,5,5,Beam 4 (random baseline),uos+N42+E142,1.913427,0.147297,0.8286,910.492,31.50002,26.67071
2,5,5,Beam 4 (random baseline),sme+N86+E162,4.20686,0.953619,0.27628,2723.88,9.71858,4.79458
2,5,5,Beam 4 (random baseline),hbo+N631+E30,1.418689,0.115729,0.89766,541.238,56.81129,33.01331
2,5,5,Beam 4 (random baseline),uon+N623+E217,5.322901,0.662342,0.36506,2357.19,9.68837,6.5672
2,5,5,Beam 4 (random baseline),unb+N551+E102,2.627684,0.663253,0.59256,1773.85,22.84852,12.26256
2,6,6,Beam 1 (full hypothesis),fcu+N419+E4,8.388194,0.638146,0.46416,2768.99,13.5255,5.61356
2,6,6,Beam 1 (full hypothesis),fcu+N419+E47,8.67492,0.630302,0.45296,2436.2,13.42715,6.96333
2,6,6,Beam 1 (full hypothesis),fcu+N419+E40,8.425563,0.744545,0.39156,2617.66,11.22173,6.29901
2,6,6,Beam 1 (full hypothesis),thp-x+N419+E47,6.570117,0.765478,0.35922,2548.44,10.8801,7.1905
2,6,6,Beam 1 (full hypothesis),hcp+N419+E4,6.512208,0.678277,0.431,2876.52,11.1599,6.03974
2,6,6,Beam 1 (full hypothesis),thp-x+N419+E4,5.369299,0.751604,0.37512,3033.31,10.35862,5.50679
2,6,6,Beam 1 (full hypothesis),hcp+N419+E40,7.192381,0.796074,0.36238,2632.86,10.11879,5.548
2,6,6,Beam 1 (full hypothesis),hcp+N419+E32,6.647849,0.764922,0.33752,2656.26,11.15601,6.02617
2,6,6,Beam 1 (full hypothesis),rgd+N419+E4,4.063198,0.7325,0.3977,2811.96,16.1515,6.23836
2,6,6,Beam 1 (full hypothesis),rgd+N419+E40,4.867112,0.868571,0.32352,2409.7,15.5085,5.2726
2,6,6,Beam 3 (metal only),thp-x+N419+E3,4.186909,0.971715,0.27874,2533.08,9.71383,5.80929
2,6,6,Beam 3 (metal only),thp-x+N419+E53,3.286365,1.22798,0.22734,2355.97,9.38593,4.976
2,6,6,Beam 3 (metal only),xii+N419+E36,5.207717,0.821342,0.3699,2450.36,11.79698,6.39157
2,6,6,Beam 3 (metal only),rgd+N419+E209,5.768355,0.739959,0.41168,2357.62,16.19938,8.45566
2,6,6,Beam 3 (metal only),fcu+N419+E33,6.216482,0.564827,0.52688,2453.65,15.37173,6.83575
2,6,6,Beam 3 (metal only),rgd+N419+E21,5.3041,0.658839,0.45094,2353.55,19.28165,7.54595
2,6,6,Beam 3 (metal only),fcu+N419+E12,5.683535,0.571767,0.52852,2273.94,14.03275,7.50149
2,6,6,Beam 3 (metal only),xii+N419+E96,2.091298,1.2856,0.15442,1990.59,9.01244,4.01625
2,6,6,Beam 3 (metal only),hcp+N419+E218,5.494883,0.815954,0.32652,2783.83,9.48225,5.77416
2,6,6,Beam 3 (metal only),hcp+N419+E179,4.955019,0.941147,0.2941,2600.28,9.93931,5.33753
2,6,6,Beam 4 (random baseline),whi+N508+E13,2.982711,0.566955,0.50484,2298.22,15.71464,13.50772
2,6,6,Beam 4 (random baseline),reo+N363+E70,3.528526,1.16606,0.22174,2484.11,6.81215,3.85844
2,6,6,Beam 4 (random baseline),zfi+N254+E132,3.216707,0.684726,0.52148,2362.9,15.83237,7.55732
2,6,6,Beam 4 (random baseline),wid+N598+E95,3.251099,1.04965,0.17694,2166.92,8.5433,4.21759
2,6,6,Beam 4 (random baseline),wnb+N286+E24,2.589748,0.349063,0.70942,1504.34,21.07594,15.96447
2,6,6,Beam 4 (random baseline),sma+N506+E14,4.88384,0.413339,0.63114,1800.97,19.12033,18.21501
2,6,6,Beam 4 (random baseline),vmu+N677+E107,3.756916,0.391786,0.66244,1569.2,22.56662,18.92708
2,6,6,Beam 4 (random baseline),sml+N220+E202,4.06412,0.990261,0.38974,2604.28,13.40924,11.7199
2,6,6,Beam 4 (random baseline),crb+N200+E37,1.868009,0.226379,0.7558,1258.43,23.04767,21.52129
2,7,7,Beam 1 (full hypothesis),fcu+N419+E4,8.50901,0.638146,0.46416,2768.99,13.5255,5.61356
2,7,7,Beam 1 (full hypothesis),hcp+N419+E4,6.360944,0.678277,0.431,2876.52,11.1599,6.03974
2,7,7,Beam 1 (full hypothesis),fcu+N419+E40,8.549642,0.744545,0.39156,2617.66,11.22173,6.29901
2,7,7,Beam 1 (full hypothesis),fcu+N419+E47,8.771269,0.630302,0.45296,2436.2,13.42715,6.96333
2,7,7,Beam 1 (full hypothesis),thp-x+N419+E4,5.113918,0.751604,0.37512,3033.31,10.35862,5.50679
2,7,7,Beam 1 (full hypothesis),hcp+N419+E40,7.238308,0.796074,0.36238,2632.86,10.11879,5.548
2,7,7,Beam 1 (full hypothesis),rgd+N419+E4,4.136735,0.7325,0.3977,2811.96,16.1515,6.23836
2,7,7,Beam 1 (full hypothesis),rgd+N419+E40,4.780805,0.868571,0.32352,2409.7,15.5085,5.2726
2,7,7,Beam 1 (full hypothesis),hcp+N419+E61,5.196812,0.848661,0.31276,2557.06,9.96822,5.98764
2,7,7,Beam 1 (full hypothesis),hcp+N419+E32,6.735789,0.764922,0.33752,2656.26,11.15601,6.02617
2,7,7,Beam 3 (metal only),rgd+N419+E41,3.035016,0.749802,0.45976,2528.25,16.34228,7.8697
2,7,7,Beam 3 (metal only),hcp+N419+E36,6.620401,0.624393,0.4959,2324.46,12.87513,7.86238
2,7,7,Beam 3 (metal only),fcu+N419+E225,4.595779,0.513459,0.54524,2154.92,16.28396,8.07241
2,7,7,Beam 3 (metal only),hcp+N419+E12,6.391244,0.617901,0.50204,2307.35,13.8577,7.38654
2,7,7,Beam 3 (metal only),fcu+N419+E68,6.399368,0.852594,0.3858,2471.7,12.52229,5.42123
2,7,7,Beam 3 (metal only),hcp+N419+E33,7.129198,0.600442,0.49322,2546.25,12.1223,7.0304
2,7,7,Beam 3 (metal only),fcu+N419+E3,8.025803,0.798958,0.38154,2589.46,12.00515,6.18344
2,7,7,Beam 3 (metal only),hcp+N419+E179,4.896317,0.941147,0.2941,2600.28,9.93931,5.33753
2,7,7,Beam 3 (metal only),hcp+N419+E7,1.95572,0.591458,0.5539,2126.69,14.65534,9.16795
2,7,7,Beam 3 (metal only),xii+N419+E12,5.301007,0.822046,0.36904,2471.37,11.70818,5.98466
2,7,7,Beam 4 (random baseline),ecq+N326+E8,3.16118,0.584051,0.54586,1718.14,36.45561,35.721
2,7,7,Beam 4 (random baseline),yfd+N172+E187,0.221388,1.73027,0.02472,701.449,5.60778,2.61492
2,7,7,Beam 4 (random baseline),wfm+N192+E204,0.3445264,1.54149,0.0193,516.297,5.41971,2.19054
2,7,7,Beam 4 (random baseline),dmp+N164+E23,5.703358,0.40349,0.61872,2140.09,11.47329,9.54597
2,7,7,Beam 4 (random baseline),sst+N557+E185,2.979033,0.850601,0.51104,2072.34,24.21796,7.79608
2,7,7,Beam 4 (random baseline),umv+N156+E173,2.578703,0.480887,0.57742,2046.25,14.98142,13.25736
2,7,7,Beam 4 (random baseline),vcb+N172+E173,4.654628,0.765968,0.37826,2356.69,12.51215,7.68439
2,7,7,Beam 4 (random baseline),whf+N37+E111,2.033311,0.396486,0.65864,1808.41,23.94315,16.66029
2,7,7,Beam 4 (random baseline),gis+N303+E185,1.206301,0.725483,0.63178,1669.99,16.43433,12.66295
2,8,8,Beam 1 (full hypothesis),fcu+N419+E4,8.259204,0.638146,0.46416,2768.99,13.5255,5.61356
2,8,8,Beam 1 (full hypothesis),hcp+N419+E4,6.049959,0.678277,0.431,2876.52,11.1599,6.03974
2,8,8,Beam 1 (full hypothesis),fcu+N419+E40,8.608961,0.744545,0.39156,2617.66,11.22173,6.29901
2,8,8,Beam 1 (full hypothesis),fcu+N419+E3,8.16957,0.798958,0.38154,2589.46,12.00515,6.18344
2,8,8,Beam 1 (full hypothesis),fcu+N419+E47,8.558715,0.630302,0.45296,2436.2,13.42715,6.96333
2,8,8,Beam 1 (full hypothesis),thp-x+N419+E4,5.264615,0.751604,0.37512,3033.31,10.35862,5.50679
2,8,8,Beam 1 (full hypothesis),hcp+N419+E40,7.181334,0.796074,0.36238,2632.86,10.11879,5.548
2,8,8,Beam 1 (full hypothesis),hcp+N419+E3,6.115805,0.862844,0.36342,2430.38,10.90602,6.71759
2,8,8,Beam 1 (full hypothesis),rgd+N419+E4,4.043129,0.7325,0.3977,2811.96,16.1515,6.23836
2,8,8,Beam 1 (full hypothesis),rgd+N419+E40,4.866228,0.868571,0.32352,2409.7,15.5085,5.2726
2,8,8,Beam 3 (metal only),hcp+N419+E23,5.466342,0.890668,0.35002,2647.6,10.66731,5.60531
2,8,8,Beam 3 (metal only),fcu+N419+E7,1.973776,0.557254,0.5732,2141.98,16.65036,9.12315
2,8,8,Beam 3 (metal only),rgd+N419+E96,2.95811,1.00231,0.27044,2348.24,13.77863,7.63965
2,8,8,Beam 3 (metal only),thp-x+N419+E2,7.098176,0.607657,0.48274,2336.23,13.08955,7.59201
2,8,8,Beam 3 (metal only),fcu+N419+E218,6.725921,0.755289,0.3799,2670.64,10.11103,5.80342
2,8,8,Beam 3 (metal only),xii+N419+E36,5.278081,0.821342,0.3699,2450.36,11.79698,6.39157
2,8,8,Beam 3 (metal only),xii+N419+E30,4.440532,0.898819,0.29062,2684.79,11.10713,4.79436
2,8,8,Beam 3 (metal only),thp-x+N419+E24,4.28244,0.978816,0.28498,2707.05,9.32729,5.18968
2,8,8,Beam 3 (metal only),rgd+N419+E163,3.024631,1.09943,0.245,2054.92,13.82029,4.53265
2,8,8,Beam 3 (metal only),thp-x+N419+E98,5.43924,0.837596,0.31056,2475.42,11.03662,5.68452
2,8,8,Beam 4 (random baseline),unn+N304+E73,2.374831,0.520766,0.58104,2088.97,15.96476,11.93798
2,8,8,Beam 4 (random baseline),wfg+N626+E166,6.293454,0.648476,0.38114,2198.39,13.87375,8.85017
2,8,8,Beam 4 (random baseline),vca+N568+E18,4.526282,0.940512,0.33398,2338.27,9.91484,6.07289
2,8,8,Beam 4 (random baseline),tfs+N234+E108,5.688207,0.660275,0.31996,2370.17,11.8939,9.68589
2,8,8,Beam 4 (random baseline),ukl+N359+E123,4.625826,0.315392,0.61872,2033.21,13.13324,9.29601
2,8,8,Beam 4 (random baseline),wmc+N441+E37,1.865465,0.513345,0.63154,1743.33,16.92483,10.8844
2,8,8,Beam 4 (random baseline),vbx+N122+E190,2.437408,0.272227,0.76508,1095.36,36.60495,28.37615
2,8,8,Beam 4 (random baseline),wmj+N221+E134,2.670676,0.743438,0.4998,2020.24,18.08987,11.31259
2,8,8,Beam 4 (random baseline),vbs+N422+E32,5.011187,0.309654,0.67616,1736.28,19.26743,16.2712
2,8,8,Beam 4 (random baseline),srs-f+N364+E85,3.762706,0.123876,0.8811,517.902,49.08462,47.34777
2,9,9,Beam 1 (full hypothesis),xii+N419+E225,5.12123,0.772806,0.38992,2122.44,14.13258,6.97944
2,9,9,Beam 1 (full hypothesis),fcu+N419+E47,8.559593,0.630302,0.45296,2436.2,13.42715,6.96333
2,9,9,Beam 1 (full hypothesis),fcu+N419+E40,8.573817,0.744545,0.39156,2617.66,11.22173,6.29901
2,9,9,Beam 1 (full hypothesis),thp-x+N419+E22,3.725207,0.695137,0.47888,2616.91,11.14807,7.46653
2,9,9,Beam 1 (full hypothesis),fcu+N419+E4,8.73142,0.638146,0.46416,2768.99,13.5255,5.61356
2,9,9,Beam 1 (full hypothesis),thp-x+N419+E2,7.049628,0.607657,0.48274,2336.23,13.08955,7.59201
2,9,9,Beam 1 (full hypothesis),fcu+N419+E98,8.032632,0.672777,0.41456,2522.09,13.34904,6.05065
2,9,9,Beam 1 (full hypothesis),fcu+N419+E3,8.259984,0.798958,0.38154,2589.46,12.00515,6.18344
2,9,9,Beam 1 (full hypothesis),thp-x+N419+E33,7.242177,0.671501,0.44616,2736.0,11.50711,6.11635
2,9,9,Beam 2 (chemistry),hcp+N419+E96,3.947292,0.921286,0.30712,2598.8,9.2935,6.04612
2,9,9,Beam 2 (chemistry),xii+N419+E179,2.577015,1.295,0.17936,1802.56,9.803,3.42817
2,9,9,Beam 2 (chemistry),fcu+N419+E163,5.573569,0.907064,0.3131,2639.55,11.19325,4.6399
2,9,9,Beam 2 (chemistry),thp-x+N419+E234,3.438341,1.07312,0.22334,2410.03,10.12811,4.48323
2,9,9,Beam 2 (chemistry),rgd+N419+E11,3.081379,1.13628,0.22266,2132.68,12.7824,4.03626
2,9,9,Beam 2 (chemistry),rgd+N419+E68,3.895664,1.02804,0.30188,2261.57,15.20301,6.47588
2,9,9,Beam 2 (chemistry),xii+N419+E32,3.124908,1.03786,0.19286,2346.37,8.7187,4.8283
2,9,9,Beam 2 (chemistry),hcp+N419+E179,5.053809,0.941147,0.2941,2600.28,9.93931,5.33753
2,9,9,Beam 3 (metal only),thp-x+N419+E24,4.265331,0.978816,0.28498,2707.05,9.32729,5.18968
2,9,9,Beam 3 (metal only),thp-x+N419+E222,3.920851,0.982875,0.26768,2573.71,10.62916,4.25002
2,9,9,Beam 3 (metal only),thp-x+N419+E23,3.945855,0.988403,0.27906,2740.58,8.86184,4.90806
2,9,9,Beam 3 (metal only),xii+N419+E96,2.080962,1.28537,0.15494,1991.79,8.90474,3.96323
2,9,9,Beam 3 (metal only),xii+N419+E23,2.958523,1.19102,0.22078,2307.61,9.37723,4.66184
2,9,9,Beam 3 (metal only),hcp+N419+E163,4.711785,1.01198,0.2647,2537.73,8.17838,4.72725
2,9,9,Beam 3 (metal only),xii+N419+E234,2.581304,1.29145,0.18252,1891.24,10.04657,3.81022
2,9,9,Beam 3 (metal only),rgd+N419+E163,3.05456,1.09943,0.245,2054.92,13.82029,4.53265
2,9,9,Beam 3 (metal only),xii+N419+E209,4.562879,0.946518,0.30046,2212.83,11.01791,5.63772
2,9,9,Beam 4 (random baseline),vbm+N134+E20,2.283923,0.306617,0.6936,1559.81,18.49665,14.4707
2,9,9,Beam 4 (random baseline),qdl+N87+E177,4.961161,0.751462,0.25488,2827.8,7.38504,5.95319
2,9,9,Beam 4 (random baseline),wmn+N475+E205,1.193223,1.25186,0.0585,499.116,8.94299,6.79312
2,9,9,Beam 4 (random baseline),win+N630+E141,2.72506,0.328178,0.70154,1546.24,23.61525,21.53061
2,9,9,Beam 4 (random baseline),whd+N208+E222,3.845798,0.213621,0.79748,1090.68,29.91678,19.27191
2,9,9,Beam 4 (random baseline),wnj+N599+E226,1.553094,1.42797,0.12348,1494.44,8.09329,3.77955
2,9,9,Beam 4 (random baseline),qtz-a+N393+E177,2.819189,0.251316,0.79232,844.981,29.59228,23.3468
2,9,9,Beam 4 (random baseline),tes+N629+E141,6.373213,0.381769,0.6126,1769.46,22.92189,18.86849
2,9,9,Beam 4 (random baseline),zni+N355+E142,4.866816,0.475971,0.54294,2364.38,11.94313,10.12433
2,10,10,Beam 1 (full hypothesis),fcu+N419+E126,7.912321,0.61353,0.46334,2371.99,14.14839,6.68626
2,10,10,Beam 1 (full hypothesis),hcp+N419+E126,7.69863,0.666419,0.42436,2482.79,12.24291,6.90977
2,10,10,Beam 1 (full hypothesis),thp-x+N419+E223,7.145014,0.702823,0.3997,2456.97,13.1717,6.2058
2,10,10,Beam 1 (full hypothesis),fcu+N419+E40,8.367461,0.744545,0.39156,2617.66,11.22173,6.29901
2,10,10,Beam 1 (full hypothesis),fcu+N419+E47,8.4716,0.630302,0.45296,2436.2,13.42715,6.96333
2,10,10,Beam 1 (full hypothesis),fcu+N419+E3,7.996513,0.798958,0.38154,2589.46,12.00515,6.18344
2,10,10,Beam 1 (full hypothesis),fcu+N419+E34,7.985383,0.721141,0.40898,2474.28,12.49888,6.45273
2,10,10,Beam 1 (full hypothesis),rgd+N419+E187,2.865956,0.982891,0.2562,2244.25,13.26151,5.59087
2,10,10,Beam 1 (full hypothesis),hcp+N419+E34,6.386662,0.786074,0.38254,2421.96,10.69512,6.59403
2,10,10,Beam 1 (full hypothesis),hcp+N419+E40,7.110348,0.796074,0.36238,2632.86,10.11879,5.548
2,10,10,Beam 3 (metal only),hcp+N419+E141,4.994293,0.869976,0.30844,2736.89,9.89211,5.40943
2,10,10,Beam 3 (metal only),xii+N419+E80,3.021176,1.13541,0.21644,2042.68,9.48966,4.99016
2,10,10,Beam 3 (metal only),fcu+N419+E59,4.068515,0.437362,0.5824,2049.33,18.01045,8.97346
2,10,10,Beam 3 (metal only),hcp+N419+E152,8.002514,0.630428,0.43474,2476.24,12.2464,7.11149
2,10,10,Beam 3 (metal only),xii+N419+E59,4.876587,0.654776,0.42768,2135.46,15.8842,7.81928
2,10,10,Beam 3 (metal only),fcu+N419+E104,6.166099,0.876027,0.3709,2589.06,12.12977,5.3749
2,10,10,Beam 3 (metal only),xii+N419+E97,4.703909,0.889575,0.30548,2186.42,11.74467,5.61029
2,10,10,Beam 3 (metal only),thp-x+N419+E28,5.618,0.583774,0.49512,2287.73,14.42048,8.6163
2,10,10,Beam 3 (metal only),thp-x+N419+E141,3.558069,0.986141,0.24984,2454.5,10.41774,4.24118
2,10,10,Beam 4 (random baseline),qtz-a+N158+E59,3.270292,0.0539246,0.93368,366.386,55.09955,49.60231
2,10,10,Beam 4 (random baseline),sxc+N213+E18,8.738175,0.658457,0.325,2804.73,7.19694,5.6091
2,10,10,Beam 4 (random baseline),ecl+N98+E43,2.817966,0.638449,0.61148,1684.73,25.21804,20.78188
2,10,10,Beam 4 (random baseline),uoy+N257+E234,1.936369,0.198472,0.80978,1064.96,22.4512,19.23714
2,10,10,Beam 4 (random baseline),pyr-e+N265+E128,4.363028,0.960583,0.33676,2170.43,11.60475,6.87044
2,10,10,Beam 4 (random baseline),osc+N33+E96,1.606522,0.338529,0.69444,1542.8,18.7412,15.56999
2,10,10,Beam 4 (random baseline),ulg+N461+E96,1.92772,0.12291,0.8797,678.914,51.6791,38.11548
2,10,10,Beam 4 (random baseline),dft+N310+E202,2.303964,0.343329,0.69434,1530.18,19.12943,16.48565
3,1,1,Beam 1 (full hypothesis),wie+N406+E179,7.366488,0.501031,0.50022,2233.41,12.7106,9.05371
3,1,1,Beam 1 (full hypothesis),vbm+N406+E163,6.876445,0.440075,0.5581,2161.07,14.14487,11.23204
3,1,1,Beam 1 (full hypothesis),vbn+N406+E186,4.843058,0.742609,0.36088,2432.78,9.5614,7.71639
3,1,1,Beam 1 (full hypothesis),snl+N406+E228,4.160336,0.85537,0.31944,2533.09,10.40337,6.88989
3,1,1,Beam 1 (full hypothesis),smu+N406+E228,3.548983,0.892516,0.30412,2493.81,9.79068,6.03574
3,1,1,Beam 1 (full hypothesis),vbq+N406+E228,3.813804,0.989082,0.28216,2269.6,9.34828,5.93635
3,1,1,Beam 1 (full hypothesis),sxi+N406+E163,4.884152,0.41421,0.59942,1808.81,18.55699,13.54047
3,1,1,Beam 1 (full hypothesis),smi+N406+E186,4.985768,0.811561,0.3465,2323.46,9.99933,7.73021
3,1,1,Beam 2 (chemistry),wkg+N406+E228,3.793572,0.964545,0.29568,2300.26,9.58183,5.70458
3,1,1,Beam 2 (chemistry),wnd+N406+E179,6.313787,0.385467,0.60412,1880.21,21.65595,9.71941
3,1,1,Beam 2 (chemistry),vcc+N406+E163,7.407796,0.447467,0.55356,2191.0,13.911,9.02624
3,1,1,Beam 2 (chemistry),wiq+N406+E228,3.772432,0.893064,0.3239,2382.31,10.11532,6.70576
3,1,1,Beam 2 (chemistry),vbs+N406+E228,3.760573,0.914212,0.32844,2148.22,9.80663,6.13552
3,1,1,Beam 2 (chemistry),wkh+N406+E186,4.409852,0.765205,0.35302,2426.61,10.27013,6.53649
3,1,1,Beam 2 (chemistry),acs+N406+E179,8.327438,0.467845,0.50884,2312.93,11.59118,8.78553
3,1,1,Beam 2 (chemistry),whw+N406+E228,2.033863,0.806598,0.39328,2071.8,11.78662,10.57086
3,1,1,Beam 2 (chemistry),vbu+N406+E163,4.526742,0.434599,0.59796,1685.95,17.04126,15.51518
3,1,1,Beam 2 (chemistry),smr+N406+E179,5.596998,0.378387,0.61646,1721.35,21.04237,17.70297
3,1,1,Beam 3 (metal only),wih+N406+E22,1.621641,0.200486,0.78558,1215.79,38.11183,36.63976
3,1,1,Beam 3 (metal only),wir+N406+E27,2.132455,0.70885,0.40882,2462.99,10.63242,7.97409
3,1,1,Beam 3 (metal only),wil+N406+E182,2.467424,1.08031,0.2087,2150.4,8.60939,6.22041
3,1,1,Beam 3 (metal only),sms+N406+E166,4.328504,0.713853,0.35278,2412.2,11.67035,7.25514
3,1,1,Beam 3 (metal only),sny+N406+E21,3.303401,0.160151,0.82036,912.714,50.50792,49.21238
3,1,1,Beam 3 (metal only),sxh+N406+E120,6.177309,0.682421,0.35386,2543.94,12.93289,5.49577
3,1,1,Beam 3 (metal only),snr+N406+E11,5.344924,0.392405,0.6115,1623.61,24.68382,16.40239
3,1,1,Beam 3 (metal only),wmk+N406+E82,2.876906,0.348223,0.70882,1386.15,25.90341,17.34081
3,1,1,Beam 4 (random baseline),bcu-h+N606+E173,3.070406,0.154355,0.80822,1041.71,24.97624,20.81627
3,1,1,Beam 4 (random baseline),sxe+N392+E202,3.777231,0.437671,0.60956,2009.42,17.34149,10.42642
3,1,1,Beam 4 (random baseline),unb+N335+E18,2.776546,0.238943,0.73572,1348.34,26.92984,21.01729
3,1,1,Beam 4 (random baseline),unm+N359+E141,2.534895,0.176081,0.77516,1238.33,21.60037,14.81247
3,1,1,Beam 4 (random baseline),wmb+N146+E49,5.188712,0.464656,0.59832,1738.25,17.97653,14.11069
3,1,1,Beam 4 (random baseline),vbo+N36+E203,1.852692,0.284924,0.7086,1562.73,19.76655,16.80051
3,1,1,Beam 4 (random baseline),whb+N102+E80,4.115318,0.329305,0.61274,1881.68,14.69365,10.42598
3,1,1,Beam 4 (random baseline),snv+N147+E47,3.617259,0.175392,0.83918,813.034,60.0539,37.33878
3,2,4,Beam 1 (full hypothesis),wib+N406+E179,6.157228,0.46286,0.52896,2128.92,14.28398,10.71277
3,2,4,Beam 1 (full hypothesis),bsn+N406+E163,6.868763,0.46404,0.53606,2260.08,12.65957,10.79837
3,2,4,Beam 1 (full hypothesis),wio+N406+E163,5.270521,0.476675,0.5374,2092.37,15.37283,9.94314
3,2,4,Beam 1 (full hypothesis),vme+N406+E179,6.123464,0.399415,0.5846,1965.15,13.5902,10.74441
3,2,4,Beam 1 (full hypothesis),who+N406+E179,7.004394,0.5129,0.4904,2157.94,13.27645,8.36573
3,2,4,Beam 1 (full hypothesis),wht+N406+E179,5.956244,0.419639,0.57056,1961.04,14.77707,11.19602
3,2,4,Beam 1 (full hypothesis),vda+N406+E163,6.310906,0.522661,0.48408,2403.37,12.0006,8.33384
3,2,4,Beam 1 (full hypothesis),wio+N406+E179,6.166867,0.432074,0.55988,2013.5,15.11691,10.02159
3,2,4,Beam 1 (full hypothesis),wiu+N406+E179,8.583328,0.440301,0.5508,2180.6,13.03872,9.92254
3,2,4,Beam 2 (chemistry),pcu+N406+E163,5.951298,0.42942,0.56406,2187.84,12.37953,9.70796
3,2,4,Beam 2 (chemistry),vbt+N406+E179,4.72323,0.377809,0.62256,1699.01,18.28825,16.8751
3,2,4,Beam 2 (chemistry),msw+N406+E179,10.47899,0.544799,0.45558,2411.68,9.71984,8.27438
3,2,4,Beam 2 (chemistry),tfs+N406+E163,5.811326,0.402659,0.59046,2009.82,21.13415,17.50059
3,2,4,Beam 2 (chemistry),smp+N406+E163,4.555906,0.446606,0.57618,1733.79,28.23096,11.89347
3,2,4,Beam 2 (chemistry),wgy+N406+E179,6.803726,0.346005,0.64468,1635.3,28.50208,26.66361
3,2,4,Beam 2 (chemistry),whj+N406+E163,5.061024,0.461083,0.54794,2022.41,18.11395,10.18741
3,2,4,Beam 2 (chemistry),wmi+N406+E163,5.643727,0.423778,0.58296,1979.09,20.07119,9.44225
3,2,4,Beam 2 (chemistry),wid+N406+E179,8.094706,0.627363,0.40968,2217.12,11.50368,8.98819
3,2,4,Beam 3 (metal only),wne+N406+E2,2.380954,0.200448,0.75918,1304.27,28.78765,23.70499
3,2,4,Beam 3 (metal only),lcy+N406+E61,4.964522,0.340977,0.62282,1858.8,16.18266,11.84348
3,2,4,Beam 3 (metal only),snp+N406+E222,2.539546,0.298842,0.68848,1412.89,20.08688,18.45207
3,2,4,Beam 3 (metal only),wki+N406+E8,3.984557,0.469987,0.5596,2007.11,15.89041,11.4759
3,2,4,Beam 3 (metal only),sol+N406+E24,5.656313,0.425613,0.54184,2193.23,13.6079,11.75508
3,2,4,Beam 3 (metal only),wir+N406+E82,2.437384,0.327573,0.72178,1400.54,25.15252,16.28758
3,2,4,Beam 3 (metal only),wkf+N406+E40,5.929912,0.338372,0.6392,1744.26,18.55636,14.1492
3,2,4,Beam 3 (metal only),wgw+N406+E4,2.643762,0.276322,0.6809,1728.3,19.09983,13.25081
3,2,4,Beam 3 (metal only),wik+N406+E22,1.65471,0.219696,0.76528,1332.54,34.92432,34.61427
3,2,4,Beam 4 (random baseline),smv+N148+E7,1.855378,0.201797,0.80226,1080.45,46.4054,45.31598
3,2,4,Beam 4 (random baseline),wma+N336+E21,3.600011,0.274175,0.70344,1490.87,21.06451,18.52593
3,2,4,Beam 4 (random baseline),wht+N394+E18,4.726545,0.823294,0.41804,2295.06,12.11381,7.69624
3,2,4,Beam 4 (random baseline),wit+N591+E23,5.550629,0.300148,0.64884,1824.43,18.04074,12.14041
3,2,4,Beam 4 (random baseline),snr+N536+E148,2.602795,0.288686,0.69626,1452.12,28.00914,19.3227
3,2,4,Beam 4 (random baseline),wfd+N350+E27,1.751815,1.32948,0.22214,2296.61,8.46041,4.28624
3,2,4,Beam 4 (random baseline),vmj+N379+E224,3.28325,0.48982,0.59366,1764.88,17.23635,15.25657
3,2,4,Beam 4 (random baseline),whw+N602+E19,1.743803,0.791533,0.41284,2347.77,11.74569,9.11831
3,2,4,Beam 4 (random baseline),wko+N341+E154,8.286214,0.47834,0.5138,2268.03,14.29047,11.20944
3,3,5,Beam 1 (full hypothesis),qtz-e+N406+E163,3.679251,0.490709,0.54288,1865.32,13.86027,9.95721
3,3,5,Beam 1 (full hypothesis),wiu+N406+E179,8.410373,0.439516,0.55136,2179.41,13.04745,9.94549
3,3,5,Beam 1 (full hypothesis),wie+N406+E163,6.649694,0.556516,0.46938,2252.79,12.09192,8.51452
3,3,5,Beam 1 (full hypothesis),wgv+N406+E163,4.876712,0.45413,0.55442,2024.07,15.3709,11.17026
3,3,5,Beam 1 (full hypothesis),vme+N406+E179,6.422419,0.399415,0.5846,1965.18,13.59018,10.74441
3,3,5,Beam 1 (full hypothesis),wit+N406+E179,7.754593,0.532304,0.4742,2186.08,14.08894,8.50963
3,3,5,Beam 1 (full hypothesis),wiv+N406+E163,7.351006,0.471821,0.53104,2226.42,13.39451,9.98334
3,3,5,Beam 2 (chemistry),reo-e+N406+E179,6.702915,0.374769,0.61178,1805.95,30.15763,7.84954
3,3,5,Beam 2 (chemistry),why+N406+E179,5.289322,0.378175,0.61054,1848.17,15.30612,11.79449
3,3,5,Beam 2 (chemistry),wir+N406+E179,4.525978,0.367401,0.62666,1723.01,19.2599,12.33775
3,3,5,Beam 2 (chemistry),bsn+N406+E179,7.737976,0.415904,0.56826,2077.09,12.78001,11.11812
3,3,5,Beam 2 (chemistry),smj+N406+E179,5.504972,0.369802,0.62218,1731.54,19.61467,18.34011
3,3,5,Beam 2 (chemistry),win+N406+E179,5.989965,0.372354,0.63244,1575.71,22.813,21.41356
3,3,5,Beam 2 (chemistry),sny+N406+E163,4.902168,0.292097,0.72212,1232.02,39.19468,38.24655
3,3,5,Beam 2 (chemistry),vbl+N406+E163,4.809386,0.422372,0.58756,1889.31,19.4021,11.15093
3,3,5,Beam 2 (chemistry),flu-e+N406+E179,5.193108,0.350389,0.6421,1616.57,30.75103,9.58241
3,3,5,Beam 3 (metal only),wha+N406+E32,8.267992,0.44538,0.5107,2224.18,12.83128,10.59072
3,3,5,Beam 3 (metal only),snx+N406+E179,7.957943,0.435188,0.55046,2090.89,14.99134,13.47339
3,3,5,Beam 3 (metal only),sxi+N406+E3,5.523946,0.32783,0.66642,1574.9,21.60205,15.37174
3,3,5,Beam 3 (metal only),sno+N406+E234,5.078153,0.347342,0.65922,1516.99,25.98162,24.80869
3,3,5,Beam 3 (metal only),twf-e+N406+E38,2.809122,0.320166,0.66652,1740.11,31.20934,15.72567
3,3,5,Beam 3 (metal only),wkr+N406+E30,3.980283,0.216593,0.7498,1308.98,38.0829,34.27012
3,3,5,Beam 3 (metal only),smp+N406+E21,3.799248,0.235238,0.73808,1311.67,38.09377,17.10587
3,3,5,Beam 4 (random baseline),mmt+N215+E3,1.641245,0.25373,0.7877,1162.38,19.73993,17.26324
3,3,5,Beam 4 (random baseline),snl+N504+E50,5.431301,0.904298,0.29184,2865.0,8.89718,6.03552
3,3,5,Beam 4 (random baseline),uop+N500+E95,3.29634,0.419011,0.57128,1864.32,13.42068,11.02684
3,3,5,Beam 4 (random baseline),whj+N102+E20,2.805807,0.173088,0.78428,1153.58,29.84799,18.74658
3,3,5,Beam 4 (random baseline),smh+N608+E121,1.675908,0.137662,0.87944,592.464,72.53409,71.40879
3,3,5,Beam 4 (random baseline),bcu-k+N501+E96,2.01172,0.214151,0.80238,983.012,40.48492,29.24371
3,3,5,Beam 4 (random baseline),pcu+N324+E226,0.0004955983,2.06158,0.01808,726.48,3.86681,2.53708
3,3,5,Beam 4 (random baseline),wmh+N640+E182,2.032656,0.47237,0.66,1597.65,22.74659,14.51864
3,3,5,Beam 4 (random baseline),umw+N448+E147,1.986195,0.283632,0.76054,1277.74,28.15165,26.20348
3,4,6,Beam 1 (full hypothesis),skd+N406+E32,9.08944,0.366906,0.58132,1996.48,14.05566,12.42243
3,4,6,Beam 1 (full hypothesis),vcf+N406+E179,5.529513,0.421286,0.56486,1972.37,14.90732,11.30937
3,4,6,Beam 1 (full hypothesis),sme+N406+E179,9.214587,0.471263,0.5203,2206.8,12.00774,8.44366
3,4,6,Beam 1 (full hypothesis),msw+N406+E179,10.41311,0.544799,0.45558,2411.68,9.71984,8.27438
3,4,6,Beam 1 (full hypothesis),wio+N406+E179,6.08481,0.432074,0.55988,2013.5,15.11691,10.02159
3,4,6,Beam 1 (full hypothesis),whn+N406+E179,7.507553,0.542043,0.46304,2243.43,12.77039,10.54602
3,4,6,Beam 1 (full hypothesis),wiu+N406+E179,8.488154,0.439516,0.55136,2179.41,13.04745,9.94549
3,4,6,Beam 2 (chemistry),vbo+N406+E32,5.945632,0.31347,0.63672,1848.96,18.61274,14.97257
3,4,6,Beam 2 (chemistry),win+N406+E179,5.862935,0.372185,0.63244,1576.41,22.80427,21.40455
3,4,6,Beam 2 (chemistry),snp+N406+E179,3.993085,0.331189,0.67444,1467.8,19.61906,18.69328
3,4,6,Beam 2 (chemistry),vbt+N406+E40,5.37452,0.308069,0.6715,1556.56,19.65443,18.14909
3,4,6,Beam 2 (chemistry),wkf+N406+E32,6.515185,0.326903,0.6322,1843.01,19.77436,12.94857
3,4,6,Beam 2 (chemistry),reo-e+N406+E32,6.759649,0.292781,0.6555,1793.76,33.38823,10.35699
3,4,6,Beam 2 (chemistry),sxc+N406+E40,8.061077,0.394687,0.56888,2083.58,13.10192,11.06138
3,4,6,Beam 3 (metal only),whd+N406+E30,3.357569,0.23448,0.72272,1522.71,29.98584,22.1864
3,4,6,Beam 3 (metal only),vmh+N406+E222,2.443959,0.357958,0.61532,1814.48,14.97561,13.01639
3,4,6,Beam 3 (metal only),smr+N406+E40,5.575414,0.303714,0.6714,1587.43,23.26774,18.02512
3,4,6,Beam 3 (metal only),whz+N406+E30,3.788381,0.243556,0.71218,1590.55,22.45035,16.90211
3,4,6,Beam 3 (metal only),whe+N406+E61,4.546249,0.363037,0.61116,1780.59,20.41632,15.88011
3,4,6,Beam 3 (metal only),wmy+N406+E234,5.515834,0.414677,0.59046,1850.83,14.79633,12.54001
3,4,6,Beam 3 (metal only),vbo+N406+E12,2.322731,0.227042,0.73846,1395.12,20.90092,17.42789
3,4,6,Beam 3 (metal only),wkn+N406+E209,3.807739,0.230068,0.74344,1267.38,45.67776,45.0797
3,4,6,Beam 3 (metal only),wkr+N406+E222,4.074271,0.301268,0.67732,1547.4,33.20153,28.90899
3,4,6,Beam 4 (random baseline),uli+N303+E65,1.187956,0.16499,0.85068,847.246,34.61307,23.50967
3,4,6,Beam 4 (random baseline),vbp+N222+E84,7.048276,0.686565,0.30408,2367.35,10.42004,6.9692
3,4,6,Beam 4 (random baseline),smf+N668+E86,2.529512,0.250131,0.74732,1177.25,44.06058,43.71666
3,4,6,Beam 4 (random baseline),ukr+N710+E80,2.410014,0.336505,0.69196,1451.85,29.10414,23.5861
3,4,6,Beam 4 (random baseline),qtz-h+N611+E209,2.744038,0.0334848,0.9593,230.741,63.72436,58.87935
3,4,6,Beam 4 (random baseline),smk+N505+E185,1.922269,1.78638,0.24266,2292.49,10.23626,8.79512
3,4,6,Beam 4 (random baseline),nfb+N200+E204,4.561202,0.289726,0.71632,1424.27,41.86244,10.99541
3,4,6,Beam 4 (random baseline),rho+N623+E209,1.740893,0.0904622,0.90314,548.585,66.64407,35.9296
3,5,7,Beam 1 (full hypothesis),skd+N406+E32,9.195586,0.366906,0.58132,1996.48,14.05566,12.42243
3,5,7,Beam 1 (full hypothesis),wha+N406+E32,8.442252,0.44538,0.5107,2224.18,12.83128,10.59072
3,5,7,Beam 1 (full hypothesis),pcu+N406+E32,7.996202,0.328446,0.61148,2129.77,13.06048,9.13493
3,5,7,Beam 1 (full hypothesis),sxc+N406+E32,8.672206,0.385897,0.54896,2408.16,13.05543,8.88665
3,5,7,Beam 1 (full hypothesis),vcz+N406+E179,9.177932,0.522825,0.47506,2259.89,11.53255,8.16814
3,5,7,Beam 1 (full hypothesis),vmk+N406+E40,7.475248,0.420976,0.5508,2109.41,12.40372,9.89907
3,5,7,Beam 1 (full hypothesis),wiu+N406+E179,8.577622,0.440301,0.5508,2180.6,13.03872,9.92254
3,5,7,Beam 1 (full hypothesis),vmk+N406+E32,7.224236,0.40148,0.54922,2154.74,14.00486,11.1622
3,5,7,Beam 1 (full hypothesis),wit+N406+E179,7.818599,0.532304,0.4742,2186.08,14.08894,8.50963
3,5,7,Beam 2 (chemistry),snq+N406+E179,4.932277,0.336002,0.66142,1566.49,25.91564,23.57427
3,5,7,Beam 2 (chemistry),why+N406+E179,5.260865,0.378175,0.61054,1848.17,15.30612,11.79449
3,5,7,Beam 2 (chemistry),vbn+N406+E32,6.579685,0.308029,0.64586,1816.55,18.81048,13.47407
3,5,7,Beam 2 (chemistry),cap+N406+E179,4.129052,0.892581,0.19052,2595.51,6.48379,4.63851
3,5,7,Beam 2 (chemistry),vbr+N406+E32,5.480962,0.308402,0.6593,1620.14,20.06584,14.63615
3,5,7,Beam 2 (chemistry),vbr+N406+E179,5.423827,0.386549,0.6189,1644.58,17.73537,13.01746
3,5,7,Beam 2 (chemistry),crs+N406+E32,5.245582,0.266338,0.70106,1386.27,22.53737,17.55627
3,5,7,Beam 2 (chemistry),vbp+N406+E32,6.307189,0.320797,0.62696,1937.71,17.64896,14.30816
3,5,7,Beam 3 (metal only),wim+N406+E3,6.294769,0.324673,0.6675,1601.47,23.87507,21.9644
3,5,7,Beam 3 (metal only),snv+N406+E68,5.505754,0.349087,0.67582,1458.37,36.65659,18.65789
3,5,7,Beam 3 (metal only),wja+N406+E82,2.922499,0.340934,0.71028,1386.24,28.34409,17.6938
3,5,7,Beam 3 (metal only),vme+N406+E61,4.619025,0.348742,0.61094,1917.56,15.12619,11.13577
3,5,7,Beam 3 (metal only),smk+N406+E36,2.126145,0.234065,0.72482,1503.21,24.28894,23.32962
3,5,7,Beam 3 (metal only),wip+N406+E30,3.433176,0.231506,0.7334,1430.67,23.32346,20.88309
3,5,7,Beam 3 (metal only),wmo+N406+E2,3.153376,0.199314,0.7714,1178.96,30.09885,23.24774
3,5,7,Beam 3 (metal only),whp+N406+E96,4.089911,0.355308,0.61808,1835.31,18.78836,14.80326
3,5,7,Beam 4 (random baseline),reo+N189+E64,4.624969,0.22811,0.75368,1237.37,32.47325,16.97064
3,5,7,Beam 4 (random baseline),cag+N2+E158,2.005913,0.192375,0.78892,1124.81,22.30288,17.32409
3,5,7,Beam 4 (random baseline),sxe+N106+E53,4.666539,0.486817,0.60308,1913.49,16.58814,11.25877
3,5,7,Beam 4 (random baseline),smk+N269+E166,3.270389,0.452428,0.58438,2091.79,16.5554,14.94254
3,5,7,Beam 4 (random baseline),dft+N267+E12,1.81473,0.0971277,0.882,686.066,38.40235,33.41744
3,5,7,Beam 4 (random baseline),lcs-e+N232+E37,2.892426,0.825413,0.4252,2272.12,12.17191,8.77999
3,5,7,Beam 4 (random baseline),smp+N324+E40,4.58315,0.389182,0.67004,1529.99,29.64557,12.45178
3,5,7,Beam 4 (random baseline),smp+N273+E151,3.306025,0.54637,0.51974,1867.35,21.95583,8.89406
3,5,7,Beam 4 (random baseline),pcl+N562+E53,1.308123,0.155175,0.87626,647.231,39.08208,34.33083
3,5,7,Beam 4 (random baseline),eck+N530+E47,6.949197,0.349608,0.69734,1413.08,29.93641,27.60935
3,6,8,Beam 1 (full hypothesis),bsn+N406+E32,9.081133,0.338113,0.60952,2043.93,14.11621,10.58453
3,6,8,Beam 1 (full hypothesis),msw+N406+E32,10.83862,0.426326,0.52168,2276.72,11.06578,8.19483
3,6,8,Beam 1 (full hypothesis),wha+N406+E32,8.420538,0.44538,0.5107,2224.18,12.83128,10.59072
3,6,8,Beam 1 (full hypothesis),sxa+N406+E40,9.966005,0.416913,0.54986,2129.67,12.99323,9.72715
3,6,8,Beam 1 (full hypothesis),vcz+N406+E32,7.940244,0.398713,0.55018,2140.35,13.49931,9.85714
3,6,8,Beam 1 (full hypothesis),sxc+N406+E32,8.698006,0.385897,0.54896,2408.16,13.05543,8.88665
3,6,8,Beam 1 (full hypothesis),wiu+N406+E179,8.631383,0.439516,0.55136,2179.41,13.04745,9.94549
3,6,8,Beam 1 (full hypothesis),sme+N406+E179,9.204721,0.471375,0.5201,2206.8,12.00716,8.43876
3,6,8,Beam 2 (chemistry),wio+N406+E32,7.170464,0.339892,0.61202,1980.88,18.42052,11.65843
3,6,8,Beam 2 (chemistry),smu+N406+E32,7.49497,0.307816,0.63938,1888.4,20.15481,10.69447
3,6,8,Beam 2 (chemistry),wmn+N406+E179,6.906473,0.448214,0.54984,2004.84,20.71853,16.10954
3,6,8,Beam 2 (chemistry),vcf+N406+E40,5.434491,0.330761,0.6409,1716.07,16.97679,14.81025
3,6,8,Beam 2 (chemistry),snh+N406+E40,7.774437,0.411037,0.57694,1863.71,22.8524,11.35623
3,6,8,Beam 2 (chemistry),sny+N406+E40,6.320038,0.219526,0.76786,1084.94,42.97359,41.51151
3,6,8,Beam 2 (chemistry),vbx+N406+E32,5.596913,0.306397,0.64902,1736.4,22.4973,11.28057
3,6,8,Beam 2 (chemistry),smt+N406+E40,7.017262,0.286478,0.6892,1489.2,23.74257,20.85628
3,6,8,Beam 2 (chemistry),wkj+N406+E32,5.396762,0.246041,0.72502,1287.05,35.59216,33.55288
3,6,8,Beam 2 (chemistry),wkf+N406+E32,6.313293,0.326903,0.6322,1843.01,19.77436,12.94857
3,6,8,Beam 3 (metal only),sxe+N406+E179,4.816617,0.404323,0.59382,1755.69,17.34118,12.59385
3,6,8,Beam 3 (metal only),vbt+N406+E98,4.481558,0.292982,0.67414,1571.41,20.73723,18.73442
3,6,8,Beam 3 (metal only),wio+N406+E12,2.707409,0.245345,0.71544,1552.1,19.84117,13.62729
3,6,8,Beam 3 (metal only),sxo+N406+E96,2.300918,0.3727,0.64052,1353.07,25.8394,18.93983
3,6,8,Beam 3 (metal only),sok+N406+E7,1.236687,0.264592,0.73192,1499.29,19.12087,15.01082
3,6,8,Beam 3 (metal only),sxd+N406+E68,5.104234,0.405612,0.61814,1807.31,15.76656,12.83948
3,6,8,Beam 3 (metal only),bcs+N406+E225,2.923316,0.32444,0.62846,1912.53,13.09773,10.11668
3,6,8,Beam 3 (metal only),qtz-e+N406+E218,4.327515,0.383493,0.58866,1939.63,14.97723,10.54264
3,6,8,Beam 3 (metal only),lcy-e+N406+E12,2.358138,0.21964,0.74556,1382.46,22.58627,18.798
3,6,8,Beam 3 (metal only),sxh+N406+E7,1.315153,0.267783,0.72878,1476.61,22.65161,13.71312
3,6,8,Beam 4 (random baseline),smc+N560+E163,5.981352,0.386319,0.6195,1960.46,19.57062,9.88761
3,6,8,Beam 4 (random baseline),ukp+N376+E167,2.561068,0.256935,0.75648,1182.57,29.22982,25.95673
3,6,8,Beam 4 (random baseline),rkf+N31+E11,4.325403,0.659066,0.50078,2308.03,12.41167,8.23924
3,6,8,Beam 4 (random baseline),unv+N301+E84,3.238973,0.371415,0.6117,1674.49,20.02264,14.91945
3,6,8,Beam 4 (random baseline),smb+N240+E160,5.996171,0.743789,0.3471,2025.3,11.81183,6.20991
3,6,8,Beam 4 (random baseline),uoo+N355+E61,2.452491,0.275057,0.71592,1520.54,18.02124,11.79977
3,6,8,Beam 4 (random baseline),cha+N305+E2,1.623752,0.0746072,0.92534,452.38,56.71382,37.31576
3,6,8,Beam 4 (random baseline),fnl+N300+E226,4.260964,0.75539,0.4146,2037.69,12.80053,9.40476
3,6,8,Beam 4 (random baseline),ecs+N423+E21,3.973734,0.297559,0.71826,1449.61,37.49272,34.69688
3,7,9,Beam 1 (full hypothesis),sda+N406+E40,9.630405,0.445779,0.5448,2065.54,12.60664,9.19303
3,7,9,Beam 1 (full hypothesis),sxc+N406+E179,8.797708,0.482155,0.5018,2362.17,11.37908,9.33982
3,7,9,Beam 1 (full hypothesis),sxa+N406+E40,9.622794,0.416913,0.54986,2129.67,12.99323,9.72715
3,7,9,Beam 1 (full hypothesis),sme+N406+E179,9.235504,0.471375,0.5201,2206.8,12.00716,8.43876
3,7,9,Beam 1 (full hypothesis),rob+N406+E40,11.64866,0.459357,0.51316,2315.48,11.02985,8.20298
3,7,9,Beam 1 (full hypothesis),wmc+N406+E40,9.826082,0.406013,0.56122,2115.55,12.97472,9.26883
3,7,9,Beam 1 (full hypothesis),vcz+N406+E32,7.813226,0.398713,0.5502,2140.37,13.49955,9.857
3,7,9,Beam 1 (full hypothesis),vmk+N406+E40,7.483826,0.420976,0.5508,2109.41,12.40372,9.89907
3,7,9,Beam 2 (chemistry),sxf+N406+E32,6.192646,0.344496,0.6065,1883.83,20.48888,11.65568
3,7,9,Beam 2 (chemistry),wkf+N406+E32,6.524759,0.326903,0.6322,1843.01,19.77436,12.94857
3,7,9,Beam 2 (chemistry),why+N406+E40,4.620483,0.308892,0.66082,1677.62,18.17465,13.91598
3,7,9,Beam 2 (chemistry),smg+N406+E40,5.968248,0.321598,0.65014,1684.92,20.09984,13.99866
3,7,9,Beam 2 (chemistry),whq+N406+E32,6.212,0.28601,0.66924,1652.29,22.78166,18.11279
3,7,9,Beam 2 (chemistry),sxi+N406+E40,6.087215,0.303595,0.6758,1545.28,21.97031,16.37152
3,7,9,Beam 2 (chemistry),vme+N406+E40,5.891344,0.316809,0.65882,1685.67,16.39807,13.08319
3,7,9,Beam 2 (chemistry),smk+N406+E32,8.309506,0.316504,0.62726,1941.54,21.72145,19.85394
3,7,9,Beam 3 (metal only),vcf+N406+E163,4.752842,0.459915,0.5482,2023.7,14.50786,11.95625
3,7,9,Beam 3 (metal only),wig+N406+E12,2.117493,0.22913,0.73366,1421.93,19.40349,16.9463
3,7,9,Beam 3 (metal only),wmf+N406+E22,1.35643,0.229128,0.75482,1359.17,26.94598,14.12324
3,7,9,Beam 3 (metal only),whe+N406+E82,3.226548,0.368193,0.68754,1522.04,25.91496,20.08905
3,7,9,Beam 3 (metal only),vbn+N406+E24,3.552708,0.339354,0.62688,1966.56,14.63585,12.08141
3,7,9,Beam 3 (metal only),win+N406+E53,5.463576,0.435993,0.62594,1610.21,22.42307,20.88315
3,7,9,Beam 3 (metal only),sms+N406+E218,4.991861,0.373461,0.59786,1887.97,19.71876,10.98829
3,7,9,Beam 3 (metal only),wiq+N406+E163,5.051652,0.448279,0.56692,1949.08,16.71361,11.61614
3,7,9,Beam 3 (metal only),wkq+N406+E4,4.126649,0.295952,0.66086,1869.68,18.94227,18.1445
3,7,9,Beam 4 (random baseline),sny+N290+E85,3.2915,0.644006,0.5687,1516.59,26.12479,25.34511
3,7,9,Beam 4 (random baseline),ecr+N318+E134,4.799277,0.869367,0.34616,2176.28,11.45471,8.38399
3,7,9,Beam 4 (random baseline),wkn+N467+E149,4.020357,0.486267,0.62992,1641.91,36.27901,35.0181
3,7,9,Beam 4 (random baseline),uop+N708+E73,5.01117,0.368588,0.60432,2039.61,11.68471,9.3381
3,7,9,Beam 4 (random baseline),sni+N92+E222,3.906865,0.385697,0.6813,1681.4,22.53591,21.25419
3,7,9,Beam 4 (random baseline),whh+N645+E78,4.750007,0.384227,0.6128,1843.31,21.35066,12.89409
3,7,9,Beam 4 (random baseline),soi+N172+E80,2.892472,0.32496,0.6866,1682.94,16.79551,13.50208
3,7,9,Beam 4 (random baseline),whe+N146+E155,2.188582,0.673772,0.59472,1910.14,23.28759,10.87857
3,7,9,Beam 4 (random baseline),lcv-f+N377+E84,2.593048,0.0981308,0.91428,489.757,59.67341,46.19298
3,8,10,Beam 1 (full hypothesis),qtz-x+N406+E40,11.41261,0.449721,0.51194,2403.08,11.17431,8.86741
3,8,10,Beam 1 (full hypothesis),rob+N406+E40,11.71891,0.459356,0.51316,2315.44,11.02993,8.20303
3,8,10,Beam 1 (full hypothesis),sme+N406+E32,8.631506,0.37283,0.56654,2229.67,13.04697,9.41939
3,8,10,Beam 1 (full hypothesis),wmc+N406+E32,9.775515,0.390021,0.5427,2376.3,12.82561,8.08986
3,8,10,Beam 1 (full hypothesis),vmk+N406+E40,7.611747,0.420976,0.5508,2109.41,12.40372,9.89907
3,8,10,Beam 1 (full hypothesis),sme+N406+E179,9.277034,0.471375,0.5201,2206.8,12.00716,8.43876
3,8,10,Beam 1 (full hypothesis),sxb+N406+E179,7.943227,0.451694,0.53064,2294.65,12.13771,8.69181
3,8,10,Beam 1 (full hypothesis),sxb+N406+E32,8.967015,0.374449,0.56416,2262.14,12.93998,9.00835
3,8,10,Beam 1 (full hypothesis),wiu+N406+E179,8.55059,0.439516,0.55136,2179.41,13.04745,9.94549
3,8,10,Beam 1 (full hypothesis),vcz+N406+E40,7.661381,0.415154,0.55836,2050.5,13.1152,9.4148
3,8,10,Beam 2 (chemistry),flu-e+N406+E179,5.181884,0.350389,0.6421,1616.57,30.75103,9.58241
3,8,10,Beam 2 (chemistry),wie+N406+E40,7.328311,0.399144,0.585,1901.49,15.24917,11.39719
3,8,10,Beam 2 (chemistry),smv+N406+E32,6.215086,0.255361,0.71122,1405.67,43.68102,42.26025
3,8,10,Beam 2 (chemistry),flu-e+N406+E40,5.182242,0.285071,0.6937,1463.81,33.07841,11.12856
3,8,10,Beam 2 (chemistry),smm+N406+E32,8.035892,0.306328,0.64078,1849.86,22.70764,20.72489
3,8,10,Beam 2 (chemistry),snf+N406+E179,5.071917,0.327476,0.67132,1402.99,33.00126,17.52476
3,8,10,Beam 2 (chemistry),sne+N406+E32,7.035937,0.322163,0.63502,1881.62,19.42034,12.64455
3,8,10,Beam 2 (chemistry),wkk+N406+E32,6.071809,0.245251,0.72064,1402.89,45.96661,45.33824
3,8,10,Beam 3 (metal only),wmm+N406+E96,5.54053,0.436066,0.5468,2048.38,23.84132,22.14415
3,8,10,Beam 3 (metal only),sma+N406+E61,5.885015,0.379847,0.59054,1898.53,20.12418,17.79017
3,8,10,Beam 3 (metal only),vcf+N406+E40,5.547855,0.330761,0.6409,1716.07,16.97679,14.81025
3,8,10,Beam 3 (metal only),sxd+N406+E33,2.542401,0.224547,0.7361,1472.11,19.17883,16.72919
3,8,10,Beam 3 (metal only),wml+N406+E234,6.957573,0.422587,0.58498,1772.98,27.5103,25.27199
3,8,10,Beam 3 (metal only),wkj+N406+E12,2.893081,0.177038,0.79454,1070.98,40.23434,37.93016
3,8,10,Beam 3 (metal only),wmc+N406+E3,9.25628,0.437718,0.54448,2191.83,12.10379,8.79992
3,8,10,Beam 3 (metal only),wkj+N406+E222,2.442662,0.283549,0.697,1431.48,30.93864,29.1147
3,8,10,Beam 4 (random baseline),vby+N65+E29,5.3832,0.844458,0.35096,2658.86,10.45517,7.12821
3,8,10,Beam 4 (random baseline),etb+N298+E165,1.998723,0.113209,0.8702,673.448,37.22915,33.74009
3,8,10,Beam 4 (random baseline),gme+N623+E147,2.160643,0.227751,0.7709,1167.54,27.47938,23.78652
3,8,10,Beam 4 (random baseline),vmx+N375+E148,5.307975,0.421422,0.55618,2024.87,14.59215,10.80764
3,8,10,Beam 4 (random baseline),uns+N317+E19,3.638237,0.670151,0.48284,2550.66,13.23841,7.63779
3,8,10,Beam 4 (random baseline),wgy+N433+E81,7.058259,0.424964,0.59284,1879.05,21.10651,19.14944
3,8,10,Beam 4 (random baseline),smo+N306+E50,1.894684,0.863415,0.47574,2021.14,16.5906,9.06635
3,8,10,Beam 4 (random baseline),vcc+N205+E113,4.095189,0.41018,0.59154,2110.98,14.44545,9.38373
3,8,10,Beam 4 (random baseline),whj+N40+E150,1.424305,0.457093,0.71764,1375.54,26.25259,16.30423
3,9,11,Beam 1 (full hypothesis),acs+N406+E179,8.158576,0.467845,0.50884,2312.93,11.59118,8.78553
3,9,11,Beam 1 (full hypothesis),qtz-x+N406+E40,11.68098,0.449721,0.51194,2403.08,11.17431,8.86741
3,9,11,Beam 1 (full hypothesis),rob+N406+E40,11.66236,0.459356,0.51316,2315.44,11.02993,8.20303
3,9,11,Beam 1 (full hypothesis),vda+N406+E179,7.974782,0.477143,0.5068,2270.23,12.12028,8.70126
3,9,11,Beam 1 (full hypothesis),sxc+N406+E179,8.824884,0.482155,0.5018,2362.17,11.37908,9.33982
3,9,11,Beam 1 (full hypothesis),sme+N406+E179,9.248548,0.471263,0.5203,2206.8,12.00774,8.44366
3,9,11,Beam 1 (full hypothesis),vcz+N406+E40,8.154579,0.415154,0.55836,2050.5,13.1152,9.4148
3,9,11,Beam 1 (full hypothesis),sda+N406+E179,9.253047,0.567632,0.44764,2338.91,10.5488,7.90287
3,9,11,Beam 1 (full hypothesis),vmk+N406+E179,8.534181,0.529237,0.47604,2234.58,11.00096,8.60209
3,9,11,Beam 1 (full hypothesis),wis+N406+E179,8.426399,0.532856,0.46674,2307.69,10.50618,7.71824
3,9,11,Beam 2 (chemistry),lcv-e+N406+E179,3.952456,0.260626,0.7432,1026.33,31.74074,27.14857
3,9,11,Beam 2 (chemistry),flu-e+N406+E179,5.223903,0.350389,0.6421,1616.57,30.75103,9.58241
3,9,11,Beam 2 (chemistry),vmd+N406+E179,5.744015,0.405166,0.58228,1895.1,15.17211,12.51614
3,9,11,Beam 2 (chemistry),vbx+N406+E179,5.688251,0.384772,0.60772,1815.77,20.44957,10.07198
3,9,11,Beam 2 (chemistry),smj+N406+E40,5.514234,0.302437,0.67222,1574.93,21.71237,19.93728
3,9,11,Beam 2 (chemistry),whd+N406+E40,6.896615,0.298193,0.6784,1541.12,28.42047,19.37008
3,9,11,Beam 2 (chemistry),vca+N406+E40,5.53837,0.335658,0.64406,1638.86,18.91843,12.79998
3,9,11,Beam 2 (chemistry),smf+N406+E179,4.833551,0.290998,0.71604,1184.15,41.39967,40.09499
3,9,11,Beam 3 (metal only),wmd+N406+E96,4.777259,0.503055,0.4905,2147.39,16.74035,10.23283
3,9,11,Beam 3 (metal only),smd+N406+E96,4.44855,0.364545,0.60326,1993.0,22.9497,19.84424
3,9,11,Beam 3 (metal only),rkf+N406+E3,3.905694,0.364834,0.64596,1533.43,16.58278,13.22197
3,9,11,Beam 3 (metal only),whu+N406+E40,5.374144,0.278749,0.70262,1411.14,28.06058,26.47835
3,9,11,Beam 3 (metal only),smh+N406+E40,6.919139,0.231214,0.758,1135.89,42.48863,41.91992
3,9,11,Beam 3 (metal only),vmh+N406+E4,2.693954,0.276667,0.68462,1659.53,17.06313,15.11032
3,9,11,Beam 3 (metal only),sny+N406+E98,4.923058,0.215841,0.7712,991.733,46.40901,44.90646
3,9,11,Beam 3 (metal only),sxf+N406+E23,4.308901,0.382871,0.58324,2020.31,17.05587,10.03836
3,9,11,Beam 3 (metal only),wmd+N406+E53,5.206417,0.607216,0.4742,2218.32,14.93135,12.94736
3,9,11,Beam 3 (metal only),wip+N406+E209,4.249978,0.261686,0.71536,1374.74,22.90886,20.31582
3,9,11,Beam 4 (random baseline),smj+N339+E47,3.71588,0.272746,0.75724,1226.53,25.88771,24.29848
3,9,11,Beam 4 (random baseline),whg+N214+E190,5.464279,0.392508,0.5739,1709.14,27.05873,10.50575
3,9,11,Beam 4 (random baseline),snr+N278+E142,3.184577,0.549472,0.5991,1814.88,23.18997,13.51257
3,9,11,Beam 4 (random baseline),vmg+N406+E212,4.020615,0.976285,0.1993,2276.28,6.69035,5.12411
3,9,11,Beam 4 (random baseline),vcc+N31+E96,2.136237,0.4958,0.58808,2122.99,13.67626,9.88658
3,9,11,Beam 4 (random baseline),ukc+N200+E128,2.823944,0.22036,0.74814,1256.53,22.44651,15.76268
3,9,11,Beam 4 (random baseline),uot+N460+E225,1.795035,0.0629214,0.92822,404.604,63.42133,36.13544
3,9,11,Beam 4 (random baseline),umh+N719+E21,3.461885,0.0959473,0.88416,660.594,36.80601,31.36467
3,9,11,Beam 4 (random baseline),ecf+N318+E150,5.374989,0.607721,0.53304,2033.07,17.54818,9.48085
3,10,12,Beam 1 (full hypothesis),sda+N406+E40,9.824885,0.445779,0.5448,2065.54,12.60664,9.19303
3,10,12,Beam 1 (full hypothesis),vmk+N406+E179,8.704205,0.529237,0.47604,2234.58,11.00096,8.60209
3,10,12,Beam 1 (full hypothesis),vda+N406+E179,7.940911,0.477143,0.5068,2270.22,12.12028,8.70126
3,10,12,Beam 1 (full hypothesis),vcz+N406+E40,7.805751,0.415154,0.55836,2050.5,13.1152,9.4148
3,10,12,Beam 1 (full hypothesis),wmc+N406+E40,9.863771,0.406013,0.56122,2115.55,12.97472,9.26883
3,10,12,Beam 1 (full hypothesis),sxb+N406+E179,8.201233,0.451694,0.53066,2294.68,12.13777,8.69207
3,10,12,Beam 1 (full hypothesis),rob+N406+E40,11.72515,0.459357,0.51316,2315.48,11.02985,8.20298
3,10,12,Beam 1 (full hypothesis),msw+N406+E32,11.15817,0.422515,0.52668,2267.33,11.03332,8.34846
3,10,12,Beam 1 (full hypothesis),sme+N406+E32,8.458495,0.37283,0.56654,2229.67,13.04697,9.41939
3,10,12,Beam 1 (full hypothesis),sme+N406+E179,8.842457,0.471263,0.5203,2206.8,12.00774,8.44366
3,10,12,Beam 2 (chemistry),wkq+N406+E179,6.751968,0.447783,0.55134,1982.02,17.09151,15.27359
3,10,12,Beam 2 (chemistry),wky+N406+E40,5.425396,0.314855,0.66524,1600.66,19.60971,16.75355
3,10,12,Beam 2 (chemistry),wml+N406+E32,7.44885,0.328423,0.63272,1742.88,30.02118,27.63437
3,10,12,Beam 2 (chemistry),wjb+N406+E32,6.093053,0.243216,0.7196,1381.13,36.15432,31.7391
3,10,12,Beam 2 (chemistry),wiq+N406+E40,5.374195,0.328193,0.64636,1688.6,18.05976,15.42564
3,10,12,Beam 2 (chemistry),smv+N406+E40,6.514109,0.263988,0.72082,1326.29,40.86419,39.42914
3,10,12,Beam 2 (chemistry),cap+N406+E179,4.177725,0.892581,0.19052,2595.51,6.48379,4.63851
3,10,12,Beam 3 (metal only),whe+N406+E36,2.771728,0.228052,0.73588,1427.63,24.5452,19.57922
3,10,12,Beam 3 (metal only),whr+N406+E61,4.972981,0.34036,0.63352,1788.34,20.93239,18.45665
3,10,12,Beam 3 (metal only),hxg+N406+E33,5.652321,0.423581,0.51478,2419.48,11.83528,8.06583
3,10,12,Beam 3 (metal only),sxd+N406+E96,2.793441,0.399216,0.57196,2060.89,13.61183,11.81529
3,10,12,Beam 3 (metal only),wiq+N406+E179,5.882499,0.405453,0.58948,1870.15,16.62225,13.06416
3,10,12,Beam 3 (metal only),vbo+N406+E11,7.031618,0.440227,0.5487,1960.8,14.50669,12.24336
3,10,12,Beam 3 (metal only),smu+N406+E53,6.234626,0.468467,0.57864,1991.2,15.34565,10.24534
3,10,12,Beam 3 (metal only),smb+N406+E222,3.676976,0.384661,0.59954,1905.48,17.54394,10.15791
3,10,12,Beam 3 (metal only),whb+N406+E218,4.159596,0.346197,0.6234,1768.37,18.45334,12.30582
3,10,12,Beam 4 (random baseline),unl+N2+E98,2.906168,0.133363,0.83332,922.04,26.34873,22.04298
3,10,12,Beam 4 (random baseline),unv+N317+E14,2.248351,0.428272,0.63522,1714.59,15.30456,12.67097
3,10,12,Beam 4 (random baseline),wki+N438+E199,2.984868,0.649139,0.45254,2376.56,12.62686,9.32762
3,10,12,Beam 4 (random baseline),xii+N706+E14,2.618461,1.22086,0.16408,1792.61,9.9971,3.82177
3,10,12,Beam 4 (random baseline),wif+N595+E78,1.467174,0.986835,0.12172,1850.62,8.11753,6.93522
3,10,12,Beam 4 (random baseline),uns+N654+E136,2.334981,0.143673,0.8277,959.813,33.84534,23.05139
3,10,12,Beam 4 (random baseline),pcb+N90+E119,3.741551,0.424136,0.61526,1807.15,20.86376,13.87005
3,10,12,Beam 4 (random baseline),vcf+N433+E162,3.33073,0.820681,0.32102,2387.61,9.91509,6.21105
4,1,2,Beam 1 (full hypothesis),wit+N657+E167,4.087788,0.806633,0.23964,1908.65,12.20671,5.34864
4,1,2,Beam 1 (full hypothesis),whs+N630+E81,4.75648,0.422726,0.6512,1623.08,26.6586,24.69263
4,1,2,Beam 1 (full hypothesis),smi+N378+E24,1.67699,0.227927,0.80532,980.508,31.2742,27.41765
4,1,2,Beam 1 (full hypothesis),ect+N241+E92,3.044731,1.10157,0.34974,2194.41,15.30825,12.77155
4,1,2,Beam 1 (full hypothesis),vbr+N465+E142,4.583114,0.586819,0.51386,2055.72,13.52509,10.17107
4,1,2,Beam 1 (full hypothesis),wjh+N50+E134,4.209994,0.0962559,0.8732,676.893,57.58038,56.32689
4,1,2,Beam 1 (full hypothesis),vms+N625+E128,2.103579,1.69578,0.25,2345.08,9.43251,6.89541
4,1,2,Beam 1 (full hypothesis),xii+N95+E16,2.687589,1.02786,0.20572,2252.52,11.87719,4.36327
4,1,2,Beam 2 (chemistry),umj+N194+E150,2.745682,0.139664,0.83524,909.076,26.89172,23.16266
4,1,2,Beam 2 (chemistry),vmu+N543+E108,0.9442063,1.30956,0.05346,1173.02,5.17943,2.55637
4,1,2,Beam 2 (chemistry),whm+N666+E163,5.01334,0.440297,0.61832,1815.87,19.50721,16.60999
4,1,2,Beam 2 (chemistry),smt+N14+E97,1.342232,0.27212,0.78136,1045.56,32.77834,31.70638
4,1,2,Beam 2 (chemistry),snw+N501+E61,2.077114,0.275295,0.74322,1333.11,21.2372,17.48684
4,1,2,Beam 2 (chemistry),smh+N465+E108,2.348265,0.79492,0.42194,1602.69,19.32926,18.02821
4,1,2,Beam 2 (chemistry),bcg+N625+E97,3.692604,0.670179,0.56288,2057.56,15.43045,10.12093
4,1,2,Beam 2 (chemistry),qtz-a+N50+E23,4.35489,0.0689748,0.9086,514.918,35.60532,32.11803
4,1,2,Beam 2 (chemistry),wid+N630+E84,1.076855,1.4476,0.08244,1420.97,7.23954,2.64227
4,1,2,Beam 3 (metal only),sxd+N179+E92,6.501342,0.694725,0.43916,2365.65,10.90406,8.96031
4,1,2,Beam 3 (metal only),wfa+N50+E30,2.956298,0.113339,0.84688,876.186,29.52876,26.34472
4,1,2,Beam 3 (metal only),uod+N409+E44,0.1657285,2.39755,0.00554,427.692,4.28912,2.63668
4,1,2,Beam 3 (metal only),mmt+N158+E30,2.103566,0.105784,0.86872,774.251,25.12048,23.05256
4,1,2,Beam 3 (metal only),whh+N208+E2,3.743266,0.172549,0.82338,973.689,33.56772,18.69573
4,1,2,Beam 3 (metal only),qtz-x+N14+E29,2.092042,1.26465,0.21716,2648.82,7.77737,4.45245
4,1,2,Beam 3 (metal only),ecn+N142+E44,3.348705,1.05798,0.35206,2409.33,9.45467,5.62443
4,1,2,Beam 3 (metal only),vbw+N465+E78,3.243193,0.344297,0.6523,1655.79,23.47512,12.59604
4,1,2,Beam 3 (metal only),wfd+N625+E185,0.8572786,2.43808,0.19038,1732.72,11.39381,7.21945
4,1,2,Beam 3 (metal only),thp-x+N95+E108,1.28119,1.26882,0.10132,1715.12,8.45566,3.10061
4,1,2,Beam 4 (random baseline),uof+N616+E215,1.395711,0.228976,0.79658,1115.45,23.83362,21.48011
4,1,2,Beam 4 (random baseline),whl+N553+E81,4.537024,0.235452,0.7531,1245.68,33.11539,31.71694
4,1,2,Beam 4 (random baseline),whr+N264+E64,2.287028,0.246541,0.7771,1177.43,31.09383,29.17717
4,1,2,Beam 4 (random baseline),vmu+N78+E219,4.066783,0.492895,0.47868,2348.4,14.2746,10.83484
4,1,2,Beam 4 (random baseline),wky+N476+E194,0.3938004,0.255071,0.86904,633.925,36.61536,27.08741
4,1,2,Beam 4 (random baseline),wfb+N444+E12,3.513313,0.318708,0.66844,1719.77,21.0607,13.13119
4,1,2,Beam 4 (random baseline),reo-e+N479+E19,2.672631,0.972028,0.4567,2283.11,19.04363,5.52382
4,1,2,Beam 4 (random baseline),afi+N557+E57,1.053461,0.165336,0.80478,1125.97,36.40842,35.02599
4,1,2,Beam 4 (random baseline),wmz+N289+E68,6.160025,0.578047,0.55692,2123.26,17.08519,8.17296
4,1,2,Beam 4 (random baseline),bsn+N442+E155,2.035812,0.721649,0.54998,2203.37,13.86611,10.01706
4,2,3,Beam 1 (full hypothesis),sow+N238+E222,2.247536,0.333408,0.6272,2124.83,11.86671,8.43747
4,2,3,Beam 1 (full hypothesis),wfg+N192+E24,7.880937,0.412418,0.56004,2152.04,17.07707,10.79842
4,2,3,Beam 1 (full hypothesis),wit+N622+E98,5.62718,0.425531,0.573,1934.18,18.1664,10.51259
4,2,3,Beam 1 (full hypothesis),oof+N629+E82,5.780991,0.543656,0.55462,2180.75,12.04898,9.42994
4,2,3,Beam 1 (full hypothesis),wir+N453+E25,5.888522,0.778443,0.41124,2190.6,13.84653,8.36653
4,2,3,Beam 1 (full hypothesis),vcc+N476+E138,0.2470723,0.801035,0.67084,1383.98,19.54753,13.62457
4,2,3,Beam 1 (full hypothesis),smc+N666+E201,4.647303,0.572708,0.52896,2229.9,16.25597,7.83583
4,2,3,Beam 1 (full hypothesis),vmi+N384+E84,4.863996,0.888532,0.28902,2072.96,9.85162,7.25994
4,2,3,Beam 1 (full hypothesis),vct+N226+E163,6.319322,0.638427,0.4852,2148.65,15.75002,9.78682
4,2,3,Beam 1 (full hypothesis),vmh+N465+E3,4.462398,0.419408,0.62734,1720.09,16.36646,13.76607
4,2,3,Beam 2 (chemistry),ukb+N52+E149,4.370561,0.378358,0.67892,1488.59,18.02368,14.12473
4,2,3,Beam 2 (chemistry),smj+N134+E147,3.873912,0.480123,0.57776,1893.94,19.0184,18.12442
4,2,3,Beam 2 (chemistry),whi+N465+E96,4.431784,0.515543,0.54048,1993.17,17.8615,16.61265
4,2,3,Beam 2 (chemistry),sxe+N453+E218,3.978386,0.414267,0.62638,1782.36,18.36839,12.11676
4,2,3,Beam 2 (chemistry),vcv+N430+E14,4.664272,0.888182,0.33386,2010.76,10.42181,8.81115
4,2,3,Beam 2 (chemistry),wmb+N309+E36,2.224124,0.265918,0.73756,1445.56,19.82808,16.00419
4,2,3,Beam 2 (chemistry),vmg+N666+E82,2.276576,0.396478,0.68516,1596.14,16.93544,12.71881
4,2,3,Beam 3 (metal only),wfm+N26+E225,3.113436,0.314416,0.68592,1638.06,17.57643,14.47986
4,2,3,Beam 3 (metal only),wgv+N232+E7,0.9907502,0.227912,0.7948,1135.07,24.01213,20.50957
4,2,3,Beam 3 (metal only),sxi+N541+E179,4.392274,0.340249,0.69332,1476.48,21.17957,16.86272
4,2,3,Beam 3 (metal only),uno+N276+E151,1.841622,0.356531,0.68522,1332.69,20.27998,15.38542
4,2,3,Beam 3 (metal only),wht+N476+E132,0.2101886,0.74852,0.70878,1239.27,23.39169,16.43236
4,2,3,Beam 3 (metal only),sms+N453+E98,4.908571,0.352073,0.67154,1552.75,23.29033,16.26442
4,2,3,Beam 3 (metal only),pyr-e+N309+E47,6.013746,0.288428,0.72396,1368.04,24.49181,17.85606
4,2,3,Beam 3 (metal only),snm+N384+E21,2.882125,0.223933,0.77134,1180.47,32.46657,30.6229
4,2,3,Beam 3 (metal only),vms+N226+E21,4.455835,0.381384,0.64538,1778.41,19.06565,12.90837
4,2,3,Beam 3 (metal only),whn+N666+E222,3.109975,0.473377,0.57004,2129.15,13.83667,8.64818
4,2,3,Beam 4 (random baseline),wmh+N709+E102,1.675862,1.24687,0.44262,2051.17,16.17437,9.63794
4,2,3,Beam 4 (random baseline),vbr+N422+E119,2.271232,0.520756,0.54226,2298.33,13.9714,11.17732
4,2,3,Beam 4 (random baseline),smq+N208+E33,3.555196,0.185228,0.818,1026.05,33.09641,26.23681
4,2,3,Beam 4 (random baseline),kfi+N464+E86,2.35425,0.0952934,0.88524,625.509,68.15088,33.58693
4,2,3,Beam 4 (random baseline),ato+N503+E222,1.997515,0.0937979,0.88804,615.902,56.67423,52.2327
4,2,3,Beam 4 (random baseline),ect+N672+E110,2.99855,0.40597,0.63678,1811.07,23.90344,21.25113
4,2,3,Beam 4 (random baseline),wmt+N645+E41,2.490161,0.171933,0.84068,881.636,45.96604,44.37292
4,2,3,Beam 4 (random baseline),lsz+N375+E216,2.065676,1.10277,0.1104,1902.52,5.95346,3.66738
4,3,4,Beam 1 (full hypothesis),smc+N591+E201,4.735602,0.342075,0.60484,1987.65,16.69733,10.64987
4,3,4,Beam 1 (full hypothesis),lcs-e+N645+E138,3.368631,0.576731,0.5262,1974.47,15.79625,11.81188
4,3,4,Beam 1 (full hypothesis),wff+N629+E142,6.77507,0.681407,0.40618,2237.68,12.29135,8.59689
4,3,4,Beam 1 (full hypothesis),cdl+N44+E201,10.25665,0.447156,0.52022,2175.19,13.46549,8.20301
4,3,4,Beam 1 (full hypothesis),bcs+N640+E142,3.20202,0.487244,0.59234,2039.92,13.85258,9.36443
4,3,4,Beam 1 (full hypothesis),ukl+N267+E181,4.919658,0.425007,0.52892,2393.87,11.72985,9.14311
4,3,4,Beam 1 (full hypothesis),snr+N135+E73,2.630749,0.886504,0.37052,1776.85,14.01141,9.58374
4,3,4,Beam 1 (full hypothesis),ecr+N629+E96,5.640583,0.505842,0.52586,1998.28,15.40122,12.4184
4,3,4,Beam 2 (chemistry),sny+N598+E222,3.783798,0.17437,0.80928,953.768,51.13752,50.52106
4,3,4,Beam 2 (chemistry),umz+N34+E14,3.331208,0.293267,0.6691,1629.95,19.86578,18.5795
4,3,4,Beam 2 (chemistry),uog+N27+E218,2.77805,0.115383,0.86246,743.863,31.69534,27.95724
4,3,4,Beam 2 (chemistry),smc+N208+E39,3.386729,0.115171,0.88042,686.227,38.75077,26.32701
4,3,4,Beam 2 (chemistry),ecn+N629+E36,3.248085,0.338957,0.63568,1890.68,15.19555,10.24322
4,3,4,Beam 2 (chemistry),vbn+N170+E123,5.034501,0.372811,0.5836,2088.93,14.31315,10.52564
4,3,4,Beam 2 (chemistry),uow+N2+E2,2.361233,0.0779389,0.9005,569.233,38.14145,35.01005
4,3,4,Beam 2 (chemistry),rob+N143+E201,8.411563,0.60116,0.46168,2628.71,10.88904,7.96841
4,3,4,Beam 3 (metal only),lcs+N52+E38,3.692908,0.249879,0.78596,1108.04,24.04706,18.97068
4,3,4,Beam 3 (metal only),whm+N295+E82,3.540711,0.330049,0.71858,1450.95,26.56849,22.99045
4,3,4,Beam 3 (metal only),wib+N49+E84,1.363324,1.26356,0.10094,1326.95,8.07956,3.1072
4,3,4,Beam 3 (metal only),sod-g+N315+E21,3.510845,0.0183972,0.97836,127.137,134.69011,75.75423
4,3,4,Beam 3 (metal only),wkl+N208+E16,5.02484,0.24338,0.78348,1087.3,60.15284,59.63481
4,3,4,Beam 3 (metal only),vmz+N629+E24,9.483961,0.543253,0.46506,2596.72,9.98163,6.9177
4,3,4,Beam 3 (metal only),mdf+N267+E14,6.966179,0.614605,0.35514,2617.33,8.45458,6.80624
4,3,4,Beam 3 (metal only),pyr-e+N295+E119,4.469812,0.609282,0.43826,2305.72,13.49305,8.81869
4,3,4,Beam 3 (metal only),pcb+N34+E7,1.470127,0.0783117,0.91058,511.723,41.35255,37.76152
4,3,4,Beam 4 (random baseline),gis+N492+E2,1.997248,0.0776685,0.89902,581.187,42.45549,33.89841
4,3,4,Beam 4 (random baseline),unu+N393+E27,3.032585,0.52576,0.64344,1767.85,15.74595,9.56323
4,3,4,Beam 4 (random baseline),smb+N494+E194,1.968947,0.224393,0.75276,1229.23,27.52618,15.84084
4,3,4,Beam 4 (random baseline),whs+N290+E57,1.955745,0.654953,0.58494,1904.06,21.51904,20.94271
4,3,4,Beam 4 (random baseline),vmg+N382+E2,2.585811,0.248125,0.74648,1323.4,20.24858,17.55873
4,3,4,Beam 4 (random baseline),whj+N493+E65,2.389367,0.566378,0.54284,2067.75,15.89601,9.85048
4,3,4,Beam 4 (random baseline),uoq+N194+E119,1.865409,0.195161,0.7793,1222.65,37.52759,36.33294
4,3,4,Beam 4 (random baseline),whr+N379+E128,3.467326,0.977161,0.37964,2246.29,12.18737,9.19107
4,3,4,Beam 4 (random baseline),wiq+N339+E28,1.949868,0.216985,0.80534,1043.7,28.1726,25.69728
4,3,4,Beam 4 (random baseline),smn+N457+E10,3.182847,0.136613,0.85812,815.749,33.10016,31.92063
4,4,5,Beam 1 (full hypothesis),thp+N375+E80,8.011448,0.453765,0.55076,2038.47,14.46917,10.74832
4,4,5,Beam 1 (full hypothesis),msw+N134+E141,5.046652,0.533653,0.50866,2293.37,10.83524,9.18197
4,4,5,Beam 1 (full hypothesis),vme+N480+E80,5.037037,0.395113,0.59436,1994.67,13.07832,9.99142
4,4,5,Beam 1 (full hypothesis),vmk+N453+E201,5.732263,0.769847,0.40612,2580.7,9.51115,7.34267
4,4,5,Beam 1 (full hypothesis),skd+N77+E80,5.56475,0.614179,0.53238,2165.7,12.73422,10.51091
4,4,5,Beam 1 (full hypothesis),sxk+N666+E80,4.017449,0.391436,0.63104,1782.48,17.92799,13.49574
4,4,5,Beam 1 (full hypothesis),vbr+N465+E141,2.941841,0.408024,0.6164,1815.84,16.73255,12.9191
4,4,5,Beam 1 (full hypothesis),wmc+N568+E141,4.510442,0.515667,0.5288,2259.98,11.41946,8.24666
4,4,5,Beam 1 (full hypothesis),vct+N629+E80,5.965931,0.427294,0.5557,2078.35,16.25786,11.26676
4,4,5,Beam 1 (full hypothesis),vcf+N630+E123,3.383723,0.52293,0.55868,2234.92,12.71338,8.54786
4,4,5,Beam 2 (chemistry),cap+N382+E141,2.951389,0.95138,0.1941,2696.24,7.43888,5.78781
4,4,5,Beam 2 (chemistry),bcs+N666+E141,7.033389,0.534826,0.50302,2524.79,12.25929,7.45653
4,4,5,Beam 2 (chemistry),wir+N622+E80,3.401705,0.355101,0.65464,1650.86,20.66,13.69173
4,4,5,Beam 2 (chemistry),why+N213+E80,4.546503,0.25891,0.69414,1548.51,18.3143,15.42858
4,4,5,Beam 2 (chemistry),wkm+N678+E141,4.902823,0.206183,0.76224,1202.67,46.51216,45.2813
4,4,5,Beam 2 (chemistry),tfs+N589+E123,5.832245,0.500483,0.56946,2088.33,19.97118,18.02012
4,4,5,Beam 2 (chemistry),wht+N465+E123,4.660883,0.547857,0.53048,2128.13,14.02027,9.31387
4,4,5,Beam 2 (chemistry),wkw+N550+E141,5.295269,0.480414,0.54906,2083.3,21.22036,20.56524
4,4,5,Beam 2 (chemistry),lcy+N384+E141,2.665022,0.361907,0.6345,1862.04,14.73903,12.21699
4,4,5,Beam 2 (chemistry),sml+N630+E123,3.473002,0.48263,0.59448,2120.89,15.56705,13.45472
4,4,5,Beam 3 (metal only),bsn+N86+E121,2.217185,0.255316,0.73284,1465.04,16.90042,15.0308
4,4,5,Beam 3 (metal only),ecg+N178+E151,6.119401,0.665904,0.33844,2232.64,15.23638,11.99717
4,4,5,Beam 3 (metal only),ecg+N507+E110,5.100755,0.409205,0.58094,1938.69,20.04861,16.71253
4,4,5,Beam 3 (metal only),vmf+N134+E123,2.798265,0.482617,0.58566,1947.99,16.19603,13.65176
4,4,5,Beam 3 (metal only),wmg+N453+E228,2.537843,0.925591,0.42052,2109.35,15.579,10.55272
4,4,5,Beam 3 (metal only),umo+N616+E3,2.012086,0.149944,0.86636,727.816,45.41984,43.72731
4,4,5,Beam 3 (metal only),eco+N226+E185,0.951616,1.68034,0.3177,1341.9,18.80865,17.01248
4,4,5,Beam 3 (metal only),vmj+N208+E189,4.856176,0.257645,0.76166,1265.69,26.60098,23.4501
4,4,5,Beam 3 (metal only),lhb+N427+E176,6.752508,0.621186,0.46038,2481.13,11.15471,7.56805
4,4,5,Beam 3 (metal only),wmg+N384+E104,5.130563,0.395492,0.64754,1745.26,22.55422,16.7488
4,4,5,Beam 4 (random baseline),wht+N691+E68,3.354136,0.423515,0.67222,1661.63,18.25263,13.31367
4,4,5,Beam 4 (random baseline),wiq+N591+E131,5.647161,0.554684,0.4947,2112.39,12.86476,10.53561
4,4,5,Beam 4 (random baseline),snk+N552+E44,3.970234,0.774671,0.46884,2196.35,13.85705,9.07957
4,4,5,Beam 4 (random baseline),lvt+N342+E204,3.068084,0.355357,0.65374,1800.72,15.30877,10.23046
4,4,5,Beam 4 (random baseline),wki+N681+E234,2.625363,0.233255,0.78698,1123.17,29.12844,23.06818
4,4,5,Beam 4 (random baseline),yyz+N417+E32,1.90495,0.144667,0.86594,698.301,36.12019,29.54236
4,4,5,Beam 4 (random baseline),whx+N709+E29,2.587555,0.664104,0.50372,1975.47,13.75216,9.20444
4,4,5,Beam 4 (random baseline),smb+N101+E181,1.713518,0.46156,0.6499,1672.67,17.838,12.23789
4,4,5,Beam 4 (random baseline),vby+N265+E59,1.827516,0.220402,0.76576,1264.49,23.24361,18.03668
4,4,5,Beam 4 (random baseline),umr+N164+E20,2.412115,0.114641,0.87674,694.538,39.87082,37.90098
4,5,6,Beam 1 (full hypothesis),sxb+N179+E123,7.105046,0.654633,0.43602,2571.76,10.63835,8.19199
4,5,6,Beam 1 (full hypothesis),vbq+N309+E72,5.280972,0.721942,0.4489,2153.27,13.49953,7.6143
4,5,6,Beam 1 (full hypothesis),wma+N453+E224,4.582896,0.590094,0.46666,2187.59,14.02126,10.64034
4,5,6,Beam 1 (full hypothesis),wfn+N427+E80,4.597698,0.589914,0.49794,2127.34,15.86151,10.82828
4,5,6,Beam 1 (full hypothesis),wgv+N384+E224,5.582019,0.494684,0.50722,2200.65,15.13104,10.59233
4,5,6,Beam 1 (full hypothesis),wie+N568+E176,4.092594,0.566676,0.5066,2158.63,13.41135,8.86557
4,5,6,Beam 1 (full hypothesis),vmv+N226+E80,5.887696,0.492072,0.55894,2074.48,15.84811,10.93085
4,5,6,Beam 1 (full hypothesis),hjm+N327+E224,0.8637408,0.767895,0.55994,2160.18,12.07107,9.0611
4,5,6,Beam 1 (full hypothesis),wfg+N550+E141,5.695742,0.534515,0.50374,2321.42,14.7294,10.37421
4,5,6,Beam 2 (chemistry),uks+N238+E224,2.957675,0.191234,0.78776,1064.16,39.4007,27.03062
4,5,6,Beam 2 (chemistry),lcv+N161+E123,2.786028,0.150728,0.83488,876.875,27.47077,25.14877
4,5,6,Beam 2 (chemistry),ecb+N69+E128,4.670768,0.801369,0.36096,2223.24,14.03186,10.73723
4,5,6,Beam 2 (chemistry),unm+N115+E176,1.949454,0.267653,0.73376,1430.74,20.25574,13.80187
4,5,6,Beam 2 (chemistry),wmm+N384+E128,2.289718,0.905766,0.33978,1743.82,16.27975,13.25184
4,5,6,Beam 2 (chemistry),yyz+N276+E87,1.739572,0.12557,0.8641,693.018,34.02274,30.35346
4,5,6,Beam 2 (chemistry),smb+N476+E141,0.3479593,0.479302,0.78646,968.556,33.01522,18.86445
4,5,6,Beam 2 (chemistry),wna+N309+E102,0.5340418,2.51437,0.0848,1325.79,8.73943,2.63818
4,5,6,Beam 3 (metal only),ecp+N26+E22,1.970027,0.3284,0.70952,1529.95,23.44882,23.00365
4,5,6,Beam 3 (metal only),ecg+N192+E51,1.777978,1.19261,0.17812,1831.06,10.10496,9.45695
4,5,6,Beam 3 (metal only),wkp+N232+E132,4.166991,0.730597,0.45798,2279.77,14.25588,12.65167
4,5,6,Beam 3 (metal only),ukk+N2+E215,4.868305,0.23341,0.71444,1567.2,17.46989,14.46312
4,5,6,Beam 3 (metal only),whd+N486+E8,2.768016,0.360816,0.73112,1337.38,32.26584,25.90322
4,5,6,Beam 3 (metal only),sxg+N568+E175,3.685524,1.04795,0.26628,2495.36,9.91101,4.81166
4,5,6,Beam 3 (metal only),vbw+N384+E160,6.332197,0.627739,0.48502,2055.71,15.31005,7.10853
4,5,6,Beam 3 (metal only),wkn+N208+E212,4.056852,0.366719,0.69562,1466.18,42.02585,41.35494
4,5,6,Beam 3 (metal only),eci+N550+E162,2.410392,1.24121,0.19826,2285.35,6.72978,5.34381
4,5,6,Beam 4 (random baseline),zfh+N172+E185,2.513175,1.4371,0.3165,2337.48,10.96004,6.83189
4,5,6,Beam 4 (random baseline),lhb+N664+E158,7.864583,0.69093,0.39744,2603.54,10.54259,6.54514
4,5,6,Beam 4 (random baseline),sxe+N40+E72,1.177001,0.781352,0.5957,1753.69,19.44908,11.58245
4,5,6,Beam 4 (random baseline),eco+N615+E160,3.834245,0.859261,0.39356,2063.46,19.55486,17.20387
4,5,6,Beam 4 (random baseline),unv+N52+E25,4.503643,0.350737,0.71312,1279.51,24.17458,17.20969
4,5,6,Beam 4 (random baseline),ato+N398+E32,2.330098,0.139669,0.84508,902.571,41.14622,38.82686
4,5,6,Beam 4 (random baseline),sme+N593+E111,2.171975,0.310878,0.65142,1825.86,15.18763,11.00774
4,5,6,Beam 4 (random baseline),wnc+N666+E138,4.818245,0.878124,0.35574,2480.27,13.88777,5.36831
4,5,6,Beam 4 (random baseline),teo+N380+E63,1.49121,1.8416,0.13442,1718.13,8.20804,4.45003
4,5,6,Beam 4 (random baseline),osa+N273+E222,1.871367,0.294827,0.71254,1454.42,21.86296,19.65008
4,6,7,Beam 1 (full hypothesis),bsn+N595+E123,10.02333,0.526222,0.48974,2398.49,10.52829,8.82175
4,6,7,Beam 1 (full hypothesis),qtz-x+N540+E68,11.38925,0.526619,0.4781,2416.99,10.76036,7.31158
4,6,7,Beam 1 (full hypothesis),qtz-x+N328+E123,11.57475,0.492658,0.46916,2561.23,9.03558,6.96882
4,6,7,Beam 1 (full hypothesis),vmx+N692+E53,8.550565,0.660025,0.45608,2265.0,12.51289,8.03931
4,6,7,Beam 1 (full hypothesis),vmz+N629+E68,9.328977,0.592272,0.47184,2411.57,11.56104,8.01052
4,6,7,Beam 1 (full hypothesis),wnc+N309+E202,5.23934,0.739301,0.47386,2158.5,16.22598,7.35546
4,6,7,Beam 1 (full hypothesis),vbq+N630+E123,3.610441,0.582249,0.5192,2335.77,12.72567,8.76745
4,6,7,Beam 1 (full hypothesis),wfn+N550+E68,6.308263,0.667867,0.46376,2389.34,15.29836,7.63498
4,6,7,Beam 1 (full hypothesis),ske+N521+E201,8.676147,0.532082,0.47008,2614.72,10.94218,7.08225
4,6,7,Beam 1 (full hypothesis),vmt+N629+E123,5.203541,0.620134,0.41486,2489.77,12.14585,8.10704
4,6,7,Beam 2 (chemistry),vbl+N508+E95,4.010999,0.631143,0.45668,2357.29,14.91966,7.02497
4,6,7,Beam 2 (chemistry),lcx+N642+E53,6.295924,0.625807,0.5046,2127.45,20.83696,5.90812
4,6,7,Beam 2 (chemistry),vca+N643+E68,3.601428,0.386558,0.67292,1538.3,18.74347,15.30945
4,6,7,Beam 2 (chemistry),uon+N376+E202,2.416664,0.326716,0.74018,1343.12,16.19874,13.72537
4,6,7,Beam 2 (chemistry),smg+N309+E202,5.152326,0.70103,0.48424,2167.79,14.23812,10.28823
4,6,7,Beam 2 (chemistry),sxc+N630+E95,5.287103,0.885868,0.34176,2666.83,8.23834,5.88172
4,6,7,Beam 2 (chemistry),vct+N629+E123,7.023958,0.5771,0.44994,2413.26,13.92773,8.46731
4,6,7,Beam 2 (chemistry),smi+N77+E68,4.478727,0.631431,0.58354,1859.24,15.03455,12.18384
4,6,7,Beam 2 (chemistry),tsi+N550+E123,5.966011,0.72274,0.40096,2571.01,10.13135,7.69151
4,6,7,Beam 2 (chemistry),xii+N118+E201,1.345573,1.40242,0.10008,1615.99,6.4889,3.31488
4,6,7,Beam 3 (metal only),sol+N47+E23,5.965475,0.319361,0.63814,1843.79,17.65974,14.3111
4,6,7,Beam 3 (metal only),smv+N422+E48,3.215327,0.551252,0.5405,1897.09,24.17657,22.69722
4,6,7,Beam 3 (metal only),ecu+N178+E142,7.345041,0.653633,0.34608,2605.61,9.02293,6.56358
4,6,7,Beam 3 (metal only),wmi+N309+E32,7.24444,0.324199,0.65818,1854.96,25.01002,10.5359
4,6,7,Beam 3 (metal only),wfh+N629+E179,7.608741,0.52369,0.50628,2134.11,16.72456,12.69017
4,6,7,Beam 3 (metal only),wkm+N630+E37,2.416741,0.577396,0.6017,1883.81,26.83922,26.38195
4,6,7,Beam 3 (metal only),bcu+N550+E68,9.254549,0.659222,0.44716,2590.95,10.52882,6.60444
4,6,7,Beam 3 (metal only),hcp+N187+E68,6.522123,0.87244,0.3264,2632.99,9.91152,6.09836
4,6,7,Beam 4 (random baseline),bcs+N336+E29,2.836627,1.04842,0.13362,2364.39,6.97549,3.42518
4,6,7,Beam 4 (random baseline),smv+N283+E71,3.900017,0.720262,0.41678,1815.26,22.28717,21.51343
4,6,7,Beam 4 (random baseline),who+N441+E73,2.568729,0.506305,0.62084,1695.87,17.29818,13.02121
4,6,7,Beam 4 (random baseline),sni+N180+E20,4.037889,0.249998,0.7151,1476.88,24.50609,19.50268
4,6,7,Beam 4 (random baseline),sng+N645+E156,3.396668,0.32704,0.69488,1372.96,26.15611,18.36142
4,6,7,Beam 4 (random baseline),sxb+N309+E184,2.907961,1.11288,0.16096,2512.12,6.89477,3.46059
4,6,7,Beam 4 (random baseline),smb+N548+E101,2.209365,0.323482,0.6587,1731.05,19.92648,12.31008
4,6,7,Beam 4 (random baseline),umv+N385+E30,1.655808,0.154665,0.84422,930.374,31.75019,19.65544
4,6,7,Beam 4 (random baseline),ukp+N76+E185,1.613904,0.577829,0.65424,1582.07,17.556,14.12599
4,6,7,Beam 4 (random baseline),wmg+N467+E23,2.094431,0.30062,0.72788,1462.56,28.90786,21.07991
4,7,8,Beam 1 (full hypothesis),sme+N521+E201,7.626657,0.584525,0.43758,2515.23,9.81212,7.26534
4,7,8,Beam 1 (full hypothesis),whv+N336+E202,7.233334,0.634052,0.46122,2344.51,13.24312,7.68689
4,7,8,Beam 1 (full hypothesis),wiu+N286+E201,6.277478,0.643213,0.50306,2415.45,11.57692,8.24591
4,7,8,Beam 1 (full hypothesis),smi+N392+E95,5.015465,0.621346,0.46628,2325.83,13.45706,8.46045
4,7,8,Beam 1 (full hypothesis),ecc+N629+E68,8.665075,0.605866,0.45082,2427.41,12.79931,8.62809
4,7,8,Beam 1 (full hypothesis),wjg+N547+E202,9.022597,0.562449,0.42334,2640.24,10.05126,6.7562
4,7,8,Beam 1 (full hypothesis),vcs+N629+E53,7.557928,0.634502,0.4608,2343.26,13.06159,7.33413
4,7,8,Beam 1 (full hypothesis),sol+N640+E201,5.607349,0.637775,0.47866,2524.82,10.74126,6.83547
4,7,8,Beam 1 (full hypothesis),thp+N26+E123,3.623732,0.577192,0.48632,2413.37,12.20109,8.44515
4,7,8,Beam 2 (chemistry),sxe+N447+E123,5.520989,0.353812,0.6055,1881.91,18.85416,11.00834
4,7,8,Beam 2 (chemistry),uoo+N89+E68,4.31112,0.203261,0.77332,1234.72,21.70604,15.34122
4,7,8,Beam 2 (chemistry),flu-e+N593+E95,4.762647,0.580756,0.50392,1930.09,21.38188,7.47247
4,7,8,Beam 2 (chemistry),thp+N629+E202,3.876557,0.982008,0.23866,2610.3,8.56667,4.7099
4,7,8,Beam 2 (chemistry),wmk+N162+E68,6.913024,0.253769,0.7414,1282.2,29.6985,16.93958
4,7,8,Beam 2 (chemistry),cdl+N312+E123,5.865249,0.593691,0.49672,2170.42,14.51085,9.8193
4,7,8,Beam 2 (chemistry),ull+N27+E201,2.252951,0.191673,0.77754,1185.31,35.91555,16.52017
4,7,8,Beam 2 (chemistry),lcv-e+N151+E201,4.694405,0.211554,0.77794,944.031,33.86292,29.09329
4,7,8,Beam 3 (metal only),vbu+N560+E151,4.385099,0.46357,0.55392,1852.02,17.67055,13.6243
4,7,8,Beam 3 (metal only),eck+N629+E234,5.477784,0.578698,0.48996,1966.83,18.04059,16.98884
4,7,8,Beam 3 (metal only),lcv-a+N455+E33,3.760349,0.0303422,0.96578,197.26,95.5503,89.22871
4,7,8,Beam 3 (metal only),rkf+N151+E95,5.375797,0.534811,0.5289,1766.34,13.06224,9.93568
4,7,8,Beam 3 (metal only),dft+N42+E38,1.778276,0.122986,0.86362,754.043,32.3528,28.52833
4,7,8,Beam 3 (metal only),mmt+N603+E209,3.372367,0.164413,0.80782,1023.8,20.9608,18.7351
4,7,8,Beam 3 (metal only),vmy+N629+E25,3.995907,0.938039,0.24896,2044.22,10.45608,5.73575
4,7,8,Beam 3 (metal only),umo+N524+E23,2.45924,0.0999358,0.88412,629.493,45.94699,45.30853
4,7,8,Beam 4 (random baseline),unf+N420+E86,1.234787,0.471505,0.6458,1860.73,18.79798,12.19687
4,7,8,Beam 4 (random baseline),smu+N40+E188,1.439199,0.406296,0.73056,1305.3,23.90585,16.71118
4,7,8,Beam 4 (random baseline),bva+N440+E2,1.55061,0.148195,0.84246,924.131,49.5872,23.04717
4,7,8,Beam 4 (random baseline),wia+N108+E111,2.702245,0.323203,0.6892,1675.2,17.49217,12.51247
4,7,8,Beam 4 (random baseline),sno+N6+E145,5.035482,0.772401,0.4415,1850.58,17.23606,15.24575
4,7,8,Beam 4 (random baseline),ulh+N515+E68,2.88349,0.141648,0.85478,791.932,39.52161,26.33892
4,7,8,Beam 4 (random baseline),uka+N153+E11,3.19754,0.290502,0.73692,1386.23,19.71835,18.05308
4,7,8,Beam 4 (random baseline),vbs+N521+E212,1.570113,1.18058,0.10318,2136.2,5.66436,3.78241
4,7,8,Beam 4 (random baseline),dia-a+N42+E18,2.556037,0.251062,0.73782,1225.56,19.56535,18.84891
4,7,8,Beam 4 (random baseline),wks+N691+E145,1.436296,0.54114,0.61378,1778.31,22.29125,18.42648
4,8,9,Beam 1 (full hypothesis),vcu+N629+E68,7.880685,0.542051,0.5084,2246.5,13.94913,8.51777
4,8,9,Beam 1 (full hypothesis),uoo+N184+E202,6.267089,0.55424,0.5326,2135.12,12.02064,8.30869
4,8,9,Beam 1 (full hypothesis),ure+N27+E80,8.195889,0.494995,0.47912,2171.84,12.45342,9.28056
4,8,9,Beam 1 (full hypothesis),vcu+N629+E104,6.954923,0.574377,0.47784,2373.88,13.29786,8.84653
4,8,9,Beam 1 (full hypothesis),ukm+N184+E202,5.3981,0.483545,0.57302,2203.4,13.05848,10.11385
4,8,9,Beam 1 (full hypothesis),hxg+N553+E201,7.11831,0.49244,0.50132,2391.36,13.80028,9.48683
4,8,9,Beam 1 (full hypothesis),vmz+N629+E53,8.674922,0.672006,0.42548,2587.63,10.69137,7.78977
4,8,9,Beam 2 (chemistry),ukt+N524+E72,2.294692,0.251338,0.73462,1359.81,27.03022,15.58056
4,8,9,Beam 2 (chemistry),vbv+N274+E102,3.297377,1.11286,0.3873,2048.83,16.33453,6.8749
4,8,9,Beam 2 (chemistry),umy+N27+E128,4.365646,0.272403,0.69894,1437.39,20.56635,18.14432
4,8,9,Beam 2 (chemistry),umu+N603+E104,4.934785,0.246483,0.73286,1350.9,28.66954,19.67256
4,8,9,Beam 2 (chemistry),vcs+N629+E102,0.2643499,2.553,0.0,0.0,5.46567,1.88797
4,8,9,Beam 2 (chemistry),smt+N180+E104,5.445825,0.334755,0.6788,1569.96,23.37893,20.13312
4,8,9,Beam 2 (chemistry),vmw+N692+E160,6.277589,0.774179,0.36216,2241.6,11.18653,7.77363
4,8,9,Beam 3 (metal only),whg+N553+E123,3.466639,0.234388,0.75038,1299.8,35.14212,16.2899
4,8,9,Beam 3 (metal only),unj+N547+E224,3.069277,0.16871,0.80042,1025.92,28.90213,25.8625
4,8,9,Beam 3 (metal only),smb+N540+E121,3.826222,0.246958,0.7175,1417.05,22.07659,14.34288
4,8,9,Beam 3 (metal only),crr+N90+E8,2.00889,0.134195,0.87712,653.194,42.24792,26.98921
4,8,9,Beam 3 (metal only),ecf+N629+E63,4.950911,0.808486,0.35244,2086.42,11.40983,6.58519
4,8,9,Beam 3 (metal only),wkq+N684+E219,2.926306,0.322488,0.6842,1551.99,22.53224,21.57277
4,8,9,Beam 3 (metal only),wmj+N183+E201,2.946303,0.48282,0.5592,1972.27,17.34335,15.29429
4,8,9,Beam 3 (metal only),ukb+N603+E162,7.036565,0.502122,0.45516,2359.5,14.37137,10.08157
4,8,9,Beam 3 (metal only),snh+N143+E201,4.607016,0.553989,0.5215,2098.19,21.02822,9.94559
4,8,9,Beam 3 (metal only),wkw+N629+E136,7.515636,0.414085,0.59438,1915.0,23.88299,22.70749
4,8,9,Beam 4 (random baseline),whz+N638+E148,1.707684,0.246677,0.74984,1312.08,25.43854,17.73432
4,8,9,Beam 4 (random baseline),wki+N646+E154,3.479555,0.489945,0.60392,1745.11,18.92469,14.61737
4,8,9,Beam 4 (random baseline),smc+N47+E218,4.549054,0.25874,0.69886,1557.39,18.60962,13.20795
4,8,9,Beam 4 (random baseline),wkp+N691+E45,1.334007,0.755517,0.5238,2180.96,15.61776,15.08599
4,8,9,Beam 4 (random baseline),umn+N346+E166,1.401588,0.297843,0.77668,1161.22,34.01266,30.79347
4,8,9,Beam 4 (random baseline),uon+N263+E221,3.503194,0.213475,0.73132,1401.88,18.67716,17.08895
4,8,9,Beam 4 (random baseline),lcv-e+N195+E233,1.846365,0.197915,0.839,688.635,45.85916,38.93962
4,8,9,Beam 4 (random baseline),uki+N417+E18,1.824912,0.5514,0.59104,2062.21,14.28875,9.47492
4,9,10,Beam 1 (full hypothesis),vct+N111+E123,8.367583,0.618055,0.43828,2394.2,12.35117,7.81212
4,9,10,Beam 1 (full hypothesis),sxf+N328+E25,7.867394,0.559791,0.42096,2221.43,13.31026,7.82883
4,9,10,Beam 1 (full hypothesis),hex+N629+E96,8.048669,0.570444,0.44648,2377.49,10.1163,8.08208
4,9,10,Beam 1 (full hypothesis),rob+N208+E85,10.0261,0.500481,0.54726,2305.19,11.51609,8.20952
4,9,10,Beam 1 (full hypothesis),why+N593+E25,8.044958,0.550525,0.47032,2258.12,13.57889,8.32921
4,9,10,Beam 1 (full hypothesis),wfd+N629+E23,8.086602,0.540705,0.46932,2322.94,11.22921,7.89607
4,9,10,Beam 1 (full hypothesis),wht+N447+E206,5.523568,0.726823,0.39236,2151.3,11.95254,7.91081
4,9,10,Beam 1 (full hypothesis),whv+N234+E204,6.394116,0.717851,0.39982,2389.07,12.49656,6.88394
4,9,10,Beam 2 (chemistry),whp+N598+E2,3.023704,0.16582,0.79748,1123.78,28.61594,25.614
4,9,10,Beam 2 (chemistry),crs+N560+E202,5.133169,0.576563,0.49994,2238.92,13.54523,8.79557
4,9,10,Beam 2 (chemistry),unj+N335+E61,2.097065,0.0986673,0.87938,652.193,35.78507,33.80524
4,9,10,Beam 2 (chemistry),smj+N540+E11,7.579924,0.380089,0.59576,1745.0,19.20761,18.52256
4,9,10,Beam 2 (chemistry),ecq+N629+E131,1.468206,1.2088,0.27172,1275.66,18.21131,15.89904
4,9,10,Beam 2 (chemistry),whi+N593+E89,3.549641,0.926055,0.24236,1838.29,11.84081,8.13113
4,9,10,Beam 2 (chemistry),msw+N475+E81,1.602944,1.04583,0.13218,2557.0,6.1549,3.97533
4,9,10,Beam 2 (chemistry),wfk+N69+E123,3.712368,0.449728,0.59554,1900.84,18.67451,17.44696
4,9,10,Beam 3 (metal only),rhr+N561+E82,2.611942,0.116805,0.88866,624.271,49.8514,26.34871
4,9,10,Beam 3 (metal only),uoh+N267+E151,3.435274,0.286285,0.67728,1590.4,23.9569,22.29481
4,9,10,Beam 3 (metal only),wkh+N668+E33,1.98763,0.220242,0.77196,1258.78,23.98709,18.10171
4,9,10,Beam 3 (metal only),wgv+N208+E98,4.487078,0.1895,0.8084,1022.18,29.81329,24.49384
4,9,10,Beam 3 (metal only),wfh+N629+E44,4.720971,0.93257,0.29396,2346.57,9.12879,6.94437
4,9,10,Beam 3 (metal only),qtz+N34+E66,3.839879,0.42463,0.57168,2207.77,10.93752,9.46425
4,9,10,Beam 3 (metal only),vmd+N540+E4,6.181203,0.272723,0.6846,1613.45,17.90719,15.84597
4,9,10,Beam 4 (random baseline),wmf+N40+E50,0.4647874,0.893405,0.58716,1795.02,19.78807,9.792
4,9,10,Beam 4 (random baseline),ecp+N357+E38,7.188859,0.540777,0.45722,2486.93,16.04475,15.08783
4,9,10,Beam 4 (random baseline),rob+N602+E9,1.159918,0.335885,0.69912,1629.86,16.72253,11.18612
4,9,10,Beam 4 (random baseline),smq+N16+E166,4.457111,0.817674,0.42336,2368.19,12.32159,9.79512
4,9,10,Beam 4 (random baseline),smi+N548+E123,4.693146,0.610887,0.46768,2223.4,12.62056,9.99792
4,9,10,Beam 4 (random baseline),snx+N273+E199,3.606556,0.59784,0.46894,2207.66,14.97638,13.87368
4,9,10,Beam 4 (random baseline),fng+N332+E98,2.188346,0.161061,0.84194,817.766,35.43374,34.52976
4,9,10,Beam 4 (random baseline),uno+N512+E148,6.640268,0.528925,0.41528,2356.3,13.9859,8.27117
4,9,10,Beam 4 (random baseline),acs+N30+E165,2.277602,1.27926,0.19778,2770.79,7.46075,3.74669
4,9,10,Beam 4 (random baseline),wmn+N373+E47,3.02968,0.394131,0.71724,1409.35,28.51682,24.23783
4,10,11,Beam 1 (full hypothesis),wiu+N309+E81,9.178221,0.575207,0.49456,2338.73,12.96916,7.78334
4,10,11,Beam 1 (full hypothesis),ecn+N629+E11,9.429766,0.596923,0.4256,2467.5,10.98937,7.34027
4,10,11,Beam 1 (full hypothesis),bcu+N629+E80,9.873094,0.468784,0.51708,2320.22,10.56615,8.41386
4,10,11,Beam 1 (full hypothesis),wgw+N234+E85,9.539452,0.540396,0.42228,2357.97,12.3034,7.4093
4,10,11,Beam 1 (full hypothesis),ilc+N642+E80,8.597479,0.559389,0.46898,2471.48,9.63626,6.98299
4,10,11,Beam 1 (full hypothesis),whb+N85+E85,8.480121,0.54221,0.46904,2303.51,12.38375,8.23977
4,10,11,Beam 1 (full hypothesis),sol+N309+E141,5.113044,0.480205,0.53386,2326.78,12.77789,8.45183
4,10,11,Beam 1 (full hypothesis),pcu+N273+E11,7.956769,0.501219,0.51664,2352.86,11.18351,8.26211
4,10,11,Beam 1 (full hypothesis),hxg+N273+E80,6.687464,0.585607,0.44074,2380.09,10.75103,7.99884
4,10,11,Beam 1 (full hypothesis),oof+N363+E32,10.56451,0.539508,0.45576,2518.26,11.44327,7.71101
4,10,11,Beam 2 (chemistry),msp+N312+E72,7.435626,0.631444,0.44686,2484.2,12.19509,6.38368
4,10,11,Beam 2 (chemistry),cdl+N68+E72,3.070815,1.01148,0.18298,2188.52,7.38316,5.05985
4,10,11,Beam 2 (chemistry),umj+N263+E201,2.672829,0.13662,0.83834,847.372,27.29718,23.81493
4,10,11,Beam 2 (chemistry),ecf+N629+E123,5.233763,0.560412,0.47358,2281.02,15.22048,7.65937
4,10,11,Beam 2 (chemistry),cap+N336+E123,2.102324,1.05858,0.12106,2186.71,6.39509,4.47373
4,10,11,Beam 2 (chemistry),wkw+N372+E47,9.269809,0.316065,0.65782,1582.24,28.4729,27.87607
4,10,11,Beam 2 (chemistry),vbu+N273+E40,3.767082,0.284132,0.7201,1385.54,22.93072,20.7631
4,10,11,Beam 2 (chemistry),whl+N309+E84,3.629082,0.908761,0.33074,1713.83,14.85783,13.86751
4,10,11,Beam 2 (chemistry),vmy+N629+E40,7.296702,0.441904,0.56586,1979.14,17.06968,14.41339
4,10,11,Beam 3 (metal only),unh+N561+E72,4.576017,0.20026,0.78048,1137.47,32.05686,30.9318
4,10,11,Beam 3 (metal only),umr+N27+E173,5.524185,0.289925,0.67582,1527.54,26.00087,23.84536
4,10,11,Beam 3 (metal only),smw+N696+E136,5.138689,0.345575,0.65648,1691.14,31.25287,27.40523
4,10,11,Beam 3 (metal only),wht+N309+E126,3.312093,0.287705,0.70078,1553.68,19.01658,14.05767
4,10,11,Beam 3 (metal only),vmx+N629+E132,2.815011,1.1046,0.16968,2502.22,6.32928,3.90266
4,10,11,Beam 3 (metal only),thp-x+N118+E234,5.490737,0.848492,0.3063,2533.49,11.35989,5.80474
4,10,11,Beam 3 (metal only),xii+N187+E175,0.4024478,1.89203,0.03276,638.946,6.4367,2.52426
4,10,11,Beam 3 (metal only),und+N161+E217,6.881988,0.355611,0.57556,2106.74,16.27178,14.30168
4,10,11,Beam 3 (metal only),ecg+N26+E36,2.25133,0.302407,0.70858,1503.68,25.0695,22.23042
4,10,11,Beam 3 (metal only),snz+N234+E216,6.551855,0.595245,0.36756,2332.01,12.84963,10.29548
4,10,11,Beam 4 (random baseline),sny+N101+E121,1.905459,0.132069,0.87426,688.666,63.92352,62.87231
4,10,11,Beam 4 (random baseline),lcv+N215+E8,1.846763,0.242129,0.81836,971.585,24.76396,21.18052
4,10,11,Beam 4 (random baseline),ukj+N393+E39,2.024211,0.132393,0.8699,741.9,26.82269,24.16128
4,10,11,Beam 4 (random baseline),sxn+N334+E23,2.95395,0.335343,0.69332,1436.62,26.80912,18.61711
4,10,11,Beam 4 (random baseline),wig+N392+E73,3.921485,0.46107,0.57704,2111.05,13.65986,11.28709
4,10,11,Beam 4 (random baseline),wmm+N116+E127,2.512005,0.736389,0.49734,2286.45,21.64773,20.32777
4,10,11,Beam 4 (random baseline),uov+N109+E87,2.390642,0.181202,0.80108,1102.63,26.24934,21.53182
4,10,11,Beam 4 (random baseline),dei+N618+E112,3.183525,0.101244,0.89134,589.177,42.48186,37.229
4,10,11,Beam 4 (random baseline),wky+N269+E221,3.852259,0.361456,0.60372,1954.82,15.74928,10.88914
4,10,11,Beam 4 (random baseline),snw+N356+E81,9.434128,0.454244,0.51896,2255.39,12.13007,9.85194
5,1,1,Beam 1 (full hypothesis),wmb+N690+E3,3.972754,0.333832,0.69022,1576.06,22.27971,18.44228
5,1,1,Beam 1 (full hypothesis),snh+N406+E47,7.830778,0.343141,0.64148,1625.41,25.68789,13.16481
5,1,1,Beam 1 (full hypothesis),smi+N453+E181,4.546178,0.650684,0.48988,2205.27,13.44029,10.79479
5,1,1,Beam 1 (full hypothesis),whq+N384+E14,4.546621,0.570295,0.52012,2039.97,16.68834,12.97758
5,1,1,Beam 1 (full hypothesis),whc+N590+E3,4.121575,0.294337,0.72668,1349.06,28.46807,24.58128
5,1,1,Beam 1 (full hypothesis),whr+N406+E14,5.431652,0.5645,0.44874,2347.97,14.18853,11.43268
5,1,1,Beam 1 (full hypothesis),wgx+N453+E228,2.581041,0.934575,0.42476,2127.07,16.30745,5.85961
5,1,1,Beam 1 (full hypothesis),pyr-e+N645+E11,7.529088,0.515664,0.52902,2156.01,14.75627,7.93644
5,1,1,Beam 1 (full hypothesis),whr+N406+E25,5.312014,0.703998,0.35084,2258.39,14.80276,10.07994
5,1,1,Beam 2 (chemistry),wmg+N366+E149,3.766776,0.535602,0.57248,1853.48,23.32384,18.84984
5,1,1,Beam 2 (chemistry),wky+N384+E53,4.360587,0.474156,0.61614,1814.14,15.15519,12.55312
5,1,1,Beam 2 (chemistry),wko+N453+E85,5.708536,0.769369,0.4192,2153.57,12.99769,9.95712
5,1,1,Beam 2 (chemistry),wir+N406+E96,2.748556,0.356809,0.61816,1842.75,17.92278,12.03417
5,1,1,Beam 2 (chemistry),msw+N33+E3,6.444726,0.533694,0.5443,2214.7,12.41206,10.22171
5,1,1,Beam 2 (chemistry),acs+N453+E149,3.733506,1.15688,0.23128,2502.88,7.10227,4.58985
5,1,1,Beam 2 (chemistry),whs+N406+E131,2.283635,0.820727,0.37208,1792.33,18.43588,17.07249
5,1,1,Beam 2 (chemistry),wmv+N265+E234,5.592119,0.42203,0.642,1650.01,20.31866,18.23735
5,1,1,Beam 2 (chemistry),vbq+N384+E13,4.485885,0.839702,0.37348,2337.62,10.16196,7.27141
5,1,1,Beam 2 (chemistry),wmt+N453+E40,3.382342,0.279987,0.75766,1121.03,39.88571,38.32201
5,1,1,Beam 3 (metal only),vbs+N384+E48,4.155289,0.934057,0.27564,2300.37,8.80728,5.99667
5,1,1,Beam 3 (metal only),smq+N666+E41,1.285067,0.317233,0.72592,1532.34,22.1886,17.06633
5,1,1,Beam 3 (metal only),whz+N366+E84,5.061696,0.639319,0.46476,1963.76,15.69998,9.93441
5,1,1,Beam 3 (metal only),wim+N476+E14,0.2684931,0.586672,0.76544,990.497,35.98277,34.87854
5,1,1,Beam 3 (metal only),smb+N384+E29,5.334976,0.829233,0.34492,2293.44,12.05756,5.27854
5,1,1,Beam 3 (metal only),sma+N406+E123,5.115044,0.482279,0.50858,2232.18,15.0534,13.68589
5,1,1,Beam 4 (random baseline),ukh+N393+E64,2.574686,0.160588,0.85002,822.005,32.49888,20.91368
5,1,1,Beam 4 (random baseline),umx+N109+E145,1.613591,0.282936,0.76688,1212.39,27.97774,25.82485
5,1,1,Beam 4 (random baseline),wif+N9+E48,7.799017e-06,1.70413,0.0,0.0,4.29296,1.36956
5,1,1,Beam 4 (random baseline),unb+N50+E224,3.043625,0.10313,0.86576,741.576,39.34981,25.57575
5,1,1,Beam 4 (random baseline),lcx+N69+E40,5.52006,0.468836,0.56874,1897.79,18.99515,10.28262
5,1,1,Beam 4 (random baseline),vby+N221+E48,3.273001,1.06988,0.37502,2644.62,10.27216,6.26493
5,1,1,Beam 4 (random baseline),whu+N49+E187,4.617057,0.400834,0.61472,1614.44,24.64098,24.22756
5,1,1,Beam 4 (random baseline),umh+N73+E24,1.40384,0.299199,0.74446,1425.05,21.81508,12.6367
5,1,1,Beam 4 (random baseline),wjf+N93+E185,1.669294,0.384493,0.72284,1364.68,27.1375,25.99823
5,2,2,Beam 1 (full hypothesis),wjd+N453+E40,5.572954,0.358064,0.67574,1601.33,22.7699,12.32329
5,2,2,Beam 1 (full hypothesis),vme+N384+E61,3.746452,0.376962,0.62078,1846.28,15.56224,10.9666
5,2,2,Beam 1 (full hypothesis),wfk+N431+E11,6.208724,0.465922,0.51944,2037.87,15.48292,12.87429
5,2,2,Beam 1 (full hypothesis),wff+N329+E40,9.597559,0.517983,0.53008,2157.4,16.26765,9.32768
5,2,2,Beam 1 (full hypothesis),reo+N629+E61,6.944567,0.453902,0.53704,2179.25,14.12528,9.89733
5,2,2,Beam 1 (full hypothesis),wkf+N85+E32,7.277133,0.317754,0.654,1793.52,19.40521,12.64326
5,2,2,Beam 1 (full hypothesis),wmo+N384+E11,4.599015,0.430706,0.60188,1808.21,18.38184,12.80519
5,2,2,Beam 1 (full hypothesis),vcc+N666+E32,5.646955,0.360926,0.62922,2013.28,17.11985,11.08752
5,2,2,Beam 2 (chemistry),wjd+N85+E47,5.590354,0.24666,0.7366,1338.56,27.92556,15.20786
5,2,2,Beam 2 (chemistry),unx+N327+E47,0.738615,0.327171,0.8168,876.35,35.26702,19.46045
5,2,2,Beam 2 (chemistry),sxg+N384+E61,4.099923,0.375191,0.62292,1832.48,19.857,11.93442
5,2,2,Beam 2 (chemistry),ecm+N329+E11,8.26992,0.629535,0.4634,2256.12,14.06198,7.5807
5,2,2,Beam 2 (chemistry),smv+N666+E61,5.275686,0.335315,0.68628,1575.09,35.82074,34.46073
5,2,2,Beam 2 (chemistry),wmo+N406+E61,4.298628,0.340159,0.64284,1584.05,22.91816,16.08261
5,2,2,Beam 2 (chemistry),wgw+N453+E32,4.795839,0.38534,0.6171,1964.88,16.89975,11.47855
5,2,2,Beam 2 (chemistry),fcu+N187+E47,8.793031,0.631409,0.42176,2463.53,12.04579,6.71205
5,2,2,Beam 2 (chemistry),nfb+N371+E61,2.162932,0.218166,0.78078,1219.46,39.63753,15.17972
5,2,2,Beam 3 (metal only),smr+N577+E24,2.207321,0.361842,0.68926,1635.27,22.73644,18.13877
5,2,2,Beam 3 (metal only),rkf+N666+E24,3.962538,0.505168,0.55956,2175.67,13.74812,10.35259
5,2,2,Beam 3 (metal only),wmy+N476+E3,0.3966146,0.464185,0.79126,933.925,27.18197,22.87015
5,2,2,Beam 3 (metal only),ecu+N636+E222,7.782114,0.571659,0.40922,2453.06,9.85235,7.58776
5,2,2,Beam 3 (metal only),sxi+N384+E22,1.379434,0.247374,0.7645,1331.99,24.92956,19.76241
5,2,2,Beam 3 (metal only),sny+N453+E179,5.499453,0.291136,0.75514,1159.14,41.91116,40.88668
5,2,2,Beam 3 (metal only),wfi+N329+E22,2.254474,0.375098,0.66748,1776.37,17.29793,13.7855
5,2,2,Beam 3 (metal only),nsp+N629+E68,5.895078,0.464862,0.5978,1764.75,21.93667,18.8977
5,2,2,Beam 3 (metal only),hcp+N187+E21,9.005026,0.537217,0.50004,2303.58,13.274,7.63309
5,2,2,Beam 3 (metal only),thp-x+N118+E222,5.53573,0.765896,0.34496,2629.1,11.1889,6.58648
5,2,2,Beam 4 (random baseline),wff+N543+E92,4.985708,0.886823,0.25786,2299.48,10.20689,5.65475
5,2,2,Beam 4 (random baseline),unc+N301+E142,3.135697,0.380987,0.58228,1763.08,22.78772,21.2385
5,2,2,Beam 4 (random baseline),whm+N373+E194,0.9338025,0.21912,0.83442,889.993,40.22605,36.64565
5,2,2,Beam 4 (random baseline),sxg+N40+E9,0.5894176,0.237454,0.851,806.307,38.03224,23.92815
5,2,2,Beam 4 (random baseline),snz+N681+E71,4.364275,0.455229,0.60414,1830.86,20.60905,19.0919
5,2,2,Beam 4 (random baseline),ecj+N423+E110,3.774794,0.514947,0.55524,2236.31,13.40664,11.87621
5,2,2,Beam 4 (random baseline),wko+N505+E126,2.655186,0.291096,0.73378,1361.68,24.94681,22.01405
5,2,2,Beam 4 (random baseline),sml+N14+E151,2.186089,0.801897,0.4585,2197.83,14.81913,13.98386
5,2,2,Beam 4 (random baseline),snq+N170+E29,6.117858,0.402135,0.60046,1680.09,23.33271,22.68372
5,3,3,Beam 1 (full hypothesis),vmz+N138+E61,3.380521,0.390443,0.61468,1920.82,15.87642,12.15338
5,3,3,Beam 1 (full hypothesis),eca+N191+E47,9.491444,0.422224,0.58512,2075.13,15.54182,10.97786
5,3,3,Beam 1 (full hypothesis),ecl+N261+E40,10.60013,0.42283,0.5283,2156.0,14.83561,10.7464
5,3,3,Beam 1 (full hypothesis),hcp+N187+E21,8.93222,0.537217,0.50004,2303.58,13.274,7.63309
5,3,3,Beam 1 (full hypothesis),nfa+N164+E32,9.924401,0.44366,0.55294,2187.21,13.38562,9.26136
5,3,3,Beam 1 (full hypothesis),who+N590+E32,5.247857,0.368328,0.62388,1838.13,17.71179,11.47451
5,3,3,Beam 1 (full hypothesis),wfd+N629+E179,8.273578,0.593374,0.4385,2326.91,12.61315,7.51167
5,3,3,Beam 2 (chemistry),vbp+N560+E61,3.616721,0.285739,0.69466,1570.79,22.10925,15.22013
5,3,3,Beam 2 (chemistry),smm+N354+E21,3.239743,0.314716,0.72748,1393.54,24.70681,23.22141
5,3,3,Beam 2 (chemistry),hex+N261+E21,3.962408,0.320418,0.63322,1737.5,14.45953,13.04758
5,3,3,Beam 2 (chemistry),vmt+N629+E163,6.598381,0.593833,0.44694,2413.85,13.37842,8.55802
5,3,3,Beam 2 (chemistry),thp-x+N297+E40,6.985072,0.755616,0.3491,2680.03,11.7782,5.72984
5,3,3,Beam 2 (chemistry),thp-x+N187+E179,5.4742,0.860328,0.29728,2538.82,10.01118,6.081
5,3,3,Beam 2 (chemistry),hcp+N118+E47,10.47046,0.589054,0.4508,2372.18,12.90566,7.27232
5,3,3,Beam 2 (chemistry),qtz+N76+E47,3.065941,0.130408,0.85258,817.94,24.36584,20.78706
5,3,3,Beam 3 (metal only),cds+N153+E234,3.793043,0.357825,0.6668,1798.5,14.11842,9.25072
5,3,3,Beam 3 (metal only),wfm+N261+E234,7.912521,0.555431,0.4445,2279.32,12.10505,8.73834
5,3,3,Beam 3 (metal only),snr+N354+E41,2.167637,0.310896,0.76392,1269.84,30.58784,19.01212
5,3,3,Beam 3 (metal only),reo+N121+E82,3.732221,0.491772,0.62676,1722.71,21.17971,13.64439
5,3,3,Beam 3 (metal only),ecs+N138+E222,2.37708,0.250715,0.7596,1203.54,44.69256,42.019
5,3,3,Beam 3 (metal only),hcp+N118+E209,8.347085,0.619278,0.43718,2353.39,12.12657,7.26853
5,3,3,Beam 3 (metal only),ecn+N629+E22,2.263058,0.369028,0.63644,1923.7,14.41445,10.45965
5,3,3,Beam 3 (metal only),hcp+N323+E234,6.884575,0.789383,0.34668,2691.64,11.0894,7.46519
5,3,3,Beam 3 (metal only),thp-x+N187+E68,5.749854,0.872501,0.33292,2550.86,11.01194,6.70797
5,3,3,Beam 4 (random baseline),whs+N6+E78,11.59758,0.322465,0.59088,1695.68,23.58905,23.15064
5,3,3,Beam 4 (random baseline),wnb+N528+E179,3.870558,0.463896,0.66736,1626.25,21.62235,16.94467
5,3,3,Beam 4 (random baseline),uoo+N649+E202,6.968201,0.772382,0.40546,2895.48,9.827,5.53055
5,3,3,Beam 4 (random baseline),smq+N250+E86,2.283724,0.507343,0.5689,2004.54,17.61147,15.55528
5,3,3,Beam 4 (random baseline),vbu+N577+E10,1.912362,0.157929,0.83678,942.395,32.1478,24.7983
5,3,3,Beam 4 (random baseline),wiq+N86+E82,2.368513,0.328102,0.7387,1341.0,24.99636,20.20765
5,3,3,Beam 4 (random baseline),reo-e+N555+E24,1.849889,0.351618,0.70558,1614.41,28.89067,12.154
5,3,3,Beam 4 (random baseline),ece+N21+E226,1.23151,1.74025,0.1612,1276.28,10.07139,7.01483
5,4,4,Beam 1 (full hypothesis),vcs+N326+E32,8.770955,0.528838,0.47042,2430.75,13.65181,9.03283
5,4,4,Beam 1 (full hypothesis),who+N568+E61,4.697643,0.504481,0.54826,2046.75,15.75613,10.24576
5,4,4,Beam 1 (full hypothesis),vcc+N453+E61,4.142962,0.434157,0.59568,2012.58,15.2243,10.14327
5,4,4,Beam 1 (full hypothesis),tsi+N226+E61,6.349678,0.529785,0.5165,2322.08,12.34229,9.7778
5,4,4,Beam 1 (full hypothesis),vmt+N261+E61,6.570912,0.429706,0.52024,2191.64,15.2003,8.97733
5,4,4,Beam 1 (full hypothesis),vmu+N655+E61,7.549596,0.439496,0.49908,2291.39,12.69281,9.02858
5,4,4,Beam 1 (full hypothesis),vcu+N427+E32,7.077046,0.537243,0.4894,2410.64,12.63472,9.08191
5,4,4,Beam 1 (full hypothesis),osd+N121+E40,10.50586,0.518485,0.51764,2182.91,14.68675,9.52058
5,4,4,Beam 2 (chemistry),ato+N257+E61,1.568879,0.152081,0.8447,898.669,42.54089,39.74333
5,4,4,Beam 2 (chemistry),sxb+N354+E61,7.299556,0.583283,0.50748,2368.91,12.46524,10.37772
5,4,4,Beam 2 (chemistry),whz+N384+E47,5.385311,0.263683,0.73088,1374.42,24.5894,17.10872
5,4,4,Beam 2 (chemistry),lcx+N655+E40,7.457431,0.486186,0.46196,2368.64,16.534,5.71036
5,4,4,Beam 2 (chemistry),vct+N427+E218,5.460554,0.524439,0.548,2040.88,15.58415,10.5104
5,4,4,Beam 2 (chemistry),nfc+N301+E40,3.770993,0.321833,0.62982,1910.68,15.08249,11.25969
5,4,4,Beam 2 (chemistry),vmx+N138+E61,3.395278,0.411887,0.59564,1927.84,17.85221,13.84553
5,4,4,Beam 2 (chemistry),wfl+N629+E21,6.142251,0.449562,0.52618,2261.62,13.65612,9.27005
5,4,4,Beam 2 (chemistry),ecd+N191+E32,6.438132,0.291265,0.7086,1383.03,33.91112,31.81288
5,4,4,Beam 2 (chemistry),snm+N476+E32,0.5916512,0.299115,0.8472,725.198,43.59235,40.78702
5,4,4,Beam 3 (metal only),lvt+N581+E12,1.113697,0.158438,0.8328,972.503,20.50017,17.48351
5,4,4,Beam 3 (metal only),uoe+N327+E36,0.4024324,0.205882,0.89046,535.713,48.25338,45.04338
5,4,4,Beam 3 (metal only),sxd+N384+E22,1.069497,0.307811,0.70906,1616.53,15.93901,14.1998
5,4,4,Beam 3 (metal only),wfd+N261+E3,8.711944,0.487831,0.4924,2211.45,15.11347,9.97553
5,4,4,Beam 3 (metal only),uni+N109+E2,1.822775,0.126458,0.8614,797.368,27.73981,25.28656
5,4,4,Beam 3 (metal only),pyr-e+N453+E98,4.483445,0.386247,0.63064,1708.8,19.45854,12.5716
5,4,4,Beam 3 (metal only),snm+N568+E22,1.342497,0.282331,0.74806,1379.3,27.75493,26.26758
5,4,4,Beam 3 (metal only),vmy+N226+E41,2.36139,0.415939,0.66088,1777.79,16.16256,13.70492
5,4,4,Beam 3 (metal only),tsi+N138+E40,4.796178,0.425212,0.59012,2007.19,13.60412,11.22705
5,4,4,Beam 4 (random baseline),pcb+N303+E228,1.849596,0.555701,0.63066,1827.62,19.81516,17.75624
5,4,4,Beam 4 (random baseline),wmc+N180+E10,2.225274,0.165292,0.79324,1171.45,20.60917,16.485
5,4,4,Beam 4 (random baseline),vmj+N86+E119,2.038734,0.566763,0.51348,2300.96,14.64135,11.14217
5,4,4,Beam 4 (random baseline),uoi+N276+E152,5.157755,0.409052,0.58352,1925.77,18.65285,13.42916
5,4,4,Beam 4 (random baseline),wgx+N314+E209,3.854022,0.236285,0.74268,1274.7,31.48006,16.88829
5,4,4,Beam 4 (random baseline),gme+N557+E182,1.836172,0.357351,0.63998,1924.41,16.1733,12.91453
5,4,4,Beam 4 (random baseline),umq+N719+E43,5.106977,0.202369,0.77484,1193.45,26.21993,23.11144
5,4,4,Beam 4 (random baseline),whq+N15+E73,1.636554,0.747397,0.54374,1707.65,20.75879,16.55662
5,4,4,Beam 4 (random baseline),wkh+N518+E64,2.35823,0.260189,0.75356,1281.42,24.70759,16.28221
5,5,5,Beam 1 (full hypothesis),wid+N529+E61,4.877136,0.500813,0.54686,2119.31,14.47575,11.38178
5,5,5,Beam 1 (full hypothesis),sol+N354+E61,4.522049,0.46942,0.59716,2070.38,13.94944,10.75107
5,5,5,Beam 1 (full hypothesis),vmt+N261+E40,8.338252,0.41066,0.5531,2009.28,15.54775,10.70569
5,5,5,Beam 1 (full hypothesis),hex+N138+E61,3.103839,0.453047,0.5625,2100.13,12.76118,9.75286
5,5,5,Beam 1 (full hypothesis),mok+N109+E40,9.404936,0.368846,0.63002,2004.18,12.69935,11.08618
5,5,5,Beam 1 (full hypothesis),wfo+N629+E61,6.021985,0.438226,0.54762,2135.86,14.73865,9.7365
5,5,5,Beam 1 (full hypothesis),bcu+N655+E47,10.31793,0.348558,0.59678,1993.24,13.24537,9.50915
5,5,5,Beam 1 (full hypothesis),wiv+N366+E40,4.451393,0.343752,0.65326,1827.59,14.77761,11.48404
5,5,5,Beam 1 (full hypothesis),wjg+N109+E40,6.896386,0.343069,0.65806,1821.74,15.50877,10.678
5,5,5,Beam 1 (full hypothesis),eci+N629+E61,7.117154,0.501086,0.48366,2366.35,12.93607,10.52784
5,5,5,Beam 2 (chemistry),wnb+N529+E40,5.185921,0.312911,0.7111,1397.92,25.47057,17.98211
5,5,5,Beam 2 (chemistry),vmu+N121+E40,10.69541,0.573804,0.47394,2338.83,11.14534,8.41919
5,5,5,Beam 2 (chemistry),umv+N109+E40,3.108696,0.209955,0.794,1117.95,26.67245,15.3124
5,5,5,Beam 2 (chemistry),wfn+N655+E61,4.835122,0.384366,0.5723,1801.55,19.81154,15.35509
5,5,5,Beam 2 (chemistry),fcu+N118+E61,5.681803,0.770296,0.30636,2885.68,8.99079,4.93372
5,5,5,Beam 2 (chemistry),ecv+N138+E61,3.428929,0.405732,0.60236,1986.37,14.71278,10.79412
5,5,5,Beam 2 (chemistry),lsz+N261+E47,12.92693,0.429853,0.51614,2253.92,10.96095,8.6414
5,5,5,Beam 2 (chemistry),thp-x+N323+E40,6.992219,0.756693,0.34888,2707.81,11.8454,5.45409
5,5,5,Beam 2 (chemistry),vmw+N629+E61,7.494778,0.536412,0.46892,2385.5,14.24943,9.37571
5,5,5,Beam 3 (metal only),wkl+N33+E41,1.040315,0.22183,0.82088,906.571,53.28169,53.09873
5,5,5,Beam 3 (metal only),vmy+N261+E32,7.611099,0.384107,0.55762,1994.86,16.24506,14.52316
5,5,5,Beam 3 (metal only),tsi+N191+E41,2.036694,0.33811,0.68354,1741.3,14.42214,12.46563
5,5,5,Beam 3 (metal only),reo+N138+E32,4.209377,0.262758,0.72304,1453.06,24.69963,18.97512
5,5,5,Beam 3 (metal only),wfg+N655+E36,2.509041,0.261288,0.67382,1722.17,20.3738,12.47482
5,5,5,Beam 3 (metal only),xii+N323+E225,7.140283,0.687322,0.39098,2468.53,12.80608,6.29467
5,5,5,Beam 3 (metal only),thp-x+N118+E22,3.135063,0.555974,0.51702,2443.81,12.85083,8.40837
5,5,5,Beam 3 (metal only),pyr-e+N287+E82,2.888207,0.366876,0.7199,1407.73,23.73782,15.07673
5,5,5,Beam 3 (metal only),wje+N164+E4,2.233056,0.176556,0.8165,1081.5,21.84059,20.37132
5,5,5,Beam 3 (metal only),ecd+N121+E218,6.150229,0.45044,0.5924,1813.65,21.46083,17.41611
5,5,5,Beam 4 (random baseline),vbx+N195+E166,4.610245,0.428079,0.6399,1769.46,20.56186,15.0528
5,5,5,Beam 4 (random baseline),cds-f+N391+E126,1.637417,0.224806,0.77602,1234.01,22.48062,16.99564
5,5,5,Beam 4 (random baseline),sxf+N173+E123,4.175492,0.70094,0.48626,2315.49,13.27479,6.83559
5,5,5,Beam 4 (random baseline),smp+N447+E136,6.645473,0.264073,0.704,1436.12,37.24717,14.94484
5,5,5,Beam 4 (random baseline),ung+N455+E234,2.374202,0.0956058,0.89862,548.428,54.88532,52.85452
5,5,5,Beam 4 (random baseline),sne+N569+E184,6.482353,0.719919,0.3721,2124.28,11.79735,8.53729
5,5,5,Beam 4 (random baseline),ftb+N172+E97,4.18263,0.323931,0.67174,1745.38,18.37369,12.82739
5,5,5,Beam 4 (random baseline),wio+N85+E102,2.238699,1.6497,0.26144,2195.42,10.51468,5.35357
5,6,6,Beam 1 (full hypothesis),sxc+N384+E61,4.661594,0.425203,0.5731,2057.08,13.51785,10.08611
5,6,6,Beam 1 (full hypothesis),sxa+N16+E32,7.301764,0.419585,0.57938,2305.69,12.41089,8.39867
5,6,6,Beam 1 (full hypothesis),wib+N568+E61,5.616256,0.513562,0.53174,2183.13,13.45125,9.2033
5,6,6,Beam 1 (full hypothesis),dmp+N164+E32,8.278441,0.335175,0.64476,2051.32,13.2092,10.36514
5,6,6,Beam 1 (full hypothesis),ecu+N261+E40,10.80631,0.4419,0.52364,2064.68,13.52491,9.68049
5,6,6,Beam 1 (full hypothesis),wfl+N329+E32,8.86941,0.503214,0.50378,2311.9,14.0325,9.10503
5,6,6,Beam 1 (full hypothesis),vmx+N655+E32,10.82413,0.404963,0.51688,2345.8,13.26508,8.41602
5,6,6,Beam 1 (full hypothesis),bcs+N453+E47,7.69581,0.414496,0.6097,1944.8,12.59417,9.55287
5,6,6,Beam 2 (chemistry),vmw+N38+E61,7.262435,0.571042,0.45544,2448.03,12.58008,7.73203
5,6,6,Beam 2 (chemistry),wmv+N476+E61,0.442971,0.35735,0.8303,784.347,39.28302,36.42985
5,6,6,Beam 2 (chemistry),vcu+N655+E40,7.496208,0.388188,0.55576,2063.69,15.26047,12.58685
5,6,6,Beam 2 (chemistry),umh+N301+E47,2.686058,0.0895262,0.8957,555.8,40.25285,36.77561
5,6,6,Beam 2 (chemistry),wkf+N92+E40,6.739318,0.384519,0.68128,1630.13,20.46566,14.60183
5,6,6,Beam 2 (chemistry),vct+N138+E32,4.892352,0.348908,0.63714,1884.33,20.98576,16.71174
5,6,6,Beam 2 (chemistry),wme+N568+E32,6.348744,0.364864,0.62162,1953.68,23.62454,9.59316
5,6,6,Beam 2 (chemistry),tsi+N427+E40,8.275597,0.538088,0.53112,2112.08,12.6306,10.952
5,6,6,Beam 2 (chemistry),eca+N329+E32,7.280339,0.448306,0.55616,2104.06,16.90251,14.42398
5,6,6,Beam 3 (metal only),wkj+N287+E7,1.787393,0.195187,0.8314,881.738,45.3596,43.81592
5,6,6,Beam 3 (metal only),wgy+N453+E33,3.261109,0.467784,0.63394,1540.57,27.32,25.79923
5,6,6,Beam 3 (metal only),wiu+N476+E33,0.2855505,0.370946,0.83044,816.447,28.65937,21.99383
5,6,6,Beam 3 (metal only),wfm+N629+E225,4.927303,0.336693,0.6482,1713.98,23.22807,16.40026
5,6,6,Beam 3 (metal only),vct+N655+E3,8.027274,0.406999,0.55538,2022.85,15.0902,10.15282
5,6,6,Beam 3 (metal only),vbl+N384+E3,4.535491,0.357981,0.6677,1623.58,21.49139,13.21334
5,6,6,Beam 3 (metal only),vmk+N666+E21,3.140656,0.315792,0.7002,1573.72,16.87261,12.60186
5,6,6,Beam 3 (metal only),nfb+N109+E7,1.07079,0.137385,0.8696,769.661,52.04211,20.89931
5,6,6,Beam 3 (metal only),wfe+N329+E3,6.357181,0.460905,0.60342,1775.15,22.85758,10.23397
5,6,6,Beam 4 (random baseline),uob+N697+E111,1.551248,0.284546,0.71742,1485.89,18.13985,14.66537
5,6,6,Beam 4 (random baseline),vbb+N68+E142,3.250753,0.312464,0.66658,1728.26,18.24204,12.42579
5,6,6,Beam 4 (random baseline),ece+N281+E72,4.479147,0.600281,0.48064,1997.51,18.20194,16.32318
5,6,6,Beam 4 (random baseline),flu-e+N467+E47,3.887141,0.207439,0.7982,1076.77,41.38549,14.90522
5,6,6,Beam 4 (random baseline),wgz+N308+E110,2.516265,0.373705,0.69488,1583.19,23.59945,13.77721
5,6,6,Beam 4 (random baseline),msw+N552+E120,4.892434,0.763681,0.4502,2227.3,10.97924,9.48869
5,6,6,Beam 4 (random baseline),osc+N354+E10,2.435129,0.163624,0.84436,894.209,33.82671,29.62085
5,6,6,Beam 4 (random baseline),whl+N147+E45,1.474974,0.682297,0.57832,1994.76,17.46659,16.28555
5,6,6,Beam 4 (random baseline),osc+N287+E45,1.664262,0.613362,0.57466,1981.98,15.93534,14.27276
5,6,6,Beam 4 (random baseline),uoi+N312+E98,4.01896,0.200115,0.80992,950.87,32.46831,32.14227
5,7,7,Beam 1 (full hypothesis),sda+N666+E40,6.208726,0.421333,0.61898,1906.68,14.33213,10.57053
5,7,7,Beam 1 (full hypothesis),lsz+N191+E32,10.40922,0.461684,0.53238,2320.72,11.90128,9.64009
5,7,7,Beam 1 (full hypothesis),sda+N453+E32,7.401119,0.474633,0.54676,2250.77,12.84523,8.90382
5,7,7,Beam 1 (full hypothesis),vms+N329+E61,7.179529,0.554413,0.48564,2245.91,13.84525,9.27416
5,7,7,Beam 1 (full hypothesis),oof+N138+E61,3.979205,0.490021,0.5288,2191.67,12.60755,9.25824
5,7,7,Beam 1 (full hypothesis),vmw+N261+E40,10.36167,0.458152,0.49562,2278.31,14.11491,8.20263
5,7,7,Beam 1 (full hypothesis),rob+N666+E32,10.05862,0.457012,0.5414,2325.61,13.05448,10.29248
5,7,7,Beam 1 (full hypothesis),hex+N329+E32,10.4556,0.460431,0.53044,2417.79,12.54975,8.75396
5,7,7,Beam 2 (chemistry),umu+N76+E32,3.425333,0.115443,0.8617,801.471,41.58137,35.06207
5,7,7,Beam 2 (chemistry),sst+N301+E32,3.80851,0.235951,0.71042,1524.16,27.62181,13.11649
5,7,7,Beam 2 (chemistry),uof+N164+E61,2.612411,0.20119,0.79632,1152.34,24.8342,22.47611
5,7,7,Beam 2 (chemistry),wmh+N568+E47,5.286701,0.311197,0.70776,1393.0,25.3516,20.10857
5,7,7,Beam 2 (chemistry),wgx+N666+E32,4.942269,0.305176,0.69272,1587.36,29.91595,15.02535
5,7,7,Beam 2 (chemistry),smg+N453+E47,5.252089,0.299728,0.7191,1376.04,23.66103,19.62033
5,7,7,Beam 3 (metal only),gie+N109+E36,1.774029,0.101053,0.89586,616.938,41.71516,35.73759
5,7,7,Beam 3 (metal only),msw+N453+E68,7.154288,0.672762,0.47732,2348.56,10.31757,8.49916
5,7,7,Beam 3 (metal only),wim+N666+E82,2.624802,0.35626,0.72308,1411.04,29.27292,25.8009
5,7,7,Beam 3 (metal only),rkf+N568+E40,4.047856,0.448763,0.60876,1740.01,16.23963,12.41195
5,7,7,Beam 3 (metal only),wfp+N655+E68,8.355502,0.459024,0.54162,2137.92,13.72019,9.32734
5,7,7,Beam 3 (metal only),wkw+N261+E68,7.266173,0.455928,0.56138,1930.5,23.01562,20.24626
5,7,7,Beam 3 (metal only),hcp+N187+E21,8.998625,0.537217,0.50004,2303.58,13.274,7.63309
5,7,7,Beam 3 (metal only),smc+N384+E209,3.032205,0.29086,0.6998,1505.5,20.99889,14.56837
5,7,7,Beam 3 (metal only),sos+N329+E179,8.170482,0.656416,0.42934,2517.09,10.42206,8.16924
5,7,7,Beam 3 (metal only),ece+N138+E47,5.178537,0.244198,0.76246,1192.33,35.12365,34.10802
5,7,7,Beam 4 (random baseline),lcx+N103+E149,5.240494,0.582426,0.52354,1917.55,19.95041,8.28814
5,7,7,Beam 4 (random baseline),wmy+N577+E101,1.914175,0.288178,0.71656,1567.01,19.57618,16.18191
5,7,7,Beam 4 (random baseline),wmz+N589+E27,2.970104,1.21005,0.2862,2598.7,7.7633,5.11989
5,7,7,Beam 4 (random baseline),whk+N16+E132,3.46937,0.739618,0.48784,2377.55,14.11495,7.8061
5,7,7,Beam 4 (random baseline),osa+N659+E132,2.368144,0.909096,0.44672,2226.88,11.4232,10.34807
5,7,7,Beam 4 (random baseline),whk+N554+E68,4.07196,0.349348,0.70062,1569.0,23.78719,12.40576
5,7,7,Beam 4 (random baseline),ume+N697+E29,3.481607,0.446861,0.6111,1793.77,14.30303,12.00073
5,7,7,Beam 4 (random baseline),whm+N334+E131,2.742282,0.965101,0.35994,1949.49,13.45733,12.08572
5,8,8,Beam 1 (full hypothesis),ecc+N655+E32,7.291156,0.371461,0.54856,2260.84,15.62145,10.8113
5,8,8,Beam 1 (full hypothesis),qdl+N371+E61,5.304508,0.431595,0.56786,2303.64,11.21355,9.6384
5,8,8,Beam 1 (full hypothesis),wfd+N121+E61,8.72973,0.532644,0.50362,2312.48,13.72396,7.91272
5,8,8,Beam 1 (full hypothesis),osd+N329+E61,5.842357,0.540917,0.4947,2242.9,14.90182,10.32089
5,8,8,Beam 1 (full hypothesis),vcu+N261+E32,7.852466,0.41144,0.51432,2333.19,14.87679,9.91009
5,8,8,Beam 1 (full hypothesis),sol+N568+E32,6.945337,0.469368,0.53566,2210.08,13.90679,10.81228
5,8,8,Beam 1 (full hypothesis),sxb+N384+E40,6.441114,0.406537,0.59636,2049.32,12.61208,10.02008
5,8,8,Beam 1 (full hypothesis),tsi+N629+E32,10.25305,0.502431,0.481,2316.59,12.15622,9.44926
5,8,8,Beam 1 (full hypothesis),sme+N666+E32,6.994136,0.399122,0.59636,2115.71,14.11784,10.09164
5,8,8,Beam 1 (full hypothesis),qtz-x+N92+E61,9.855354,0.594025,0.49576,2471.96,10.94683,7.61055
5,8,8,Beam 2 (chemistry),crs+N690+E32,4.985088,0.259956,0.73232,1380.97,23.93373,18.39001
5,8,8,Beam 2 (chemistry),vmw+N226+E32,7.345542,0.509216,0.50438,2401.4,13.53436,10.09314
5,8,8,Beam 2 (chemistry),vmd+N666+E47,5.371522,0.287131,0.72652,1361.83,22.97416,20.93789
5,8,8,Beam 2 (chemistry),reo+N261+E40,8.567135,0.350902,0.60712,1816.74,22.3519,11.44091
5,8,8,Beam 2 (chemistry),vbs+N568+E32,5.15146,0.396939,0.60388,1953.77,17.04771,13.06557
5,8,8,Beam 2 (chemistry),sma+N453+E32,6.595223,0.373694,0.63168,1919.0,21.84511,17.60277
5,8,8,Beam 2 (chemistry),unn+N109+E47,3.758375,0.181858,0.81014,1001.86,27.54132,22.5391
5,8,8,Beam 2 (chemistry),sxk+N384+E40,5.191232,0.369897,0.64428,1660.28,20.64665,14.19083
5,8,8,Beam 2 (chemistry),icc+N329+E61,0.1448504,1.42284,0.02922,922.027,6.15647,2.66639
5,8,8,Beam 3 (metal only),wmf+N92+E32,7.252751,0.386096,0.64946,1796.93,23.16508,11.17742
5,8,8,Beam 3 (metal only),unp+N238+E2,1.903832,0.0890348,0.89368,609.932,42.61591,29.47118
5,8,8,Beam 3 (metal only),smm+N384+E47,5.7711,0.263538,0.72832,1362.65,24.76032,23.67436
5,8,8,Beam 3 (metal only),uno+N301+E179,2.861362,0.113927,0.87048,643.253,39.43706,30.49642
5,8,8,Beam 3 (metal only),vcv+N121+E61,6.420347,0.517914,0.53022,1985.34,16.89699,12.94934
5,8,8,Beam 3 (metal only),icc+N655+E7,4.828368,0.66186,0.35514,2627.35,10.74763,6.41008
5,8,8,Beam 3 (metal only),lcy+N666+E68,3.96715,0.409526,0.65558,1740.05,16.36074,11.89908
5,8,8,Beam 3 (metal only),wfd+N629+E41,3.176349,0.406829,0.5817,2164.25,12.99011,10.06619
5,8,8,Beam 4 (random baseline),kag+N339+E152,2.49784,0.241787,0.76746,1230.24,30.80336,28.55654
5,8,8,Beam 4 (random baseline),smp+N105+E72,4.003838,0.643481,0.51452,1995.31,19.84546,9.57812
5,8,8,Beam 4 (random baseline),wil+N536+E156,4.71815,0.612329,0.45186,2207.21,14.77167,13.2602
5,8,8,Beam 4 (random baseline),ile+N247+E14,0.2071412,1.59866,0.03906,1362.81,4.50745,2.80614
5,8,8,Beam 4 (random baseline),vbm+N339+E53,3.156712,0.503478,0.6297,1900.46,16.42618,10.92293
5,8,8,Beam 4 (random baseline),wfb+N401+E2,4.847145,0.38481,0.63528,1784.11,22.74092,16.8651
5,8,8,Beam 4 (random baseline),wkk+N306+E11,4.72255,0.34542,0.72288,1295.13,47.46368,46.28961
5,8,8,Beam 4 (random baseline),vbr+N684+E148,2.26018,0.265868,0.72104,1442.27,22.56236,14.79996
5,8,8,Beam 4 (random baseline),uoj+N624+E167,2.602881,0.523421,0.47692,2144.63,14.351,8.4289
5,8,8,Beam 4 (random baseline),tzs+N304+E222,1.070723,0.146024,0.85914,822.823,34.32103,30.63163
5,9,9,Beam 1 (full hypothesis),ukk+N109+E40,6.515808,0.349731,0.65354,1884.69,13.91981,10.44373
5,9,9,Beam 1 (full hypothesis),thp+N629+E40,9.338203,0.456933,0.52854,2229.0,14.09524,9.15995
5,9,9,Beam 1 (full hypothesis),vmv+N138+E61,3.264128,0.476381,0.52942,2239.52,14.8476,10.63474
5,9,9,Beam 1 (full hypothesis),sow+N109+E61,5.392088,0.385694,0.60622,2172.36,13.11099,8.21566
5,9,9,Beam 1 (full hypothesis),thp+N261+E40,11.72355,0.434342,0.51052,2277.2,13.98382,8.16366
5,9,9,Beam 1 (full hypothesis),vmw+N138+E61,2.923843,0.41342,0.5969,1973.52,14.66868,10.46842
5,9,9,Beam 1 (full hypothesis),rob+N336+E61,9.617469,0.464445,0.5127,2371.31,11.03824,8.31971
5,9,9,Beam 1 (full hypothesis),qzd+N164+E61,3.510379,0.36259,0.63468,2055.41,12.32422,9.53911
5,9,9,Beam 1 (full hypothesis),ecc+N261+E61,6.776631,0.426098,0.51948,2199.95,14.45139,10.56972
5,9,9,Beam 2 (chemistry),wit+N554+E61,3.827156,0.380905,0.62988,1814.77,19.84369,10.58552
5,9,9,Beam 2 (chemistry),wjh+N109+E61,2.332044,0.141068,0.85722,805.11,48.47212,47.39695
5,9,9,Beam 2 (chemistry),ecl+N261+E61,7.375468,0.447459,0.49404,2334.91,13.58195,8.89365
5,9,9,Beam 2 (chemistry),vcu+N629+E61,6.652373,0.465944,0.52136,2251.79,14.55733,10.6519
5,9,9,Beam 2 (chemistry),vmt+N655+E61,5.912721,0.400032,0.54286,2109.61,14.39997,10.98277
5,9,9,Beam 2 (chemistry),bcg+N121+E40,11.20366,0.566123,0.49222,2216.66,11.56519,9.91564
5,9,9,Beam 2 (chemistry),vmz+N138+E61,3.505997,0.390443,0.61468,1920.82,15.87642,12.15338
5,9,9,Beam 2 (chemistry),hcp+N323+E61,7.792001,0.677978,0.39796,2687.5,11.86695,5.78381
5,9,9,Beam 2 (chemistry),hcp+N118+E40,7.544434,0.696226,0.37312,2619.4,12.04891,6.03491
5,9,9,Beam 2 (chemistry),rgd+N187+E61,5.089445,0.747547,0.34208,2505.84,14.33399,4.96997
5,9,9,Beam 3 (metal only),snq+N529+E3,4.155158,0.310935,0.72682,1361.86,29.57189,27.27885
5,9,9,Beam 3 (metal only),lon+N164+E12,1.580023,0.143444,0.85254,869.353,25.47354,20.31569
5,9,9,Beam 3 (metal only),ece+N121+E32,7.156677,0.437864,0.5777,1877.36,21.18111,17.17018
5,9,9,Beam 3 (metal only),ece+N138+E218,3.022406,0.297692,0.71592,1404.2,31.01965,28.20233
5,9,9,Beam 3 (metal only),tsi+N655+E209,4.851178,0.340174,0.59768,1951.28,13.96146,10.66724
5,9,9,Beam 3 (metal only),hcp+N118+E163,4.475691,0.908388,0.26562,2691.81,8.46747,4.71161
5,9,9,Beam 3 (metal only),hcp+N187+E209,8.114405,0.626096,0.43518,2354.43,11.58516,7.4233
5,9,9,Beam 3 (metal only),whg+N467+E22,1.001094,0.223126,0.8063,1132.58,31.98314,19.05827
5,9,9,Beam 3 (metal only),crr+N109+E68,3.280795,0.264654,0.7669,1230.8,31.44781,14.49856
5,9,9,Beam 4 (random baseline),snf+N681+E151,2.953538,0.277313,0.75728,1154.25,40.52672,20.09987
5,9,9,Beam 4 (random baseline),unf+N257+E128,5.357817,0.618426,0.46192,2584.16,11.54689,6.58875
5,9,9,Beam 4 (random baseline),flu-e+N392+E61,3.070548,0.21939,0.76458,1289.79,35.77831,12.91207
5,9,9,Beam 4 (random baseline),wir+N521+E131,5.469009,0.789618,0.36896,2270.38,11.29119,8.68557
5,9,9,Beam 4 (random baseline),vbt+N155+E29,3.784803,0.856711,0.43518,2184.83,13.35574,11.36563
5,9,9,Beam 4 (random baseline),neb+N87+E52,4.941097,0.85307,0.26236,2643.76,8.96847,4.97016
5,9,9,Beam 4 (random baseline),etd+N641+E203,2.003572,0.0387732,0.95222,295.235,63.56129,62.09481
5,9,9,Beam 4 (random baseline),vmf+N681+E1,2.539915,0.175935,0.82272,978.245,28.33977,20.60959
5,9,9,Beam 4 (random baseline),reo-e+N314+E7,1.648696,0.191675,0.80804,1051.81,39.06373,17.3503
5,10,11,Beam 1 (full hypothesis),dmp+N109+E32,10.43654,0.354252,0.62102,2167.55,13.11207,10.16334
5,10,11,Beam 1 (full hypothesis),vcu+N261+E32,7.874714,0.41144,0.51432,2333.19,14.87679,9.91009
5,10,11,Beam 1 (full hypothesis),vmt+N427+E40,7.012433,0.524116,0.54802,2089.79,14.16464,10.54633
5,10,11,Beam 1 (full hypothesis),sme+N384+E32,8.615184,0.418329,0.55842,2233.97,12.92378,8.87044
5,10,11,Beam 1 (full hypothesis),tsi+N226+E40,9.636403,0.507936,0.55142,2154.59,12.97319,10.2728
5,10,11,Beam 1 (full hypothesis),lhb+N138+E40,4.230019,0.397029,0.61364,1938.27,13.71535,10.26149
5,10,11,Beam 1 (full hypothesis),hcp+N323+E47,10.25897,0.566671,0.47322,2448.68,14.80786,7.44144
5,10,11,Beam 1 (full hypothesis),lsz+N191+E61,9.349433,0.51388,0.50612,2436.79,11.20329,8.03343
5,10,11,Beam 2 (chemistry),uod+N385+E32,3.524868,0.199934,0.79098,1160.1,28.23662,24.30979
5,10,11,Beam 2 (chemistry),mmt+N301+E47,2.03716,0.129125,0.84848,808.157,28.82193,22.78494
5,10,11,Beam 2 (chemistry),wgx+N666+E61,3.43217,0.331472,0.68908,1525.48,29.82745,12.66172
5,10,11,Beam 2 (chemistry),mok+N327+E40,0.4433029,0.394774,0.78096,1046.77,22.1008,19.56858
5,10,11,Beam 2 (chemistry),reo-e+N453+E61,3.723202,0.381889,0.64892,1733.9,28.45893,9.51769
5,10,11,Beam 2 (chemistry),ecs+N191+E47,7.679689,0.230713,0.77332,1114.14,47.12384,44.89127
5,10,11,Beam 2 (chemistry),eck+N655+E61,4.465084,0.367972,0.59936,1619.24,25.51281,24.37948
5,10,11,Beam 2 (chemistry),vmd+N384+E47,5.108893,0.292563,0.70342,1468.84,22.11693,15.90241
5,10,11,Beam 2 (chemistry),osb+N138+E61,2.874877,0.390662,0.61786,1869.57,17.8519,12.74712
5,10,11,Beam 3 (metal only),sxi+N554+E163,4.341186,0.351071,0.68528,1602.36,22.37876,14.88588
5,10,11,Beam 3 (metal only),whl+N453+E218,4.099132,0.342643,0.69138,1496.53,30.38327,29.39405
5,10,11,Beam 3 (metal only),wip+N568+E98,4.403916,0.348961,0.66912,1542.93,21.37296,17.61034
5,10,11,Beam 3 (metal only),vbv+N476+E21,0.3774636,0.314797,0.84966,688.564,43.97281,27.04613
5,10,11,Beam 3 (metal only),whe+N666+E47,6.037507,0.288514,0.72268,1403.93,25.831,18.62704
5,10,11,Beam 3 (metal only),rgd+N323+E68,6.18056,0.821763,0.37206,2546.98,16.25353,5.56665
5,10,11,Beam 3 (metal only),bcu+N138+E33,1.509363,0.349299,0.65096,1867.14,15.3996,13.13773
5,10,11,Beam 3 (metal only),ecp+N629+E47,9.084976,0.373737,0.61422,1788.44,25.6884,21.5552
5,10,11,Beam 4 (random baseline),irl+N697+E121,1.66381,0.127821,0.86202,793.403,25.79249,23.17191
5,10,11,Beam 4 (random baseline),tzs+N434+E126,1.56115,0.134833,0.86054,790.064,36.87831,31.84662
5,10,11,Beam 4 (random baseline),sni+N428+E187,0.5959792,0.429526,0.76552,1090.63,33.94646,31.07636
5,10,11,Beam 4 (random baseline),wim+N690+E201,3.310893,0.406695,0.64272,1727.54,23.71829,21.37022
5,10,11,Beam 4 (random baseline),whm+N472+E121,2.148255,0.151944,0.8483,799.153,42.00331,39.67201
5,10,11,Beam 4 (random baseline),vbx+N384+E136,3.231784,0.341637,0.68056,1555.99,21.00962,15.88232
5,10,11,Beam 4 (random baseline),uku+N90+E126,2.241252,0.0807813,0.9145,466.518,57.9524,35.81812
5,10,11,Beam 4 (random baseline),wmj+N638+E131,2.661891,0.586913,0.56004,1844.79,19.49147,16.73732
5,10,11,Beam 4 (random baseline),wmf+N139+E38,1.156773,0.5352,0.61762,1987.94,16.69286,7.78512
5,10,11,Beam 4 (random baseline),wkf+N438+E155,2.508792,0.749223,0.54418,1945.28,17.55682,10.81306
