replicate,iteration,iteration_raw,beam,structure,value,density_g_cm3,void_fraction,surface_area_m2_cm3,largest_cavity_diameter_A,pore_limiting_diameter_A
1,1,1,Beam 1 (full hypothesis),whp+N9+E21,1.2666094783353192,0.255083,0.74414,1345.35,23.4333,17.87153
1,1,1,Beam 1 (full hypothesis),wgw+N14+E149,1.5143434598203915,0.924056,0.41722,2234.88,10.56939,7.20823
1,1,1,Beam 1 (full hypothesis),wna+N9+E29,1.8436748464972024,0.945497,0.26954,2439.07,11.95568,4.54233
1,1,1,Beam 1 (full hypothesis),flu-e+N14+E24,1.3048167814586014,0.397682,0.719,1312.48,33.68115,13.07302
1,1,1,Beam 1 (full hypothesis),snp+N9+E2,1.537154210775958,0.272125,0.72698,1346.59,20.96253,14.80753
1,1,1,Beam 1 (full hypothesis),qtz-x+N15+E179,1.5597673576784106,0.776414,0.4432,2433.7,10.76928,7.1053
1,1,1,Beam 1 (full hypothesis),wko+N9+E147,1.4630674407205324,0.504426,0.53432,2069.93,15.51628,13.6811
1,1,1,Beam 1 (full hypothesis),reo-e+N14+E24,1.301444773277341,0.439703,0.69028,1450.74,33.097,13.24044
1,1,1,Beam 1 (full hypothesis),smi+N9+E14,1.6809978340024057,0.757711,0.40776,2162.0,11.4394,10.54393
1,1,1,Beam 2 (chemistry),whm+N14+E92,1.502739735330511,0.773317,0.52496,1762.73,18.50423,15.86582
1,1,1,Beam 2 (chemistry),vbx+N9+E234,1.5599566562696079,0.380739,0.6554,1649.07,22.0322,14.93439
1,1,1,Beam 2 (chemistry),vbn+N15+E47,1.5032276735859758,0.454811,0.65012,1563.65,17.68724,14.36859
1,1,1,Beam 2 (chemistry),wiq+N9+E3,1.604112010691291,0.376659,0.65392,1680.66,17.63295,15.56817
1,1,1,Beam 2 (chemistry),wie+N14+E16,1.690593335926699,0.949767,0.38924,2244.43,11.21779,6.92214
1,1,1,Beam 2 (chemistry),wmv+N9+E132,1.550353241781813,0.764413,0.41944,2500.08,11.4996,9.76889
1,1,1,Beam 2 (chemistry),wil+N15+E85,1.6713653043236547,0.786044,0.49844,1801.44,18.95056,17.25391
1,1,1,Beam 2 (chemistry),reo-e+N9+E98,1.4433036726848898,0.272965,0.71812,1428.39,37.53008,11.6105
1,1,1,Beam 2 (chemistry),vmi+N14+E218,1.329095622708793,0.371901,0.71222,1364.62,23.2019,20.16498
1,1,1,Beam 2 (chemistry),ske+N9+E185,1.824281266809017,1.86552,0.15516,2159.9,7.14864,4.54264
1,1,1,Beam 3 (metal only),wiv+N9+E225,1.3184687026122845,0.285602,0.6997,1572.34,18.36487,14.25902
1,1,1,Beam 3 (metal only),wib+N15+E33,1.4925402216578612,0.349084,0.76994,883.315,33.27822,27.52851
1,1,1,Beam 3 (metal only),wmv+N9+E85,1.635357761024767,0.70293,0.4206,2090.41,14.59596,11.618
1,1,1,Beam 3 (metal only),wne+N15+E222,1.2521118962130282,0.394753,0.70638,1409.43,29.99615,26.44602
1,1,1,Beam 3 (metal only),whp+N9+E11,1.6070642038973342,0.476344,0.56182,2007.17,15.88962,11.78074
1,1,1,Beam 3 (metal only),wmj+N14+E218,1.3864285238755782,0.356291,0.72508,1283.86,27.56462,23.25061
1,1,1,Beam 3 (metal only),smv+N9+E149,1.7053751477092274,0.687652,0.47872,1765.4,29.279,27.54697
1,1,1,Beam 3 (metal only),lcv-e+N14+E45,1.321293486399604,0.40239,0.76538,919.77,31.90954,28.34682
1,1,1,Beam 3 (metal only),wmu+N9+E24,1.4424650295814911,0.425355,0.6077,1960.42,18.49339,14.22854
1,1,1,Beam 3 (metal only),wko+N14+E142,1.5088855529390748,0.573127,0.61042,1685.79,18.82219,16.12204
1,1,1,Beam 4 (random baseline),ums+N112+E4,1.152618253065512,0.0965971,0.88144,709.806,44.45029,43.09595
1,1,1,Beam 4 (random baseline),son+N214+E36,1.3349616909535693,0.242851,0.73448,1481.51,17.70628,14.04053
1,1,1,Beam 4 (random baseline),win+N441+E142,1.4200376581544962,0.304818,0.75978,1151.55,34.63338,32.74019
1,1,1,Beam 4 (random baseline),sxi+N560+E48,1.859008168389452,0.560847,0.46918,2164.11,16.52297,10.68626
1,1,1,Beam 4 (random baseline),une+N109+E167,1.879850778632345,0.727691,0.28954,2682.41,9.94481,4.95587
1,1,1,Beam 4 (random baseline),sxe+N147+E142,1.478539812055017,0.533558,0.59572,1924.92,17.56496,10.97591
1,1,1,Beam 4 (random baseline),wgu+N383+E66,1.7873036199250576,0.852179,0.35644,2903.93,7.93432,5.36791
1,1,1,Beam 4 (random baseline),wmj+N694+E104,1.4419573480934216,0.374923,0.6471,1770.94,23.10969,20.41211
1,1,1,Beam 4 (random baseline),wfd+N228+E10,1.3597568046319881,0.212894,0.76044,1307.76,25.33013,15.71905
1,1,1,Beam 4 (random baseline),unr+N237+E68,1.380490164333249,0.224835,0.79464,1095.62,22.14322,18.27856
1,2,2,Beam 1 (full hypothesis),sxp+N14+E132,1.5265500306476327,1.21819,0.30088,2490.11,11.01377,6.12653
1,2,2,Beam 1 (full hypothesis),pcu+N15+E132,1.7315589047834479,1.25197,0.26878,2952.69,7.64852,4.46645
1,2,2,Beam 1 (full hypothesis),wna+N9+E29,1.8825872350815676,0.945497,0.26954,2439.07,11.95568,4.54233
1,2,2,Beam 1 (full hypothesis),sxc+N15+E45,1.5076758871230285,1.05377,0.37176,2692.13,10.06346,5.30962
1,2,2,Beam 1 (full hypothesis),sxg+N9+E29,1.8185944576486666,0.828899,0.34542,2320.23,14.02205,5.6365
1,2,2,Beam 1 (full hypothesis),vme+N15+E185,1.6679359702311745,1.84754,0.20536,2023.59,8.18411,4.75982
1,2,2,Beam 1 (full hypothesis),sms+N15+E29,1.6746423118807854,1.3534,0.21576,2099.08,11.29069,5.12066
1,2,2,Beam 1 (full hypothesis),wme+N9+E132,1.6179350346606494,0.897601,0.3605,2279.46,12.00458,5.45856
1,2,2,Beam 1 (full hypothesis),vmg+N15+E185,1.6311101681737559,1.6895,0.25286,2162.14,9.24001,5.19568
1,2,2,Beam 1 (full hypothesis),wmu+N9+E204,1.817538591119074,1.24271,0.19084,2521.69,9.14531,4.62731
1,2,2,Beam 2 (chemistry),ana-e+N9+E29,1.561903768724883,0.685891,0.4854,1693.69,18.24631,10.61901
1,2,2,Beam 2 (chemistry),sxa+N9+E82,1.4508279982174719,0.482849,0.6145,1923.68,15.09752,9.32539
1,2,2,Beam 2 (chemistry),vmh+N9+E45,1.4347454509290543,0.752781,0.4509,2318.98,10.05997,8.60274
1,2,2,Beam 2 (chemistry),sxp+N14+E45,1.433180822682206,1.03776,0.3958,2345.24,13.43171,8.25593
1,2,2,Beam 2 (chemistry),why+N9+E132,1.6094920874230723,0.859036,0.37522,2352.37,10.00506,8.17516
1,2,2,Beam 2 (chemistry),wmg+N14+E132,1.5017540431408258,0.792257,0.52936,1875.91,20.0581,14.84203
1,2,2,Beam 2 (chemistry),snq+N9+E31,1.3731477729285584,0.351804,0.70676,1516.08,25.67863,25.061
1,2,2,Beam 2 (chemistry),wij+N14+E45,1.3598244480753885,0.626203,0.63348,1533.58,27.17619,26.2303
1,2,2,Beam 2 (chemistry),vcc+N9+E204,1.6760853125736954,1.35375,0.15506,2207.6,8.35107,4.21927
1,2,2,Beam 3 (metal only),wja+N14+E32,1.4986588866495787,0.320517,0.73126,1339.91,29.59827,19.59775
1,2,2,Beam 3 (metal only),sma+N9+E226,1.41780757063849,1.61567,0.0,0.0,4.94322,2.01327
1,2,2,Beam 3 (metal only),vmf+N14+E14,1.4980632025115455,0.829261,0.48144,2022.68,13.70577,10.8431
1,2,2,Beam 3 (metal only),reo-e+N9+E53,1.4434003473269585,0.418844,0.65474,1684.32,30.71234,10.72564
1,2,2,Beam 3 (metal only),vbx+N15+E113,1.3725165116013707,0.43784,0.67978,1439.34,26.54342,12.59554
1,2,2,Beam 3 (metal only),whj+N9+E185,1.8396229577473302,1.68916,0.2438,1983.42,11.65357,5.1728
1,2,2,Beam 3 (metal only),wiq+N15+E51,1.357256330397386,1.14396,0.39812,2076.5,11.13236,9.65093
1,2,2,Beam 3 (metal only),smu+N9+E184,1.8758297548806795,1.05336,0.20378,2290.98,7.7169,4.86389
1,2,2,Beam 3 (metal only),wmq+N14+E130,1.4446764629668636,0.458261,0.6843,1350.34,46.39725,45.75631
1,2,2,Beam 3 (metal only),wmw+N9+E221,1.5627619028671798,0.504716,0.49212,2013.34,15.17405,13.45021
1,2,2,Beam 4 (random baseline),lcx+N462+E130,1.8458920550106173,0.990471,0.20852,1859.9,11.08921,3.34604
1,2,2,Beam 4 (random baseline),whc+N41+E211,1.6570135587869008,0.534624,0.5627,1685.92,22.55373,19.46386
1,2,2,Beam 4 (random baseline),wma+N339+E1,1.3250499011999095,0.268494,0.75,1305.1,21.49817,19.09563
1,2,2,Beam 4 (random baseline),wio+N146+E163,1.5759865109532734,0.453637,0.64536,1692.7,18.42585,13.55083
1,2,2,Beam 4 (random baseline),whv+N479+E166,1.6716188429328236,0.901295,0.42762,2369.06,13.10843,7.87438
1,2,2,Beam 4 (random baseline),wid+N173+E44,1.6589661553452342,1.64464,0.1473,2538.52,6.84639,3.71324
1,2,2,Beam 4 (random baseline),ukc+N355+E209,1.1829824081669857,0.154938,0.83202,915.961,29.42931,19.9062
1,2,2,Beam 4 (random baseline),lcv-e+N278+E202,1.2896540425089185,0.518955,0.70514,1105.48,26.17431,22.20143
1,2,2,Beam 4 (random baseline),wht+N421+E141,1.2571834211244892,0.458825,0.70216,1462.07,19.3418,14.07825
1,2,2,Beam 4 (random baseline),vcz+N595+E51,1.7018394136714543,1.22486,0.19002,2213.98,7.91458,5.95302
1,3,3,Beam 1 (full hypothesis),whz+N9+E132,1.7572617763546932,0.965041,0.29636,2623.26,9.56267,5.15145
1,3,3,Beam 1 (full hypothesis),wid+N559+E29,1.889459860820085,0.874465,0.20566,2335.32,7.77481,5.01837
1,3,3,Beam 1 (full hypothesis),vbm+N9+E132,1.8019135313021535,0.940837,0.28796,2950.6,8.71163,4.85472
1,3,3,Beam 1 (full hypothesis),whx+N9+E132,1.6853595208865522,1.04349,0.24336,2640.83,7.11823,5.25827
1,3,3,Beam 1 (full hypothesis),vcz+N14+E132,1.7573855141106005,1.22624,0.28582,2774.46,7.6153,5.24693
1,3,3,Beam 1 (full hypothesis),sda+N14+E132,1.585800498019267,1.15411,0.31888,2703.81,8.58706,5.70762
1,3,3,Beam 1 (full hypothesis),wib+N9+E132,1.5416031206643228,0.928466,0.31268,2612.78,9.39208,5.73924
1,3,3,Beam 1 (full hypothesis),sme+N14+E29,1.8231775876717626,1.20904,0.24342,2627.94,8.25457,5.41624
1,3,3,Beam 1 (full hypothesis),sxc+N559+E29,1.859251714415715,0.792505,0.22214,2707.15,7.60097,5.04107
1,3,3,Beam 1 (full hypothesis),sda+N14+E29,1.6615064431876914,1.07914,0.32024,2560.32,8.52449,5.65584
1,3,3,Beam 2 (chemistry),vmh+N14+E29,1.6078785013421455,0.899844,0.4438,1978.45,11.97165,9.5196
1,3,3,Beam 2 (chemistry),vbr+N9+E29,1.6412744234489385,0.800112,0.3765,2262.49,11.33722,7.81812
1,3,3,Beam 2 (chemistry),wkl+N15+E29,1.5932073027275495,0.575543,0.63698,1391.31,43.24666,42.5364
1,3,3,Beam 2 (chemistry),lcy+N559+E22,1.2261059177131635,0.210967,0.75536,1407.4,18.01604,16.25856
1,3,3,Beam 2 (chemistry),sxb+N15+E29,1.713215185040253,1.17011,0.27662,2506.76,7.49195,6.27636
1,3,3,Beam 2 (chemistry),hxg+N559+E45,1.8305037503191992,0.860028,0.2563,2546.62,7.56309,5.00908
1,3,3,Beam 2 (chemistry),wmh+N14+E7,1.1372584135584318,0.26843,0.80304,994.879,30.9539,22.91741
1,3,3,Beam 2 (chemistry),flu-e+N559+E7,1.201465928550432,0.176008,0.80358,1111.5,36.74892,14.10805
1,3,3,Beam 2 (chemistry),vby+N15+E132,1.5072489316704012,1.08347,0.35916,2427.27,9.79856,6.76681
1,3,3,Beam 2 (chemistry),wkl+N559+E132,1.7021716760175196,0.507489,0.53234,1716.91,24.04014,23.14557
1,3,3,Beam 3 (metal only),vca+N14+E98,1.4577680276304266,0.359863,0.71316,1326.36,23.21449,18.23632
1,3,3,Beam 3 (metal only),wih+N9+E202,1.6175771773146563,0.710702,0.45956,2225.95,18.51851,17.33976
1,3,3,Beam 3 (metal only),sxo+N15+E222,1.3881135860472604,0.380967,0.73946,1051.18,32.88195,28.64865
1,3,3,Beam 3 (metal only),smb+N14+E40,1.3872213291150384,0.419155,0.6905,1407.29,22.26268,13.84711
1,3,3,Beam 3 (metal only),pcu+N559+E123,1.4740895852026736,0.440202,0.47294,2713.83,11.50416,7.20128
1,3,3,Beam 3 (metal only),vcc+N15+E147,1.5432775480390843,0.703639,0.5011,2171.97,12.82647,9.65217
1,3,3,Beam 3 (metal only),wmn+N9+E163,1.640392648747882,0.558591,0.51716,2036.12,19.00162,16.31362
1,3,3,Beam 3 (metal only),snw+N14+E82,1.3092063921800525,0.406724,0.71824,1369.39,21.04807,18.64825
1,3,3,Beam 3 (metal only),wia+N9+E29,1.7665670107950158,0.938819,0.27898,2325.39,9.8358,6.22103
1,3,3,Beam 3 (metal only),wgv+N14+E30,1.1964912060931001,0.393257,0.69356,1578.08,18.17161,13.78846
1,3,3,Beam 4 (random baseline),ecm+N655+E7,1.24269300375626,0.277005,0.70576,1542.04,22.73743,14.67707
1,3,3,Beam 4 (random baseline),whj+N659+E123,1.4667880434194354,0.596604,0.55346,2058.51,18.31657,10.41437
1,3,3,Beam 4 (random baseline),wmh+N85+E78,1.5298156114221482,0.390314,0.5665,2145.81,20.41029,8.44588
1,3,3,Beam 4 (random baseline),smb+N702+E80,1.4580540395784602,0.316931,0.63266,1858.13,15.77182,10.89169
1,3,3,Beam 4 (random baseline),sny+N554+E66,1.409440127548441,0.505057,0.6439,1611.56,28.11815,27.28897
1,3,3,Beam 4 (random baseline),wml+N540+E226,1.7760505798199808,1.09289,0.21894,945.854,15.4398,13.53337
1,3,3,Beam 4 (random baseline),uob+N342+E186,1.2509090636203828,0.204415,0.77918,1116.43,31.05919,29.68483
1,3,3,Beam 4 (random baseline),vmg+N521+E127,1.8045746487868937,0.692386,0.32446,2948.35,7.7411,5.57865
1,3,3,Beam 4 (random baseline),smi+N334+E82,1.3620270023215173,0.428108,0.67154,1578.6,20.27571,16.26656
1,4,4,Beam 1 (full hypothesis),wid+N559+E132,1.8692636024908125,0.770023,0.27746,2587.04,8.64684,5.3928
1,4,4,Beam 1 (full hypothesis),wmc+N559+E132,1.8344711545092198,0.684233,0.3032,3016.56,7.80121,5.13445
1,4,4,Beam 1 (full hypothesis),wid+N559+E29,1.903915682542732,0.874465,0.20566,2335.32,7.77481,5.01837
1,4,4,Beam 1 (full hypothesis),sxc+N559+E29,1.814629156912279,0.792505,0.22214,2707.15,7.60097,5.04107
1,4,4,Beam 1 (full hypothesis),wha+N559+E29,1.9338139270746721,0.858339,0.2056,2405.37,8.53196,4.80535
1,4,4,Beam 1 (full hypothesis),wmc+N559+E29,1.8132505020406768,0.729003,0.2648,2705.22,7.54927,5.39032
1,4,4,Beam 1 (full hypothesis),wiu+N559+E132,1.6777800137396,0.643841,0.34786,2838.3,9.04738,5.37495
1,4,4,Beam 1 (full hypothesis),whn+N559+E29,1.8658883022729613,0.763261,0.2664,2517.47,8.35939,5.10989
1,4,4,Beam 2 (chemistry),snb+N559+E45,1.5009873403351681,0.262712,0.75152,915.472,35.35265,28.94793
1,4,4,Beam 2 (chemistry),sne+N559+E22,1.2788516153462195,0.207076,0.76866,1292.05,22.63325,17.24554
1,4,4,Beam 2 (chemistry),snb+N559+E132,1.527008186215412,0.283709,0.72442,1123.05,32.69521,25.54031
1,4,4,Beam 2 (chemistry),wii+N559+E132,1.5056468056949688,0.451384,0.55084,1904.14,19.96533,19.54097
1,4,4,Beam 2 (chemistry),smm+N559+E22,1.2576872645189132,0.2088,0.7515,1405.0,24.67319,23.6778
1,4,4,Beam 2 (chemistry),sni+N559+E22,1.2581812181097327,0.225649,0.73474,1516.42,23.05421,21.52667
1,4,4,Beam 2 (chemistry),dia-j+N559+E29,1.720881224211063,0.409613,0.61808,1268.1,25.88396,21.27502
1,4,4,Beam 2 (chemistry),rkf+N559+E22,1.2435060936384361,0.219387,0.75326,1298.27,19.67756,17.30051
1,4,4,Beam 2 (chemistry),acs+N559+E22,1.2723201409211904,0.235705,0.72368,1608.35,17.86585,15.1111
1,4,4,Beam 2 (chemistry),whe+N559+E132,1.6835153726750856,0.521541,0.48594,2141.92,15.96495,13.23671
1,4,4,Beam 3 (metal only),whe+N559+E142,1.4306626401768752,0.380278,0.57948,1825.41,20.61815,18.54311
1,4,4,Beam 3 (metal only),sxq+N559+E186,1.7218234961120753,0.680879,0.39018,2239.65,11.04373,7.07026
1,4,4,Beam 3 (metal only),wmz+N559+E201,1.5979883789678253,0.495138,0.4548,2330.5,11.69491,7.72593
1,4,4,Beam 3 (metal only),vbo+N559+E41,1.2553192972914555,0.220391,0.72374,1542.87,17.55691,16.93808
1,4,4,Beam 3 (metal only),sxb+N559+E138,1.9145647411095268,0.809633,0.19806,2720.23,5.90801,5.00071
1,4,4,Beam 3 (metal only),smk+N559+E32,1.6164153284858473,0.292468,0.63014,1929.46,22.24848,20.40176
1,4,4,Beam 3 (metal only),wmh+N559+E185,1.794383437438426,1.42659,0.2988,2114.54,11.94852,8.70514
1,4,4,Beam 3 (metal only),pcu+N559+E11,1.6542394625900314,0.434109,0.50364,2320.11,11.69698,9.49378
1,4,4,Beam 3 (metal only),wmv+N559+E131,1.588313357699788,0.669388,0.41164,2168.15,12.36118,10.66465
1,4,4,Beam 3 (metal only),whm+N559+E30,1.329173888294968,0.194961,0.7469,1370.28,29.45256,27.96107
1,4,4,Beam 4 (random baseline),lsz+N672+E189,1.7047416586142217,0.661003,0.4186,2727.18,9.05049,5.61339
1,4,4,Beam 4 (random baseline),umj+N603+E149,1.5453160998850974,0.306874,0.67106,1585.67,17.62516,13.75618
1,4,4,Beam 4 (random baseline),whc+N659+E195,1.5652516675528803,0.643977,0.53044,1972.38,15.57345,14.01636
1,4,4,Beam 4 (random baseline),wii+N286+E13,1.5845590105157186,0.590026,0.58666,1882.16,22.46861,22.16699
1,4,4,Beam 4 (random baseline),uki+N360+E188,1.3444092790186026,0.170977,0.8177,978.847,25.75936,20.40052
1,4,4,Beam 4 (random baseline),reo-e+N286+E111,1.3765604499285886,0.300445,0.74292,1357.14,38.5511,11.84677
1,4,4,Beam 4 (random baseline),wmb+N144+E86,1.401468914837502,0.50648,0.59272,1929.28,18.13868,13.38951
1,4,4,Beam 4 (random baseline),wit+N568+E219,1.6318023537369997,0.672438,0.43846,2407.69,12.48302,7.19869
1,4,4,Beam 4 (random baseline),vmh+N634+E176,1.4365877044213164,0.479503,0.5943,1769.19,16.38562,10.96347
1,4,4,Beam 4 (random baseline),fns+N332+E206,1.32985937204123,0.268974,0.7932,990.847,47.52891,45.44556
1,5,5,Beam 1 (full hypothesis),son+N559+E138,1.8322132971742946,0.733257,0.24012,2816.57,7.92363,4.89873
1,5,5,Beam 1 (full hypothesis),vcz+N559+E138,1.8145581988694122,0.835075,0.21034,2225.96,7.88708,5.33873
1,5,5,Beam 1 (full hypothesis),vda+N559+E138,1.788251646584303,0.762478,0.23196,2675.71,8.39527,4.78494
1,5,5,Beam 1 (full hypothesis),wha+N559+E73,1.889913203756398,0.81289,0.23458,2627.48,7.91721,4.8794
1,5,5,Beam 1 (full hypothesis),hxg+N559+E45,1.8207692676807492,0.860028,0.2563,2546.62,7.56309,5.00908
1,5,5,Beam 1 (full hypothesis),wid+N559+E29,1.9390318776443125,0.874465,0.20566,2335.32,7.77481,5.01837
1,5,5,Beam 1 (full hypothesis),wmc+N559+E29,1.8483462061794516,0.729003,0.2648,2705.22,7.54927,5.39032
1,5,5,Beam 1 (full hypothesis),wha+N559+E29,1.883190681579348,0.858339,0.2056,2405.37,8.53196,4.80535
1,5,5,Beam 1 (full hypothesis),wmc+N559+E132,1.777958629965178,0.684233,0.3032,3016.56,7.80121,5.13445
1,5,5,Beam 2 (chemistry),wnb+N559+E138,1.5624554212091344,0.571721,0.41452,2243.29,13.32502,8.13423
1,5,5,Beam 2 (chemistry),whz+N559+E73,1.8190000991740625,0.558069,0.44084,2157.73,13.54243,9.22555
1,5,5,Beam 2 (chemistry),vbm+N559+E132,1.701653482551794,0.601247,0.37326,2861.33,9.76917,6.1843
1,5,5,Beam 2 (chemistry),smi+N559+E22,1.2763289085975282,0.210831,0.75762,1408.8,20.4709,19.09489
1,5,5,Beam 2 (chemistry),hxg+N559+E73,1.9527192821245603,1.02558,0.1307,2028.05,6.84161,3.14968
1,5,5,Beam 2 (chemistry),smw+N559+E22,1.2711689415181289,0.203278,0.7657,1315.76,38.35668,37.44941
1,5,5,Beam 2 (chemistry),wms+N559+E138,1.6962719448153072,0.533158,0.48542,1756.44,24.26645,23.07126
1,5,5,Beam 2 (chemistry),reo-e+N559+E132,1.5463247816470687,0.499244,0.49824,2214.33,19.31611,5.62244
1,5,5,Beam 2 (chemistry),snh+N559+E132,1.5925673952347588,0.653969,0.38394,2229.94,15.24216,7.72497
1,5,5,Beam 2 (chemistry),vbt+N559+E45,1.4179882813881286,0.49744,0.53972,2026.35,13.6142,12.4464
1,5,5,Beam 3 (metal only),wky+N559+E68,1.4247666510980737,0.327009,0.66912,1612.67,19.68643,16.68028
1,5,5,Beam 3 (metal only),whb+N559+E165,1.9114194053699165,0.712584,0.26728,2108.99,10.80123,6.01036
1,5,5,Beam 3 (metal only),wkl+N559+E57,1.4359702366935168,0.361649,0.62128,1731.75,26.43405,25.19272
1,5,5,Beam 3 (metal only),wms+N559+E149,1.7394806518329053,0.515168,0.5227,1761.67,28.54313,26.9121
1,5,5,Beam 3 (metal only),osc+N559+E8,1.4167118204082305,0.370356,0.61928,1813.12,17.38957,15.45884
1,5,5,Beam 3 (metal only),snq+N559+E48,1.652101977608398,0.570969,0.41726,1905.28,16.74071,15.13057
1,5,5,Beam 3 (metal only),sxd+N559+E3,1.50229712570703,0.328077,0.63786,1722.67,15.89318,14.67355
1,5,5,Beam 3 (metal only),wmv+N559+E96,1.3024957759872995,0.274215,0.67428,1648.71,22.33425,18.85225
1,5,5,Beam 3 (metal only),wmc+N559+E68,1.5306850607839775,0.411188,0.57136,2134.86,12.4623,8.9652
1,5,5,Beam 4 (random baseline),vbn+N16+E203,1.3091173600581274,0.283845,0.71766,1546.37,18.27604,15.45625
1,5,5,Beam 4 (random baseline),ume+N390+E21,1.1514118745541677,0.114196,0.87722,694.33,32.0558,28.80851
1,5,5,Beam 4 (random baseline),vbu+N77+E217,1.8840548926279737,1.42053,0.16998,1990.35,8.68216,4.19952
1,5,5,Beam 4 (random baseline),yfb+N391+E203,1.296821637516464,0.238469,0.7657,1318.3,30.39629,16.93227
1,5,5,Beam 4 (random baseline),qtz-a+N654+E167,1.4217584191774855,0.227266,0.73434,1113.38,26.83635,23.94501
1,5,5,Beam 4 (random baseline),une+N580+E111,1.2691463563891028,0.322047,0.7229,1566.34,19.57418,11.63405
1,5,5,Beam 4 (random baseline),snm+N208+E2,1.4638691047189687,0.139396,0.86052,785.883,42.30047,41.23808
1,5,5,Beam 4 (random baseline),wmd+N198+E85,1.7991189490784263,0.835639,0.33928,2224.41,10.31467,6.96265
1,5,5,Beam 4 (random baseline),hbo+N437+E224,1.2118551981683412,0.115176,0.87048,731.534,42.94339,25.76072
1,5,5,Beam 4 (random baseline),vmk+N529+E162,1.774790319419949,1.10796,0.2157,2929.78,6.80968,3.95279
1,6,6,Beam 1 (full hypothesis),wiv+N559+E138,1.8679096062812102,0.750969,0.22898,2852.46,7.84971,4.76155
1,6,6,Beam 1 (full hypothesis),sok+N559+E138,1.9449575277149653,0.823349,0.19674,2550.62,8.15614,5.40676
1,6,6,Beam 1 (full hypothesis),wmz+N559+E138,1.8169532436572386,0.762685,0.24428,2565.36,8.90118,4.96601
1,6,6,Beam 1 (full hypothesis),wid+N559+E73,1.8750891760715747,0.857932,0.22504,2343.98,8.05952,5.23646
1,6,6,Beam 1 (full hypothesis),sok+N559+E73,1.8539017491398042,0.784543,0.23466,2757.27,8.03343,5.21591
1,6,6,Beam 1 (full hypothesis),bsn+N559+E73,1.8341517404235663,0.708057,0.28636,2769.66,7.46431,4.97313
1,6,6,Beam 1 (full hypothesis),wiu+N559+E29,1.9504262724004748,0.724469,0.27754,2648.22,8.49995,5.27579
1,6,6,Beam 1 (full hypothesis),som+N559+E138,1.8618543455010608,0.687646,0.27434,2871.87,8.96737,5.32304
1,6,6,Beam 1 (full hypothesis),sme+N559+E73,1.8432102332762614,0.695525,0.30174,2722.97,8.08314,5.17152
1,6,6,Beam 1 (full hypothesis),whn+N559+E138,1.9470518606841924,0.830858,0.21878,2269.46,8.54226,5.32684
1,6,6,Beam 2 (chemistry),rob+N559+E113,1.5691144743617318,0.469024,0.45894,2660.54,9.19935,7.2536
1,6,6,Beam 2 (chemistry),smf+N559+E73,1.551123220734113,0.394289,0.62108,1394.66,30.73848,30.04167
1,6,6,Beam 2 (chemistry),whh+N559+E138,1.8030045240660613,0.719393,0.29516,2277.38,13.6815,4.60386
1,6,6,Beam 2 (chemistry),whj+N559+E138,1.7062223105559244,0.645657,0.34264,2535.08,11.24307,5.74525
1,6,6,Beam 2 (chemistry),wky+N559+E138,1.6964696758896924,0.633203,0.35792,2471.43,9.44888,7.41187
1,6,6,Beam 2 (chemistry),whq+N559+E73,1.7052977588571698,0.513349,0.48638,2023.93,15.76598,12.54379
1,6,6,Beam 2 (chemistry),wna+N559+E138,1.8188677818861596,0.6845,0.30442,2485.21,12.91222,5.33715
1,6,6,Beam 2 (chemistry),whj+N559+E113,1.4356059866214201,0.315817,0.63836,1744.43,21.3904,12.93597
1,6,6,Beam 2 (chemistry),wkq+N559+E138,1.7337371030321722,0.683194,0.34158,2080.17,12.18766,8.87163
1,6,6,Beam 2 (chemistry),wit+N559+E113,1.475106007334459,0.398888,0.54752,2063.84,15.20081,9.27654
1,6,6,Beam 3 (metal only),whn+N559+E123,1.5830962304263212,0.485632,0.46204,2323.09,10.92767,7.78105
1,6,6,Beam 3 (metal only),whh+N559+E216,1.8390210720803597,0.693474,0.26798,2334.52,12.50557,4.65923
1,6,6,Beam 3 (metal only),msw+N559+E123,1.7734911351331395,0.576925,0.3642,2820.54,7.93072,5.91144
1,6,6,Beam 3 (metal only),wmm+N559+E95,1.6109332661699989,0.78347,0.35374,1736.32,15.91623,15.02678
1,6,6,Beam 3 (metal only),smi+N559+E78,1.4999677790259633,0.26581,0.65572,1704.65,18.28991,16.00205
1,6,6,Beam 3 (metal only),snv+N559+E35,1.3578022950283204,0.215334,0.75606,1170.15,41.84977,26.85775
1,6,6,Beam 3 (metal only),smp+N559+E222,1.431903426014199,0.268964,0.6867,1528.07,30.32657,15.15152
1,6,6,Beam 3 (metal only),win+N559+E108,1.6540521552116563,0.714902,0.31384,2011.01,13.23518,8.73208
1,6,6,Beam 3 (metal only),cap+N559+E24,2.0255782645275655,0.772263,0.17224,2781.6,5.85568,3.79857
1,6,6,Beam 3 (metal only),whg+N559+E209,1.3848533164068502,0.22323,0.72266,1415.45,26.81713,16.15947
1,6,6,Beam 4 (random baseline),vcq+N599+E32,1.4973049500960816,0.396821,0.6003,1997.26,16.62828,14.1365
1,6,6,Beam 4 (random baseline),gie+N654+E203,1.1828880812188158,0.066394,0.90958,527.562,49.13744,41.63196
1,6,6,Beam 4 (random baseline),sxb+N122+E166,1.6173872954709836,0.756224,0.47122,2113.39,12.59081,11.51718
1,6,6,Beam 4 (random baseline),uku+N454+E68,1.2644937541019232,0.11208,0.91028,481.33,56.09328,37.18312
1,6,6,Beam 4 (random baseline),cap+N422+E92,1.1196298972630105,1.34191,0.06574,1931.24,4.88686,3.1363
1,6,6,Beam 4 (random baseline),umj+N2+E49,1.4048229384980606,0.172672,0.78394,1107.65,25.48349,20.57441
1,6,6,Beam 4 (random baseline),wnb+N151+E216,1.6602598950455614,0.401224,0.56924,1822.84,19.19969,13.32305
1,6,6,Beam 4 (random baseline),mdf+N420+E7,1.4608042172407991,1.1606,0.41372,1664.17,15.03201,14.8965
1,6,6,Beam 4 (random baseline),sxi+N179+E201,1.465324749106307,0.44867,0.62062,1731.82,18.07383,12.85157
1,6,6,Beam 4 (random baseline),ske+N47+E181,1.422217967127754,0.340084,0.6147,1899.86,15.62327,10.68891
1,7,7,Beam 1 (full hypothesis),vbm+N559+E138,1.8473167220359354,0.711268,0.2602,2802.74,9.17381,4.50277
1,7,7,Beam 1 (full hypothesis),vcc+N559+E29,1.872336974390184,0.665642,0.30878,2732.98,9.14575,5.2573
1,7,7,Beam 1 (full hypothesis),acs+N559+E138,1.7918072108324516,0.747649,0.25852,2518.77,8.00587,4.08706
1,7,7,Beam 1 (full hypothesis),sxb+N559+E29,1.8838222731757284,0.8251,0.20576,2644.89,7.07404,4.53737
1,7,7,Beam 1 (full hypothesis),vby+N559+E138,1.7748292810897237,0.744365,0.23236,2975.13,7.89131,4.15216
1,7,7,Beam 1 (full hypothesis),vmk+N559+E138,1.8069355708394916,0.820133,0.21534,2318.88,7.35737,4.29174
1,7,7,Beam 1 (full hypothesis),bsn+N559+E73,1.854864905300294,0.708057,0.28636,2769.66,7.46431,4.97313
1,7,7,Beam 1 (full hypothesis),whn+N559+E138,1.871160792527839,0.830858,0.21878,2269.46,8.54226,5.32684
1,7,7,Beam 1 (full hypothesis),wmz+N559+E73,1.736521548306373,0.726799,0.30016,2452.71,9.28668,5.27673
1,7,7,Beam 2 (chemistry),hxg+N559+E23,1.6850320206666611,0.494866,0.42822,2567.25,10.27513,6.85689
1,7,7,Beam 2 (chemistry),lcy-e+N559+E209,1.388149570225577,0.22,0.72666,1443.45,22.58774,19.09113
1,7,7,Beam 2 (chemistry),wmj+N559+E209,1.4040188235094553,0.228125,0.71584,1463.28,24.65154,19.92662
1,7,7,Beam 2 (chemistry),wgx+N559+E24,1.3306437816877543,0.271275,0.67232,1622.9,24.96062,12.39429
1,7,7,Beam 2 (chemistry),whh+N559+E73,1.790971651820863,0.665893,0.36046,2254.08,14.27297,4.93533
1,7,7,Beam 2 (chemistry),vbo+N559+E73,1.569860837203725,0.580859,0.42044,2263.43,11.16633,8.98649
1,7,7,Beam 2 (chemistry),wip+N559+E29,1.478282919661606,0.522718,0.51012,1739.88,16.06213,13.58479
1,7,7,Beam 2 (chemistry),vbt+N559+E24,1.324217252992491,0.289582,0.65254,1753.3,17.81789,16.41889
1,7,7,Beam 2 (chemistry),vbm+N559+E73,1.760084681422648,0.641729,0.33766,2700.22,9.29502,6.33566
1,7,7,Beam 2 (chemistry),sda+N559+E24,1.4590127557710284,0.428076,0.48812,2536.17,9.20909,7.6603
1,7,7,Beam 3 (metal only),sxq+N559+E4,1.443560674426121,0.257032,0.68382,1776.11,17.70793,14.18372
1,7,7,Beam 3 (metal only),wko+N559+E53,1.5468340127605744,0.382143,0.63938,1703.13,18.35083,16.52273
1,7,7,Beam 3 (metal only),wml+N559+E41,1.2311893796034337,0.20261,0.74712,1388.33,33.26732,32.44103
1,7,7,Beam 3 (metal only),wmv+N559+E81,1.5621949787692742,0.373343,0.58784,1848.73,18.06718,14.24058
1,7,7,Beam 3 (metal only),sng+N559+E217,1.846982297867228,0.641663,0.30304,2027.57,14.36889,5.77215
1,7,7,Beam 3 (metal only),smj+N559+E136,1.3960534799968984,0.267295,0.6927,1506.71,22.26941,21.77478
1,7,7,Beam 3 (metal only),wiu+N559+E18,1.7957127551033454,0.622991,0.31342,2882.69,9.08336,5.85252
1,7,7,Beam 3 (metal only),sxp+N559+E53,1.6232704047360378,0.507767,0.52654,2137.76,14.4242,9.52986
1,7,7,Beam 3 (metal only),ana-e+N559+E61,1.644979283975032,0.237882,0.7299,1212.33,30.27834,19.56183
1,7,7,Beam 3 (metal only),wha+N559+E160,1.87502877945422,0.707116,0.338,2467.18,9.44018,5.66858
1,7,7,Beam 4 (random baseline),wnb+N356+E13,1.4417507738801199,0.417592,0.60044,1773.95,17.84738,12.93359
1,7,7,Beam 4 (random baseline),wjb+N270+E211,1.9889959558218877,0.525237,0.5472,1549.91,26.26433,23.95279
1,7,7,Beam 4 (random baseline),vda+N622+E11,1.6061693157715573,0.571749,0.47906,2291.38,12.61147,7.95229
1,7,7,Beam 4 (random baseline),afw+N455+E16,1.304221730008722,0.213544,0.77288,1149.9,22.6756,20.42388
1,7,7,Beam 4 (random baseline),mer+N44+E2,1.3183091910864027,0.0976514,0.8824,628.227,53.5256,36.6075
1,7,7,Beam 4 (random baseline),msp+N503+E37,1.5861164329152289,0.381358,0.59974,2025.98,14.87421,11.54561
1,7,7,Beam 4 (random baseline),ukm+N547+E147,1.4195456630314562,0.293797,0.66,1715.0,17.44558,12.2831
1,7,7,Beam 4 (random baseline),snp+N529+E147,1.5131027043168457,0.609158,0.48848,2138.98,12.45872,8.69308
1,7,7,Beam 4 (random baseline),wmg+N442+E226,2.0343934530773846,1.32826,0.18564,1811.71,10.39684,4.89438
1,8,8,Beam 1 (full hypothesis),wmz+N559+E138,1.8612767993811683,0.762685,0.24428,2565.36,8.90118,4.96601
1,8,8,Beam 1 (full hypothesis),vcc+N559+E212,1.8399514869054876,0.828101,0.19814,2797.08,7.90651,4.24211
1,8,8,Beam 1 (full hypothesis),skd+N559+E44,1.9096163613935795,0.710747,0.2762,3116.82,6.55647,5.20849
1,8,8,Beam 1 (full hypothesis),sok+N559+E73,1.8957859799881709,0.784543,0.23466,2757.27,8.03343,5.21591
1,8,8,Beam 1 (full hypothesis),bsn+N559+E212,1.9304533950008045,0.863729,0.18144,2697.05,6.16245,4.88015
1,8,8,Beam 1 (full hypothesis),sxc+N559+E29,1.9826297621964446,0.792505,0.22214,2707.15,7.60097,5.04107
1,8,8,Beam 1 (full hypothesis),sda+N559+E44,1.6856797038052922,0.769552,0.21918,3299.53,5.5356,3.82436
1,8,8,Beam 1 (full hypothesis),vmg+N559+E212,1.764502824927879,0.754228,0.29292,2439.15,8.65963,5.17031
1,8,8,Beam 1 (full hypothesis),bcs+N559+E159,2.071238131752149,0.784077,0.17104,2711.17,6.48819,3.91371
1,8,8,Beam 1 (full hypothesis),cap+N559+E12,1.6737255771489528,0.517857,0.3643,3141.33,7.91873,5.50186
1,8,8,Beam 2 (chemistry),wms+N559+E22,1.1974546043350769,0.169424,0.80456,1106.74,51.49206,50.91866
1,8,8,Beam 2 (chemistry),snl+N559+E44,1.7065460082411439,0.620595,0.35354,2927.11,8.46012,5.76545
1,8,8,Beam 2 (chemistry),lcv-e+N559+E30,1.4595426125958244,0.124063,0.84572,766.576,42.0853,37.35684
1,8,8,Beam 2 (chemistry),wky+N559+E29,1.6748771724536258,0.609867,0.38872,2388.44,11.12809,8.9859
1,8,8,Beam 2 (chemistry),wij+N559+E44,1.560918799288916,0.419875,0.56128,1970.5,19.04761,18.69044
1,8,8,Beam 2 (chemistry),wkq+N559+E113,1.4186032300817069,0.341571,0.61664,1743.89,19.45095,17.09632
1,8,8,Beam 2 (chemistry),wmo+N559+E138,1.6951582794389006,0.623314,0.34902,2605.46,9.94774,6.10416
1,8,8,Beam 2 (chemistry),wio+N559+E4,1.3427900269462565,0.234104,0.7051,1637.18,18.84048,14.55949
1,8,8,Beam 2 (chemistry),whb+N559+E44,1.4748029425701836,0.631206,0.36586,2616.15,8.45869,5.68257
1,8,8,Beam 2 (chemistry),bcs+N559+E24,1.500384063183518,0.402746,0.49854,2590.7,9.51264,6.91675
1,8,8,Beam 3 (metal only),sny+N559+E224,1.5598640022103258,0.24037,0.73366,1081.47,43.36954,42.91205
1,8,8,Beam 3 (metal only),vme+N559+E13,1.5580718469254737,0.564703,0.43506,2337.31,10.88725,7.7658
1,8,8,Beam 3 (metal only),wmo+N559+E148,1.2714212131471507,0.227493,0.6994,1518.67,22.39778,17.43235
1,8,8,Beam 3 (metal only),whk+N559+E233,1.4259052166019266,0.445979,0.57458,1877.93,19.05382,10.51277
1,8,8,Beam 3 (metal only),wmu+N559+E151,1.7026863967046137,0.501055,0.43126,2198.01,15.17054,12.34026
1,8,8,Beam 3 (metal only),smr+N559+E97,1.3859711120531915,0.194791,0.75282,1264.93,28.59782,25.38865
1,8,8,Beam 3 (metal only),wmk+N559+E72,1.6478643485353277,0.489322,0.4881,2003.65,14.67656,8.97619
1,8,8,Beam 3 (metal only),smq+N559+E134,1.7870212026454941,0.498641,0.41964,2200.34,14.47912,11.05647
1,8,8,Beam 3 (metal only),sxo+N559+E16,1.5623566008673477,0.447801,0.56058,1483.37,20.71723,15.48665
1,8,8,Beam 3 (metal only),whm+N559+E71,1.698262582425074,0.524392,0.4357,1967.25,16.65249,12.92076
1,8,8,Beam 4 (random baseline),ukg+N330+E158,1.3671495885909042,0.321402,0.63524,1768.57,15.58341,12.79602
1,8,8,Beam 4 (random baseline),umf+N417+E33,1.15615164960634,0.145165,0.8691,764.734,28.24395,25.45319
1,8,8,Beam 4 (random baseline),umn+N434+E215,1.4212837982824833,0.232957,0.7894,1106.04,33.96405,31.16566
1,8,8,Beam 4 (random baseline),umn+N335+E112,1.2659333449516643,0.0978963,0.88166,629.508,49.89631,48.12844
1,8,8,Beam 4 (random baseline),ums+N404+E233,1.6214821979443568,0.217126,0.79586,980.961,46.38256,44.25852
1,8,8,Beam 4 (random baseline),lta+N719+E155,1.2584248169378442,0.149359,0.88176,664.711,65.66924,33.32272
1,8,8,Beam 4 (random baseline),ulj+N417+E36,1.178090199962019,0.140096,0.87774,714.263,28.18618,26.1928
1,8,8,Beam 4 (random baseline),pyr-e+N481+E101,1.3598122976222817,0.273089,0.70994,1530.1,19.89657,15.01966
1,8,8,Beam 4 (random baseline),vmj+N666+E32,1.5348259612478585,0.332306,0.67476,1617.27,20.15108,16.43928
1,9,9,Beam 1 (full hypothesis),wid+N559+E73,1.8752626197866138,0.857932,0.22504,2343.98,8.05952,5.23646
1,9,9,Beam 1 (full hypothesis),wha+N559+E138,2.0967257349567867,0.891315,0.16232,2281.73,7.79802,3.96697
1,9,9,Beam 1 (full hypothesis),son+N559+E138,1.8618438586039388,0.733257,0.24012,2816.57,7.92363,4.89873
1,9,9,Beam 1 (full hypothesis),wis+N559+E138,1.8868751559697932,0.83303,0.19504,2476.28,8.42832,4.22473
1,9,9,Beam 1 (full hypothesis),vmk+N559+E138,1.8739614939917966,0.820133,0.21534,2318.88,7.35737,4.29174
1,9,9,Beam 1 (full hypothesis),wmc+N559+E73,1.8763450398649082,0.736217,0.26684,2740.53,6.87922,4.83131
1,9,9,Beam 1 (full hypothesis),wmz+N559+E138,1.8835185352089696,0.762685,0.24428,2565.36,8.90118,4.96601
1,9,9,Beam 1 (full hypothesis),hxg+N559+E201,1.900023148730067,0.738727,0.24732,2562.5,8.17289,4.8364
1,9,9,Beam 1 (full hypothesis),bsn+N559+E138,1.973485184338713,0.788107,0.20674,2781.38,7.17772,4.25523
1,9,9,Beam 2 (chemistry),wmb+N559+E61,1.5054226811860811,0.28568,0.6636,1676.77,18.75458,16.29625
1,9,9,Beam 2 (chemistry),vbu+N559+E61,1.382470693059931,0.276671,0.67654,1584.38,20.39665,17.50216
1,9,9,Beam 2 (chemistry),whf+N559+E29,1.7229983428685838,0.558647,0.45492,1964.92,18.13212,15.43831
1,9,9,Beam 2 (chemistry),snw+N559+E201,1.5457194561229903,0.47312,0.45994,2428.55,11.74495,9.98699
1,9,9,Beam 2 (chemistry),vbs+N559+E73,1.5753453429272388,0.608959,0.4076,2177.41,11.22607,8.04795
1,9,9,Beam 2 (chemistry),wkr+N559+E149,1.6158113968406727,0.493315,0.55056,1483.49,24.14305,21.19088
1,9,9,Beam 2 (chemistry),wmf+N559+E29,1.5590817929545704,0.568901,0.43176,2167.06,13.69233,7.48603
1,9,9,Beam 2 (chemistry),whh+N559+E73,1.7660110474679678,0.662527,0.36242,2255.28,14.31964,4.95163
1,9,9,Beam 2 (chemistry),cap+N559+E142,1.3748412900119051,1.14919,0.03336,1118.7,4.04084,2.72204
1,9,9,Beam 2 (chemistry),crs+N559+E201,1.3663094730454837,0.325048,0.65022,1454.14,19.15078,14.64239
1,9,9,Beam 3 (metal only),vmh+N559+E201,1.4789815799004575,0.447974,0.5137,2116.57,12.50217,9.2272
1,9,9,Beam 3 (metal only),vmh+N559+E41,1.2209388033609683,0.225188,0.71822,1587.09,18.05011,15.04523
1,9,9,Beam 3 (metal only),whx+N559+E14,1.4450011599491115,0.391712,0.60144,1511.24,15.66951,12.65456
1,9,9,Beam 3 (metal only),sxj+N559+E70,1.5728979754875556,0.620723,0.44596,2182.04,11.98762,8.89643
1,9,9,Beam 3 (metal only),msw+N559+E24,1.6852718583114894,0.491414,0.42298,2698.98,7.93759,6.22276
1,9,9,Beam 3 (metal only),wit+N559+E120,1.668088065752371,0.557892,0.41282,2385.9,12.18122,6.69815
1,9,9,Beam 3 (metal only),wnc+N559+E182,1.4163039267823496,0.532141,0.5199,2055.35,14.43371,9.12996
1,9,9,Beam 3 (metal only),whl+N559+E73,1.7045604618686225,0.515879,0.49612,1830.35,20.14049,18.7757
1,9,9,Beam 3 (metal only),whm+N559+E123,1.552038273569131,0.327556,0.62716,1718.13,21.30477,19.22834
1,9,9,Beam 4 (random baseline),win+N504+E80,1.4690678222243088,0.315775,0.68526,1545.53,27.27973,23.47869
1,9,9,Beam 4 (random baseline),snr+N595+E154,1.5532362689692298,0.369185,0.62708,1661.34,24.40331,15.93361
1,9,9,Beam 4 (random baseline),uop+N113+E25,1.6454664485241988,0.623305,0.44094,2531.74,10.4261,7.98088
1,9,9,Beam 4 (random baseline),uoi+N27+E201,1.5449816534653538,0.364419,0.60996,1775.85,18.24964,15.03703
1,9,9,Beam 4 (random baseline),wko+N59+E97,1.5361808199905185,0.305138,0.70144,1504.08,22.22005,20.46966
1,9,9,Beam 4 (random baseline),sxe+N378+E226,1.6057500783298206,0.514074,0.5886,1624.82,20.47168,12.33684
1,9,9,Beam 4 (random baseline),msp+N424+E154,1.4296801017700647,0.243537,0.70742,1515.54,19.81257,15.99645
1,9,9,Beam 4 (random baseline),snw+N441+E49,1.342943483622165,0.343339,0.69728,1425.14,19.25223,16.59819
1,9,9,Beam 4 (random baseline),wjh+N2+E150,1.3255214168379341,0.10054,0.87594,679.802,54.39772,52.45316
1,9,9,Beam 4 (random baseline),wmy+N453+E205,1.969828707755968,1.06909,0.21414,1958.41,8.33445,5.85662
1,10,10,Beam 1 (full hypothesis),wha+N559+E72,2.0184496234343063,0.740672,0.25994,2577.88,8.59252,4.97861
1,10,10,Beam 1 (full hypothesis),why+N559+E102,1.880262240188968,1.95646,0.16502,2124.7,7.14078,4.53334
1,10,10,Beam 1 (full hypothesis),msw+N559+E201,1.9676748616238928,0.672969,0.28714,2840.22,6.89292,5.24775
1,10,10,Beam 1 (full hypothesis),wis+N559+E158,1.8282433449808702,0.812763,0.26186,2633.12,8.20294,4.71631
1,10,10,Beam 1 (full hypothesis),wid+N559+E29,1.9263916932810632,0.874465,0.20566,2335.32,7.77481,5.01837
1,10,10,Beam 1 (full hypothesis),wid+N559+E158,1.835543514232351,0.864034,0.24876,2508.67,7.92532,5.16685
1,10,10,Beam 1 (full hypothesis),bsn+N559+E138,2.0977500303678287,0.788107,0.20674,2781.38,7.17772,4.25523
1,10,10,Beam 1 (full hypothesis),wmc+N559+E158,1.8596102713482918,0.777512,0.25142,2923.39,7.32958,5.06911
1,10,10,Beam 1 (full hypothesis),wiv+N559+E138,1.9037360163750352,0.749119,0.2303,2857.92,7.86708,4.7995
1,10,10,Beam 1 (full hypothesis),cap+N559+E148,1.8376091490016382,0.701161,0.17956,2607.15,7.82258,4.22032
1,10,10,Beam 2 (chemistry),smp+N559+E158,1.3893724171837836,0.549716,0.49612,1926.37,19.263,9.09922
1,10,10,Beam 2 (chemistry),twf-e+N559+E73,1.7025617712590049,0.478091,0.5181,1915.26,25.82287,12.38156
1,10,10,Beam 2 (chemistry),wkf+N559+E86,1.4239302912944984,0.363148,0.56548,1941.49,15.19642,11.75629
1,10,10,Beam 2 (chemistry),smo+N559+E73,1.5042442805702076,0.538984,0.47752,1935.98,17.235,8.66926
1,10,10,Beam 2 (chemistry),wgz+N559+E123,1.534841821461143,0.372119,0.58528,1897.39,18.87012,9.98872
1,10,10,Beam 2 (chemistry),smg+N559+E80,1.403825889400802,0.274029,0.67068,1620.51,20.88877,15.90727
1,10,10,Beam 2 (chemistry),lcs-e+N559+E80,1.4805877449938223,0.270526,0.68264,1483.23,21.53158,15.49441
1,10,10,Beam 2 (chemistry),vmj+N559+E158,1.5788675194405088,0.65459,0.3946,2363.74,11.96002,7.57568
1,10,10,Beam 2 (chemistry),sxk+N559+E72,1.5418325482513389,0.560257,0.43316,2064.83,12.31224,8.84305
1,10,10,Beam 2 (chemistry),crs+N559+E80,1.6426716980106586,0.234181,0.72298,1343.72,23.71687,17.87755
1,10,10,Beam 3 (metal only),vbm+N559+E25,1.9173126645204217,0.663025,0.28354,2691.82,8.61117,5.33781
1,10,10,Beam 3 (metal only),vmf+N559+E107,1.4221792220996972,0.286555,0.66634,1619.16,18.55959,16.84485
1,10,10,Beam 3 (metal only),whw+N559+E71,1.5181407505786653,0.536657,0.45458,1773.27,14.42037,11.94152
1,10,10,Beam 3 (metal only),sod-e+N559+E13,1.3063772208996214,0.377265,0.64196,1401.94,26.22317,11.63716
1,10,10,Beam 3 (metal only),rob+N559+E167,1.3137801856005922,1.02258,0.01344,499.605,4.37798,2.36362
1,10,10,Beam 3 (metal only),snp+N559+E233,1.3802385040088978,0.391657,0.65214,1355.67,19.38087,17.13207
1,10,10,Beam 3 (metal only),sxp+N559+E70,1.6812016224625286,0.776016,0.302,2632.75,9.57968,5.87442
1,10,10,Beam 3 (metal only),sms+N559+E70,1.7660747412538493,0.628369,0.43562,2178.85,12.82946,8.40011
1,10,10,Beam 3 (metal only),wmu+N559+E186,1.6088067447643744,0.620924,0.4218,2217.05,14.45027,11.7755
1,10,10,Beam 3 (metal only),whr+N559+E159,1.7495079575785408,0.526074,0.43524,2122.59,15.95835,13.18167
1,10,10,Beam 4 (random baseline),wji+N256+E1,1.1999843346794499,0.0973847,0.89042,613.514,50.34072,49.29237
1,10,10,Beam 4 (random baseline),wip+N295+E66,1.7897599370543689,0.777054,0.38726,2401.43,12.62392,11.40014
1,10,10,Beam 4 (random baseline),mob+N490+E151,1.8391403933707726,1.74336,0.15586,2210.73,7.90172,3.65685
1,10,10,Beam 4 (random baseline),uks+N194+E31,1.166547141769989,0.0923731,0.90334,557.884,54.22121,37.14412
1,10,10,Beam 4 (random baseline),whj+N92+E130,1.638741369149454,0.656033,0.5063,2121.67,16.71489,8.97994
1,10,10,Beam 4 (random baseline),ula+N90+E177,1.3602428512753604,0.246405,0.75262,1308.55,24.18173,14.03444
1,10,10,Beam 4 (random baseline),vbn+N148+E96,1.431716613412599,0.364748,0.61896,1890.99,16.52599,11.67006
1,10,10,Beam 4 (random baseline),uop+N455+E63,1.326322873398358,0.257686,0.73746,1360.27,17.07874,14.66246
1,10,10,Beam 4 (random baseline),sxd+N180+E131,1.6981543775829173,0.759249,0.38094,2063.88,9.82076,9.44122
1,10,10,Beam 4 (random baseline),snb+N366+E202,1.5233022789183182,0.209434,0.84596,715.748,48.22429,40.75527
2,1,1,Beam 1 (full hypothesis),vbx+N14+E228,1.3795857583965603,0.818756,0.52512,1777.54,16.82689,13.2938
2,1,1,Beam 1 (full hypothesis),sda+N9+E186,1.9133095356911762,1.31751,0.13014,2230.78,5.55066,4.09223
2,1,1,Beam 1 (full hypothesis),rgd+N565+E206,1.9151099484526128,0.987726,0.27868,2016.38,16.93297,8.93223
2,1,1,Beam 1 (full hypothesis),ech+N21+E131,1.5681086130089554,1.20739,0.31502,2064.74,12.92456,5.47121
2,1,1,Beam 1 (full hypothesis),snw+N9+E131,1.8295208308564372,1.00067,0.27426,2647.21,7.72791,6.05078
2,1,1,Beam 1 (full hypothesis),thp-x+N565+E206,1.9698868083736267,1.19245,0.1658,2045.99,8.77984,4.5197
2,1,1,Beam 1 (full hypothesis),snl+N14+E228,1.4004105508216376,0.890218,0.46262,2110.01,12.90933,8.60058
2,1,1,Beam 1 (full hypothesis),wko+N9+E131,1.5903659358078328,0.967097,0.32114,2111.82,10.6104,9.5018
2,1,1,Beam 1 (full hypothesis),thp-x+N565+E131,1.876985195555245,1.06289,0.18764,2164.53,8.83533,4.47885
2,1,1,Beam 1 (full hypothesis),wks+N14+E48,1.5783961738000927,0.87583,0.43324,2116.69,16.22253,11.10519
2,1,1,Beam 2 (chemistry),vcv+N21+E206,1.8845520024199933,1.78744,0.09888,1804.62,6.01858,4.19481
2,1,1,Beam 2 (chemistry),smq+N9+E206,1.7873966913471078,1.13492,0.28244,2088.62,11.25246,9.01004
2,1,1,Beam 2 (chemistry),thp-x+N565+E186,1.938607805522042,0.946622,0.25066,2273.43,10.12155,5.78958
2,1,1,Beam 2 (chemistry),snx+N14+E48,1.7671086995348106,1.34771,0.21298,2140.67,10.13555,8.34942
2,1,1,Beam 2 (chemistry),vmi+N9+E48,1.7229234671760298,0.933553,0.26214,2426.13,9.40617,5.6512
2,1,1,Beam 2 (chemistry),vbp+N15+E186,1.4481073579833221,0.866791,0.49346,1928.46,12.76857,10.51378
2,1,1,Beam 2 (chemistry),wij+N9+E206,1.7385001793875279,0.964345,0.4156,1547.53,20.13484,19.21007
2,1,1,Beam 2 (chemistry),thp-x+N565+E228,1.9915903051341608,1.03645,0.2253,2242.48,8.91397,5.69132
2,1,1,Beam 2 (chemistry),wio+N15+E131,1.5680087457323963,1.26542,0.30584,1989.69,11.05434,7.81135
2,1,1,Beam 2 (chemistry),wjb+N9+E131,1.5183602779614391,0.78494,0.44282,1659.58,20.7594,18.00712
2,1,1,Beam 3 (metal only),wij+N15+E14,1.5953190657537386,0.648415,0.5988,1621.63,25.90291,25.61022
2,1,1,Beam 3 (metal only),sny+N9+E234,1.510519183131745,0.336706,0.69608,1330.81,32.61157,30.05059
2,1,1,Beam 3 (metal only),xii+N565+E19,1.817808591438832,0.965913,0.2101,2305.95,12.05312,4.73431
2,1,1,Beam 3 (metal only),vme+N15+E96,1.37860712760881,0.659107,0.53842,1931.85,14.76936,10.26679
2,1,1,Beam 3 (metal only),whh+N9+E138,1.6868770604307504,1.10333,0.20016,2158.14,8.84503,5.68557
2,1,1,Beam 3 (metal only),xii+N565+E166,1.9758881674403153,0.891835,0.25636,2324.31,13.33264,5.4906
2,1,1,Beam 3 (metal only),whk+N15+E123,1.3102919860765014,0.514236,0.644,1597.56,23.66485,11.58511
2,1,1,Beam 3 (metal only),whd+N9+E228,1.568943144742409,0.800042,0.45128,1853.21,19.75913,15.07086
2,1,1,Beam 3 (metal only),hcp+N565+E92,2.0268413212493623,0.863303,0.26246,2361.49,9.65664,5.9829
2,1,1,Beam 3 (metal only),smj+N15+E131,1.4997588495710503,0.920383,0.45762,1841.18,16.30738,15.13371
2,1,1,Beam 4 (random baseline),crb+N409+E29,1.4065582141196056,0.453993,0.61666,1861.02,16.83854,13.98163
2,1,1,Beam 4 (random baseline),kag+N501+E79,1.5828503061553336,0.411867,0.63748,1558.95,21.88925,19.55375
2,1,1,Beam 4 (random baseline),vbn+N198+E2,1.2607335443498242,0.201324,0.7854,1172.57,22.614,19.51315
2,1,1,Beam 4 (random baseline),oof+N348+E130,1.9501034157185577,0.874648,0.28522,2596.06,7.58526,5.65178
2,1,1,Beam 4 (random baseline),lcv-a+N109+E176,1.2882421749664614,0.0820834,0.92654,352.767,68.29917,61.93498
2,1,1,Beam 4 (random baseline),whb+N290+E216,1.8012960315742201,1.08642,0.26956,2594.06,8.23232,5.87871
2,1,1,Beam 4 (random baseline),acs-a+N115+E201,1.341844981589716,0.230528,0.79396,1089.28,32.89946,30.06148
2,1,1,Beam 4 (random baseline),whf+N501+E102,1.5071899741088528,0.653166,0.63848,1486.92,29.48807,23.26066
2,1,1,Beam 4 (random baseline),smn+N205+E38,1.243699064127018,0.370316,0.65956,1876.45,16.06463,14.85275
2,1,1,Beam 4 (random baseline),wmg+N569+E201,1.4995292374428357,0.394353,0.62356,1690.2,23.28103,16.50215
2,2,2,Beam 1 (full hypothesis),hcp+N565+E206,2.0638527263614166,1.08569,0.21916,2162.49,9.27023,4.26872
2,2,2,Beam 1 (full hypothesis),fcu+N565+E131,1.912786857243554,0.992798,0.21894,2431.22,7.88192,4.22458
2,2,2,Beam 1 (full hypothesis),xii+N565+E131,1.9464245218986722,1.08637,0.1852,1994.09,11.68111,5.05694
2,2,2,Beam 1 (full hypothesis),xii+N565+E206,2.14675685180203,1.20221,0.16796,1956.97,11.51116,4.78325
2,2,2,Beam 1 (full hypothesis),thp-x+N565+E206,1.777883464516998,1.19294,0.16564,2044.76,8.72409,4.52426
2,2,2,Beam 1 (full hypothesis),thp-x+N565+E186,1.927296729143697,0.946622,0.25066,2273.43,10.12155,5.78958
2,2,2,Beam 1 (full hypothesis),thp-x+N565+E131,1.9744723249412053,1.06529,0.1863,2164.33,8.76045,4.42085
2,2,2,Beam 1 (full hypothesis),hcp+N565+E228,1.9592029377927624,0.945512,0.2725,2297.32,9.38028,4.95342
2,2,2,Beam 1 (full hypothesis),thp-x+N565+E228,2.052135490841759,1.03592,0.22796,2250.15,9.09701,5.70409
2,2,2,Beam 1 (full hypothesis),hcp+N565+E131,2.025446502760144,0.967324,0.2437,2293.73,10.25809,4.37953
2,2,2,Beam 3 (metal only),hcp+N565+E14,1.9513898930552276,0.764467,0.32908,2387.68,10.54228,6.4394
2,2,2,Beam 3 (metal only),xii+N565+E138,2.04280548919003,0.994776,0.19342,2221.32,10.21691,5.24774
2,2,2,Beam 3 (metal only),xii+N565+E13,2.0081546452120778,0.913073,0.24482,2458.97,13.08084,4.98953
2,2,2,Beam 3 (metal only),xii+N565+E68,1.785879980336351,0.643791,0.43102,2283.78,16.40193,8.43384
2,2,2,Beam 3 (metal only),hcp+N565+E149,1.9621492562478642,0.867578,0.2739,2350.35,9.9169,5.83709
2,2,2,Beam 3 (metal only),fcu+N565+E123,1.7931710008624482,0.656721,0.38518,2489.65,12.48184,4.98747
2,2,2,Beam 3 (metal only),thp-x+N565+E226,1.6789040617927968,1.29067,0.06042,1197.71,7.93158,2.93098
2,2,2,Beam 3 (metal only),thp-x+N565+E234,1.7397000029691476,0.620599,0.42888,2263.42,13.31095,7.93546
2,2,2,Beam 3 (metal only),thp-x+N565+E16,2.030104364585864,0.887411,0.23746,2326.37,9.70907,5.47342
2,2,2,Beam 3 (metal only),fcu+N565+E27,1.8026656430146706,0.903178,0.26184,2619.01,8.17636,3.615
2,2,2,Beam 4 (random baseline),afw+N434+E19,1.2351742903783536,0.493525,0.6574,1756.68,14.83297,11.0215
2,2,2,Beam 4 (random baseline),wmo+N41+E34,1.382635413823038,0.30113,0.74656,1277.2,25.81644,18.12223
2,2,2,Beam 4 (random baseline),son+N102+E215,1.4540592891684745,0.37636,0.5524,2259.96,13.8778,10.02938
2,2,2,Beam 4 (random baseline),yyz+N547+E111,1.1718270712546575,0.0981417,0.88214,592.459,38.13791,34.89702
2,2,2,Beam 4 (random baseline),ukg+N304+E233,1.2635059866639269,0.331618,0.7193,1507.17,19.01789,14.36607
2,2,2,Beam 4 (random baseline),reo-e+N195+E85,1.623428590651439,0.445499,0.59842,1853.8,24.88857,11.30461
2,2,2,Beam 4 (random baseline),snq+N336+E80,1.4815448530020527,0.278672,0.70302,1479.36,26.99573,25.55061
2,2,2,Beam 4 (random baseline),wfa+N52+E189,1.5432799921197826,0.375199,0.66994,1629.71,21.08428,18.26682
2,2,2,Beam 4 (random baseline),wjk+N206+E205,1.6925362387921563,0.645674,0.46786,1977.23,13.50259,11.38942
2,2,2,Beam 4 (random baseline),sxc+N283+E141,1.3724545677465056,0.439031,0.53694,2423.05,11.00859,10.13198
2,3,3,Beam 1 (full hypothesis),hcp+N565+E131,2.1219188364446837,0.9673,0.24372,2294.67,10.25788,4.3792
2,3,3,Beam 1 (full hypothesis),thp-x+N565+E131,1.9316424423024297,1.06289,0.18764,2164.53,8.83533,4.47885
2,3,3,Beam 1 (full hypothesis),thp-x+N565+E206,2.0390885998144643,1.19245,0.1658,2045.99,8.77984,4.5197
2,3,3,Beam 1 (full hypothesis),xii+N565+E131,2.1189127726091628,1.08637,0.1852,1994.09,11.68111,5.05694
2,3,3,Beam 1 (full hypothesis),xii+N565+E206,1.8642100253498965,1.20211,0.1678,1957.03,11.5153,4.7825
2,3,3,Beam 1 (full hypothesis),hcp+N565+E206,1.95570614494729,1.08569,0.21916,2162.49,9.27023,4.26872
2,3,3,Beam 1 (full hypothesis),fcu+N565+E131,1.9510103085426145,0.992798,0.21894,2431.22,7.88192,4.22458
2,3,3,Beam 1 (full hypothesis),fcu+N565+E206,1.8466379098710615,1.10187,0.18494,2452.82,7.93131,3.73849
2,3,3,Beam 1 (full hypothesis),rgd+N565+E206,2.028327573972186,0.987726,0.27868,2016.38,16.93297,8.93223
2,3,3,Beam 1 (full hypothesis),rgd+N565+E131,2.012469472350899,0.875354,0.31272,2137.76,16.7205,8.89073
2,3,3,Beam 4 (random baseline),irl+N52+E216,1.6223134594444462,0.430157,0.63238,1714.25,18.61216,12.29513
2,3,3,Beam 4 (random baseline),vmt+N189+E136,1.4925342123486978,0.33581,0.66086,1642.32,17.00261,13.91222
2,3,3,Beam 4 (random baseline),whz+N508+E201,1.463995440808963,0.354841,0.64724,1781.82,18.66772,14.47005
2,3,3,Beam 4 (random baseline),ukh+N184+E38,1.1907768561147558,0.209228,0.79418,1211.32,18.34346,13.73391
2,3,3,Beam 4 (random baseline),soj+N179+E194,1.2635828921984638,0.236351,0.76642,1273.11,23.81049,19.05724
2,3,3,Beam 4 (random baseline),wiv+N612+E29,1.8824515973131568,1.0,0.23208,2534.29,7.64142,5.88802
2,3,3,Beam 4 (random baseline),vbs+N622+E226,1.8000783960000222,1.59183,0.0,0.0,6.38147,2.07922
2,3,3,Beam 4 (random baseline),vmb+N242+E40,1.3644854803020279,0.280105,0.71612,1494.84,19.03741,14.00659
2,3,3,Beam 4 (random baseline),wfp+N124+E65,1.5371960309667108,0.861703,0.43082,2372.35,11.49504,7.16233
2,3,3,Beam 4 (random baseline),vbt+N668+E71,1.6026295426333703,0.562073,0.48146,2136.22,14.04918,11.60595
2,4,4,Beam 1 (full hypothesis),xii+N565+E206,1.9301540806127597,1.20211,0.1678,1957.03,11.5153,4.7825
2,4,4,Beam 1 (full hypothesis),xii+N565+E131,2.1693337979933136,1.08637,0.1852,1994.09,11.68111,5.05694
2,4,4,Beam 1 (full hypothesis),rgd+N565+E131,1.8590249274735862,0.875354,0.31272,2137.76,16.7205,8.89073
2,4,4,Beam 1 (full hypothesis),rgd+N565+E206,2.0293196357544283,0.987726,0.27868,2016.38,16.93297,8.93223
2,4,4,Beam 1 (full hypothesis),hcp+N565+E131,2.1679511222185455,0.9673,0.24372,2294.67,10.25788,4.3792
2,4,4,Beam 1 (full hypothesis),thp-x+N565+E131,2.0668890806067313,1.06529,0.1863,2164.33,8.76045,4.42085
2,4,4,Beam 1 (full hypothesis),thp-x+N565+E206,2.0946918871671407,1.19245,0.1658,2045.99,8.77984,4.5197
2,4,4,Beam 1 (full hypothesis),hcp+N565+E206,2.0797734214273524,1.08569,0.21916,2162.49,9.27023,4.26872
2,4,4,Beam 1 (full hypothesis),fcu+N565+E206,1.9592080538321839,1.10187,0.18494,2452.82,7.93131,3.73849
2,4,4,Beam 1 (full hypothesis),fcu+N565+E131,1.9442142503430926,0.992798,0.21894,2431.22,7.88192,4.22458
2,4,4,Beam 4 (random baseline),sme+N269+E33,1.3430083279543001,0.352066,0.62896,2088.86,14.14575,10.82845
2,4,4,Beam 4 (random baseline),acs+N173+E98,1.5200665134365952,0.443582,0.59176,2076.88,12.45406,8.66685
2,4,4,Beam 4 (random baseline),vbp+N441+E127,1.380818992326016,0.446235,0.66692,1552.79,19.35305,13.47533
2,4,4,Beam 4 (random baseline),uka+N631+E28,1.1908314888048026,0.115403,0.90034,535.719,40.21311,37.54605
2,4,4,Beam 4 (random baseline),vbw+N591+E92,1.657382255487649,0.455455,0.49878,2252.95,13.68413,8.70611
2,4,4,Beam 4 (random baseline),sqp+N254+E159,1.6026498390539703,0.666742,0.43948,2556.08,9.92475,6.87599
2,4,4,Beam 4 (random baseline),nfc+N335+E160,1.435802046782684,0.333757,0.64206,1843.0,15.01637,9.84542
2,4,4,Beam 4 (random baseline),wje+N32+E24,1.142585813594785,0.217216,0.7898,1217.22,20.19402,18.58305
2,4,4,Beam 4 (random baseline),wgw+N541+E81,1.5620555434294392,0.510389,0.55,2043.42,14.9203,10.36901
2,4,4,Beam 4 (random baseline),wfg+N103+E147,1.5480254023505486,0.407496,0.6163,1765.3,18.04363,16.45005
2,5,5,Beam 1 (full hypothesis),thp-x+N565+E206,1.9355790111517228,1.19294,0.16564,2044.76,8.72409,4.52426
2,5,5,Beam 1 (full hypothesis),hcp+N565+E131,2.0366465641804785,0.967324,0.2437,2293.73,10.25809,4.37953
2,5,5,Beam 1 (full hypothesis),thp-x+N565+E131,1.978826621782087,1.06289,0.18764,2164.53,8.83533,4.47885
2,5,5,Beam 1 (full hypothesis),xii+N565+E206,1.9790134979176077,1.20221,0.16796,1956.97,11.51116,4.78325
2,5,5,Beam 1 (full hypothesis),xii+N565+E131,2.1271813551103653,1.08637,0.1852,1994.09,11.68111,5.05694
2,5,5,Beam 1 (full hypothesis),hcp+N565+E206,1.9405865576980377,1.08569,0.21916,2162.49,9.27023,4.26872
2,5,5,Beam 1 (full hypothesis),fcu+N565+E131,2.0432763573348804,0.992798,0.21894,2431.22,7.88192,4.22458
2,5,5,Beam 1 (full hypothesis),fcu+N565+E206,2.0224055930480858,1.10187,0.18494,2452.82,7.93131,3.73849
2,5,5,Beam 1 (full hypothesis),rgd+N565+E206,1.868938556160669,0.987726,0.27868,2016.38,16.93297,8.93223
2,5,5,Beam 1 (full hypothesis),rgd+N565+E131,1.9888572242606664,0.875354,0.31272,2137.76,16.7205,8.89073
2,5,5,Beam 4 (random baseline),dia-a+N492+E96,1.3936048715953848,0.306139,0.66414,1469.0,24.66495,19.95237
2,5,5,Beam 4 (random baseline),vbo+N657+E64,1.2969224402168367,0.214804,0.76066,1253.08,24.05756,20.833
2,5,5,Beam 4 (random baseline),ecb+N337+E132,1.7958459962387432,1.16006,0.29812,2512.08,12.57993,10.92391
2,5,5,Beam 4 (random baseline),lcs-e+N694+E71,1.743615067059079,0.775702,0.3205,2127.08,12.52347,8.26481
2,5,5,Beam 4 (random baseline),uno+N424+E39,1.612060674050886,0.47681,0.5019,1840.61,25.51306,8.95827
2,5,5,Beam 4 (random baseline),fnh+N391+E141,1.2992163070493392,0.304234,0.72094,1542.79,16.52983,14.88812
2,5,5,Beam 4 (random baseline),snf+N122+E101,1.2204171059489173,0.184708,0.85056,678.069,58.88653,32.0445
2,5,5,Beam 4 (random baseline),wmv+N366+E173,1.599337660465273,0.575054,0.49786,2093.99,18.40774,15.57524
2,5,5,Beam 4 (random baseline),wij+N328+E199,1.5784682585066652,0.325983,0.63146,1763.64,25.56878,25.25994
2,5,5,Beam 4 (random baseline),lta+N27+E206,1.4040878277599937,0.2432,0.77844,1033.52,44.80396,26.32927
2,6,6,Beam 1 (full hypothesis),thp-x+N565+E206,1.817921704052159,1.19245,0.1658,2045.99,8.77984,4.5197
2,6,6,Beam 1 (full hypothesis),xii+N565+E131,2.092585535142839,1.08637,0.1852,1994.09,11.68111,5.05694
2,6,6,Beam 1 (full hypothesis),hcp+N565+E206,1.982128032056365,1.08569,0.21916,2162.49,9.27023,4.26872
2,6,6,Beam 1 (full hypothesis),thp-x+N565+E131,1.8963800466057437,1.06529,0.1863,2164.33,8.76045,4.42085
2,6,6,Beam 1 (full hypothesis),xii+N565+E206,1.8040319239428613,1.20221,0.16796,1956.97,11.51116,4.78325
2,6,6,Beam 1 (full hypothesis),hcp+N565+E131,2.026190489100802,0.967324,0.2437,2293.73,10.25809,4.37953
2,6,6,Beam 1 (full hypothesis),fcu+N565+E131,2.0060707053304374,0.992798,0.21894,2431.22,7.88192,4.22458
2,6,6,Beam 1 (full hypothesis),fcu+N565+E206,2.2438592397760053,1.10187,0.18494,2452.82,7.93131,3.73849
2,6,6,Beam 1 (full hypothesis),rgd+N565+E206,1.952088642141796,0.987726,0.27868,2016.38,16.93297,8.93223
2,6,6,Beam 1 (full hypothesis),rgd+N565+E131,1.9812212610220388,0.875354,0.31272,2137.76,16.7205,8.89073
2,6,6,Beam 4 (random baseline),mer+N359+E35,1.211518849059862,0.0818568,0.89838,580.432,55.12627,37.61087
2,6,6,Beam 4 (random baseline),wlk+N482+E13,1.5909436751976425,0.627449,0.50644,2290.38,15.45406,10.01273
2,6,6,Beam 4 (random baseline),wmh+N481+E138,1.7618298542825854,0.836039,0.37888,2152.93,12.17398,8.01589
2,6,6,Beam 4 (random baseline),osd+N626+E32,1.573710750301382,0.352844,0.59336,1876.66,20.509,13.98929
2,6,6,Beam 4 (random baseline),sny+N613+E37,1.6116823540860294,0.313554,0.69502,1300.18,31.02014,29.63204
2,6,6,Beam 4 (random baseline),ukr+N87+E194,1.1902368581474632,0.0948248,0.89852,550.377,56.04762,45.16397
2,6,6,Beam 4 (random baseline),pyr-e+N182+E156,1.5952206767957033,0.649385,0.55862,1530.73,16.37922,11.80471
2,6,6,Beam 4 (random baseline),vbx+N144+E37,1.4619575946385905,0.84752,0.49574,2297.87,15.04446,7.90694
2,6,6,Beam 4 (random baseline),vda+N476+E29,1.2147075017951474,0.704165,0.70408,1223.63,25.83667,18.2899
2,6,6,Beam 4 (random baseline),vbt+N494+E211,1.7972125409250073,0.623548,0.34524,1957.76,12.43881,10.3015
2,7,7,Beam 1 (full hypothesis),thp-x+N565+E131,2.057521602529277,1.06529,0.1863,2164.33,8.76045,4.42085
2,7,7,Beam 1 (full hypothesis),xii+N565+E131,1.9395022959191637,1.08637,0.1852,1994.09,11.68111,5.05694
2,7,7,Beam 1 (full hypothesis),xii+N565+E206,2.04339018655494,1.20221,0.16796,1956.97,11.51116,4.78325
2,7,7,Beam 1 (full hypothesis),thp-x+N565+E206,1.752913113545923,1.19294,0.16564,2044.76,8.72409,4.52426
2,7,7,Beam 1 (full hypothesis),hcp+N565+E206,2.048580783623964,1.08569,0.21916,2162.49,9.27023,4.26872
2,7,7,Beam 1 (full hypothesis),hcp+N565+E131,2.0820303256179136,0.967324,0.2437,2293.73,10.25809,4.37953
2,7,7,Beam 1 (full hypothesis),fcu+N565+E206,1.9440185649087853,1.10187,0.18494,2452.82,7.93131,3.73849
2,7,7,Beam 1 (full hypothesis),fcu+N565+E131,1.8258287071086439,0.992798,0.21894,2431.22,7.88192,4.22458
2,7,7,Beam 1 (full hypothesis),rgd+N565+E206,1.946824698232039,0.987726,0.27868,2016.38,16.93297,8.93223
2,7,7,Beam 1 (full hypothesis),rgd+N565+E131,2.063777858258384,0.875354,0.31272,2137.76,16.7205,8.89073
2,7,7,Beam 4 (random baseline),unm+N437+E87,1.2928879379750096,0.149335,0.81992,1025.38,24.05322,18.51404
2,7,7,Beam 4 (random baseline),whs+N630+E177,1.5877628582049133,0.425367,0.61162,1775.3,23.38387,22.08985
2,7,7,Beam 4 (random baseline),whr+N646+E86,1.5098426770660296,0.483031,0.60852,1821.81,21.08342,19.60881
2,7,7,Beam 4 (random baseline),und+N90+E134,1.286417726713172,0.185085,0.80516,992.222,30.58037,28.61205
2,7,7,Beam 4 (random baseline),sxe+N278+E187,1.4346904531394953,0.386675,0.6679,1584.79,20.92448,14.05942
2,7,7,Beam 4 (random baseline),wjg+N32+E33,1.1931459698508067,0.211719,0.78442,1285.53,17.86926,13.73486
2,7,7,Beam 4 (random baseline),umx+N304+E195,1.239678197661828,0.263265,0.76132,1285.41,25.71271,23.02852
2,7,7,Beam 4 (random baseline),fnl+N482+E35,1.3877317622644674,0.22132,0.7919,1083.19,25.62956,23.72324
2,7,7,Beam 4 (random baseline),wkl+N309+E224,1.586816994127213,0.338012,0.66752,1567.34,44.57194,43.97191
2,7,7,Beam 4 (random baseline),wiq+N696+E89,2.0360861134843935,1.02326,0.18588,1875.32,9.66697,5.50504
2,8,8,Beam 1 (full hypothesis),hcp+N565+E206,1.9608677201271254,1.08569,0.21916,2162.49,9.27023,4.26872
2,8,8,Beam 1 (full hypothesis),thp-x+N565+E131,2.023938747516865,1.06529,0.1863,2164.33,8.76045,4.42085
2,8,8,Beam 1 (full hypothesis),xii+N565+E206,1.7880384324732808,1.20221,0.16796,1956.97,11.51116,4.78325
2,8,8,Beam 1 (full hypothesis),thp-x+N565+E206,1.853912702228759,1.19245,0.1658,2045.99,8.77984,4.5197
2,8,8,Beam 1 (full hypothesis),xii+N565+E131,2.1507094090260317,1.08637,0.1852,1994.09,11.68111,5.05694
2,8,8,Beam 1 (full hypothesis),fcu+N565+E206,1.7510059980997272,1.10187,0.18494,2452.82,7.93131,3.73849
2,8,8,Beam 1 (full hypothesis),fcu+N565+E131,2.0848252970336394,0.992798,0.21894,2431.22,7.88192,4.22458
2,8,8,Beam 1 (full hypothesis),hcp+N565+E131,2.0643525561520124,0.967324,0.2437,2293.73,10.25809,4.37953
2,8,8,Beam 1 (full hypothesis),rgd+N565+E206,1.844984994620713,0.987726,0.27868,2016.38,16.93297,8.93223
2,8,8,Beam 1 (full hypothesis),rgd+N565+E131,2.0308259578695447,0.875354,0.31272,2137.76,16.7205,8.89073
2,8,8,Beam 4 (random baseline),ukp+N371+E50,1.4169100542330897,0.605659,0.53746,2264.77,12.0912,9.90849
2,8,8,Beam 4 (random baseline),osc+N657+E221,1.554757738546357,0.418269,0.53848,2061.21,14.97271,11.61277
2,8,8,Beam 4 (random baseline),uke+N27+E79,1.660132232408155,0.474532,0.4502,2496.23,11.34269,7.55652
2,8,8,Beam 4 (random baseline),sny+N59+E21,1.369857941519711,0.182484,0.83332,869.443,52.31088,49.86984
2,8,8,Beam 4 (random baseline),whq+N101+E215,1.4745085579724566,0.408153,0.66188,1698.36,26.56916,19.97838
2,8,8,Beam 4 (random baseline),vbn+N85+E9,1.2297015321573124,0.189905,0.82136,1005.92,25.11535,19.77025
2,8,8,Beam 4 (random baseline),wjb+N475+E33,1.5025982420432484,0.254509,0.74486,1277.66,35.2641,31.87254
2,8,8,Beam 4 (random baseline),osd+N362+E104,1.5752426143753484,0.510545,0.52908,2230.04,14.74588,9.686
2,8,8,Beam 4 (random baseline),ums+N87+E120,1.4012225268422958,0.428029,0.5877,1921.98,21.13683,19.89974
2,9,9,Beam 1 (full hypothesis),hcp+N565+E206,2.0396487495298503,1.08569,0.21916,2162.49,9.27023,4.26872
2,9,9,Beam 1 (full hypothesis),thp-x+N565+E206,2.1158345628115782,1.19245,0.1658,2045.99,8.77984,4.5197
2,9,9,Beam 1 (full hypothesis),thp-x+N565+E131,1.7082937581826672,1.06289,0.18764,2164.53,8.83533,4.47885
2,9,9,Beam 1 (full hypothesis),xii+N565+E206,2.0275692557631437,1.20221,0.16796,1956.97,11.51116,4.78325
2,9,9,Beam 1 (full hypothesis),xii+N565+E131,2.0167068411294307,1.08637,0.1852,1994.09,11.68111,5.05694
2,9,9,Beam 1 (full hypothesis),hcp+N565+E131,2.12098084449252,0.9673,0.24372,2294.67,10.25788,4.3792
2,9,9,Beam 1 (full hypothesis),fcu+N565+E206,2.077523435036524,1.10187,0.18494,2452.82,7.93131,3.73849
2,9,9,Beam 1 (full hypothesis),fcu+N565+E131,1.9240771713010645,0.992798,0.21894,2431.22,7.88192,4.22458
2,9,9,Beam 1 (full hypothesis),rgd+N565+E206,1.8641214005606475,0.987726,0.27868,2016.38,16.93297,8.93223
2,9,9,Beam 1 (full hypothesis),rgd+N565+E131,1.982592484398563,0.875354,0.31272,2137.76,16.7205,8.89073
2,9,9,Beam 4 (random baseline),uno+N267+E186,1.456372498097815,0.311895,0.70184,1432.63,21.73961,13.39834
2,9,9,Beam 4 (random baseline),wjf+N219+E104,1.2366322611721023,0.121322,0.8691,718.618,37.17009,36.01604
2,9,9,Beam 4 (random baseline),vbu+N102+E223,1.3386678253676245,0.206107,0.74946,1322.2,24.1359,18.34409
2,9,9,Beam 4 (random baseline),ukm+N534+E165,1.5347862212968992,0.38471,0.6543,1682.29,16.54986,12.9932
2,9,9,Beam 4 (random baseline),wie+N453+E50,1.8940421293728866,1.31473,0.18786,2601.54,6.39969,5.06502
2,9,9,Beam 4 (random baseline),unc+N460+E57,1.1481391206474743,0.156811,0.84044,913.004,35.27247,33.62252
2,9,9,Beam 4 (random baseline),vbr+N167+E204,1.5860717607327663,0.86126,0.4294,2129.46,12.83806,7.5897
2,9,9,Beam 4 (random baseline),afw+N512+E154,1.3593903723112328,0.164497,0.80362,1010.63,23.89294,20.24371
2,9,9,Beam 4 (random baseline),pcl+N73+E166,1.3441665664973468,0.335118,0.7449,1341.85,20.39775,16.88273
2,9,9,Beam 4 (random baseline),wil+N556+E86,1.5735907156409727,0.556891,0.59816,1791.94,22.5095,21.27722
2,10,10,Beam 1 (full hypothesis),thp-x+N565+E206,1.8362472352301384,1.19245,0.1658,2045.99,8.77984,4.5197
2,10,10,Beam 1 (full hypothesis),thp-x+N565+E131,1.9132546832142467,1.06529,0.1863,2164.33,8.76045,4.42085
2,10,10,Beam 1 (full hypothesis),xii+N565+E206,1.8198284475809372,1.20221,0.16796,1956.97,11.51116,4.78325
2,10,10,Beam 1 (full hypothesis),hcp+N565+E206,2.138944554251831,1.08569,0.21916,2162.49,9.27023,4.26872
2,10,10,Beam 1 (full hypothesis),hcp+N565+E131,2.09022174197387,0.9673,0.24372,2294.67,10.25788,4.3792
2,10,10,Beam 1 (full hypothesis),fcu+N565+E206,2.0167655776878863,1.10187,0.18494,2452.82,7.93131,3.73849
2,10,10,Beam 1 (full hypothesis),fcu+N565+E131,1.943383970250376,0.992798,0.21894,2431.22,7.88192,4.22458
2,10,10,Beam 1 (full hypothesis),xii+N565+E131,2.0400592314219117,1.08637,0.1852,1994.09,11.68111,5.05694
2,10,10,Beam 1 (full hypothesis),rgd+N565+E206,1.8892272003699433,0.987726,0.27868,2016.38,16.93297,8.93223
2,10,10,Beam 1 (full hypothesis),rgd+N565+E131,2.046232837707784,0.875354,0.31272,2137.76,16.7205,8.89073
2,10,10,Beam 4 (random baseline),vmi+N289+E179,1.4793728749799502,0.38717,0.6779,1524.52,20.14421,18.3498
2,10,10,Beam 4 (random baseline),kfi+N68+E97,1.218202342429713,0.081983,0.90002,557.324,70.46238,36.19382
2,10,10,Beam 4 (random baseline),umh+N194+E219,1.248982867554327,0.127613,0.83904,913.729,29.42623,22.90519
2,10,10,Beam 4 (random baseline),son+N453+E13,1.7714956484663709,0.981947,0.33576,2672.79,9.48182,6.90572
2,10,10,Beam 4 (random baseline),dei+N420+E10,1.1585742240802648,0.0845051,0.92622,431.055,58.10692,42.84082
2,10,10,Beam 4 (random baseline),wmy+N311+E145,1.5036341148617411,0.665746,0.5422,2060.79,14.10887,10.85008
2,10,10,Beam 4 (random baseline),ukf+N513+E9,1.143395352133296,0.0951935,0.89532,556.671,42.30597,29.145
2,10,10,Beam 4 (random baseline),smv+N105+E233,1.474568367792926,0.433934,0.65816,1597.18,36.58063,34.53817
2,10,10,Beam 4 (random baseline),nfb+N387+E61,1.17980225782261,0.179359,0.84364,852.353,55.06624,20.35154
2,10,10,Beam 4 (random baseline),sxd+N324+E73,1.91805192585751,1.34119,0.19638,2427.44,6.76711,4.00089
3,1,1,Beam 1 (full hypothesis),sol+N9+E186,1.7320514542324121,0.992824,0.25498,2772.91,8.68764,4.8419
3,1,1,Beam 1 (full hypothesis),wmg+N14+E228,1.5078021693583574,0.812307,0.5269,1728.16,21.57551,16.52769
3,1,1,Beam 1 (full hypothesis),sxa+N9+E186,1.6387701921382827,1.10211,0.16706,3115.62,5.7005,3.57516
3,1,1,Beam 1 (full hypothesis),reo-e+N14+E228,1.4514140662637287,0.858305,0.49924,1862.21,25.53269,7.35217
3,1,1,Beam 1 (full hypothesis),lcv-e+N9+E228,1.3793575367481383,0.575255,0.64356,1044.41,24.47327,21.20193
3,1,1,Beam 1 (full hypothesis),wir+N15+E186,1.4624658866846523,0.709203,0.56646,1724.47,17.16411,11.97912
3,1,1,Beam 1 (full hypothesis),wkf+N9+E186,1.6685342552446505,0.839114,0.37568,2413.86,12.50474,9.2117
3,1,1,Beam 1 (full hypothesis),sxo+N14+E228,1.320734419999736,0.728036,0.60004,1253.08,24.77245,21.53008
3,1,1,Beam 1 (full hypothesis),wie+N9+E228,1.605104680907611,1.17485,0.24986,2029.33,9.5748,6.78861
3,1,1,Beam 1 (full hypothesis),sxo+N15+E228,1.3159157562586414,0.801979,0.56328,1326.9,22.24732,18.97163
3,1,1,Beam 2 (chemistry),whm+N15+E228,1.4824498371921597,0.773363,0.55608,1581.81,20.09214,18.79014
3,1,1,Beam 2 (chemistry),vbw+N9+E228,1.413615173403812,0.830504,0.4184,2166.59,13.09873,7.65745
3,1,1,Beam 2 (chemistry),wmd+N15+E228,1.522897640432345,1.0946,0.3874,2018.17,14.35082,12.32255
3,1,1,Beam 2 (chemistry),wma+N9+E186,1.7661150301042625,1.15548,0.23572,1971.35,8.69906,6.45095
3,1,1,Beam 2 (chemistry),wgy+N15+E228,1.4962798908851325,1.08981,0.3867,1887.38,16.82398,13.63635
3,1,1,Beam 2 (chemistry),wkr+N9+E186,1.449832463040013,0.703123,0.51216,1452.61,25.19018,23.11948
3,1,1,Beam 2 (chemistry),sxq+N15+E186,1.6248005022657814,1.00477,0.4398,1837.36,13.07571,9.96676
3,1,1,Beam 2 (chemistry),wmd+N9+E228,1.4628871170307378,1.1895,0.2418,2008.21,9.80142,7.5015
3,1,1,Beam 2 (chemistry),wki+N15+E228,1.4721885013490732,0.857259,0.51208,1788.73,15.26326,12.29393
3,1,1,Beam 2 (chemistry),soj+N9+E228,1.6513541441988648,1.25075,0.22836,2086.18,8.2705,6.89712
3,1,1,Beam 3 (metal only),vda+N9+E209,1.3584006932059307,0.380708,0.62202,1874.32,15.51084,11.31085
3,1,1,Beam 3 (metal only),sxo+N15+E132,1.3222551490325811,0.771098,0.58406,1357.16,22.28749,19.1957
3,1,1,Beam 3 (metal only),wio+N9+E25,1.884989052662455,1.04,0.21398,2116.39,9.26831,5.46677
3,1,1,Beam 3 (metal only),smu+N14+E18,1.5185765981608514,0.816818,0.48342,1988.28,13.17937,9.48834
3,1,1,Beam 3 (metal only),hxg+N9+E96,1.769575796740299,0.921496,0.23778,2427.8,7.43421,5.17425
3,1,1,Beam 3 (metal only),vmf+N9+E81,1.633840380246714,0.575961,0.48744,2248.21,13.35699,9.12945
3,1,1,Beam 3 (metal only),wit+N15+E24,1.3385651956779,0.567864,0.60964,1702.88,17.29817,11.49651
3,1,1,Beam 3 (metal only),lcy-e+N9+E182,1.5317056739390207,0.916544,0.38478,2274.72,10.53523,8.20285
3,1,1,Beam 3 (metal only),why+N14+E18,1.2079451851357061,0.774143,0.49716,2030.49,12.7475,11.2862
3,1,1,Beam 3 (metal only),vbt+N9+E23,1.3842618649867648,0.389115,0.64008,1818.0,18.37514,15.98295
3,1,1,Beam 4 (random baseline),pcu-g+N321+E159,1.2934449229887055,0.0961321,0.87432,603.559,38.354,31.34535
3,1,1,Beam 4 (random baseline),sxf+N278+E78,1.5356663114098235,0.375122,0.67448,1609.65,20.21465,12.30691
3,1,1,Beam 4 (random baseline),vbw+N691+E138,1.5543856394510174,0.883649,0.40324,2402.36,13.85135,5.88959
3,1,1,Beam 4 (random baseline),snw+N659+E53,1.451915032102123,0.620095,0.5621,2047.37,13.88482,12.23676
3,1,1,Beam 4 (random baseline),unb+N52+E113,1.5000437496813197,0.181169,0.83408,834.34,38.56037,24.79301
3,1,1,Beam 4 (random baseline),msw+N309+E199,1.6957439193264592,0.747759,0.36328,2801.01,8.75603,7.20872
3,1,1,Beam 4 (random baseline),sno+N638+E190,1.4140511831371179,0.275116,0.70874,1416.54,34.56716,32.80719
3,1,1,Beam 4 (random baseline),wiv+N59+E188,1.5684213051247915,0.52356,0.50642,2385.58,14.08607,9.01602
3,1,1,Beam 4 (random baseline),pcu-h+N682+E14,1.7418973080897442,1.68992,0.31668,1565.72,12.18264,11.8539
3,1,1,Beam 4 (random baseline),wmk+N481+E158,1.511982326960241,0.839003,0.40778,2191.59,14.73246,7.72044
3,2,2,Beam 1 (full hypothesis),sxf+N9+E48,1.7604183681241303,1.0115,0.22388,2328.03,9.03758,4.51627
3,2,2,Beam 1 (full hypothesis),kag+N9+E48,1.834041760706606,0.989385,0.19246,2491.61,6.54028,5.88991
3,2,2,Beam 1 (full hypothesis),sxg+N9+E48,1.7351964954246606,0.94337,0.26948,2238.5,10.28521,5.62872
3,2,2,Beam 1 (full hypothesis),hxg+N9+E61,1.70748530019656,0.823139,0.29322,2293.67,10.04117,6.21248
3,2,2,Beam 1 (full hypothesis),whp+N9+E48,1.6889842487789228,0.920989,0.25488,2410.76,9.61369,5.48645
3,2,2,Beam 1 (full hypothesis),vbu+N9+E48,1.8408936380064846,0.981998,0.2411,2336.12,8.25147,5.16053
3,2,2,Beam 1 (full hypothesis),sda+N9+E181,1.7365215387889545,0.834972,0.29586,2682.73,7.8588,6.29885
3,2,2,Beam 1 (full hypothesis),osc+N9+E95,1.689844630990675,0.957575,0.29958,2265.79,10.64207,6.55094
3,2,2,Beam 1 (full hypothesis),acs+N9+E149,1.8148023355497456,0.923525,0.27462,2726.89,7.54849,4.89723
3,2,2,Beam 1 (full hypothesis),wna+N9+E48,1.8276684200730435,1.07863,0.18762,2189.83,10.34326,4.2821
3,2,2,Beam 2 (chemistry),whw+N9+E84,1.9352796504881673,1.09694,0.20382,1890.29,9.24889,6.17025
3,2,2,Beam 2 (chemistry),whd+N9+E84,1.6804918144695156,0.836358,0.35216,1674.57,17.71095,13.3941
3,2,2,Beam 2 (chemistry),whm+N9+E40,1.499468346220985,0.317371,0.69512,1460.37,27.06092,23.83266
3,2,2,Beam 2 (chemistry),sxe+N9+E40,1.590202228657009,0.341005,0.67088,1574.23,21.31861,13.39718
3,2,2,Beam 2 (chemistry),vbq+N9+E95,1.8914995676151483,1.16437,0.19802,2254.26,8.0884,5.14286
3,2,2,Beam 2 (chemistry),vmi+N9+E84,1.8418074357203371,0.965229,0.25274,1961.95,10.46974,7.52255
3,2,2,Beam 2 (chemistry),sxo+N9+E149,1.627110540381555,0.975455,0.35806,1694.24,13.07453,9.88326
3,2,2,Beam 2 (chemistry),sxo+N9+E25,1.7213065493687136,0.949615,0.30788,1841.97,12.26054,7.99784
3,2,2,Beam 2 (chemistry),smm+N9+E85,1.8188523875914955,0.797237,0.3397,2400.76,10.85508,10.14283
3,2,2,Beam 2 (chemistry),whx+N9+E11,1.7486479623981261,0.600339,0.46754,2294.68,11.86997,9.66208
3,2,2,Beam 3 (metal only),snq+N9+E165,1.6835518582847364,0.992681,0.20706,1854.12,10.28525,9.55911
3,2,2,Beam 3 (metal only),lcy-e+N9+E12,1.2830441526949845,0.266182,0.735,1391.44,22.87432,18.82964
3,2,2,Beam 3 (metal only),wko+N9+E38,1.3006574449760275,0.431907,0.63178,1866.12,16.04902,15.19382
3,2,2,Beam 3 (metal only),ske+N9+E184,1.8195384333759914,1.16358,0.1263,1877.31,6.62408,5.68746
3,2,2,Beam 3 (metal only),snb+N9+E204,1.5608897822429526,0.658251,0.58884,1250.73,26.79219,19.74244
3,2,2,Beam 3 (metal only),wii+N9+E3,1.5251729179821008,0.37554,0.65414,1667.45,23.86044,22.92172
3,2,2,Beam 3 (metal only),wmn+N9+E165,2.068036748657308,1.1539,0.16766,1755.51,10.08739,7.2565
3,2,2,Beam 3 (metal only),wij+N9+E40,1.4600385152056705,0.298322,0.71398,1359.45,32.64594,31.82941
3,2,2,Beam 3 (metal only),vmd+N9+E73,1.6035151993678272,0.811668,0.3777,2156.8,10.94591,9.82801
3,2,2,Beam 3 (metal only),vcc+N9+E222,1.33543678856755,0.457931,0.56142,2211.3,15.1482,9.25598
3,2,2,Beam 4 (random baseline),whe+N269+E108,1.6914889733047054,0.561257,0.47864,2240.23,18.80737,10.98045
3,2,2,Beam 4 (random baseline),whn+N576+E160,1.572140333485458,0.688503,0.49348,2157.41,15.30986,11.54956
3,2,2,Beam 4 (random baseline),wmv+N392+E63,1.509211573627085,0.450567,0.58486,2097.68,17.84021,12.30453
3,2,2,Beam 4 (random baseline),sny+N576+E177,1.6383391336926396,0.284515,0.76884,1024.62,48.15047,47.42
3,2,2,Beam 4 (random baseline),wkr+N559+E22,1.2953563437824214,0.160828,0.81708,1010.49,44.11298,42.97203
3,2,2,Beam 4 (random baseline),vcm+N284+E147,1.6654971638875788,0.483165,0.5032,2305.93,13.10709,11.10688
3,2,2,Beam 4 (random baseline),ato+N50+E29,1.2498914350710388,0.130565,0.84024,858.965,43.25581,41.925
3,2,2,Beam 4 (random baseline),vmi+N59+E120,1.5415765004964752,0.674902,0.49264,2146.03,12.14693,9.92873
3,2,2,Beam 4 (random baseline),ulh+N417+E175,1.5007795992209205,0.464302,0.68228,1659.17,23.0338,15.25005
3,2,2,Beam 4 (random baseline),neb+N398+E167,1.5474154650476428,0.524956,0.43824,2569.35,10.76067,8.22994
3,3,3,Beam 1 (full hypothesis),wmj+N559+E226,1.9342649892819472,0.996362,0.10398,1842.33,7.18109,4.07645
3,3,3,Beam 1 (full hypothesis),whb+N559+E95,1.6435605603895072,0.731915,0.31842,2458.78,11.1484,7.54182
3,3,3,Beam 1 (full hypothesis),whn+N559+E95,1.7890142827988784,0.945137,0.19664,2237.2,7.99691,4.61631
3,3,3,Beam 1 (full hypothesis),osa+N559+E226,1.6829224511039542,0.9821,0.1141,1944.12,6.58848,4.54599
3,3,3,Beam 1 (full hypothesis),bcs+N9+E11,1.7311631474615146,0.903607,0.2575,2510.76,8.91264,4.88424
3,3,3,Beam 1 (full hypothesis),snl+N9+E18,1.7230867775537635,0.890079,0.2669,2909.32,8.04916,5.47915
3,3,3,Beam 1 (full hypothesis),vmd+N9+E95,1.7162787288882053,0.99026,0.29044,2186.32,10.00862,7.07359
3,3,3,Beam 1 (full hypothesis),who+N9+E81,1.8028035899361317,0.765932,0.34236,2550.09,9.27357,5.88595
3,3,3,Beam 1 (full hypothesis),wgv+N9+E84,1.8850623129200474,0.949947,0.25154,2087.69,10.18695,6.25192
3,3,3,Beam 2 (chemistry),wij+N9+E11,1.5606946211161572,0.410959,0.63442,1598.49,27.31786,26.40044
3,3,3,Beam 2 (chemistry),snh+N9+E81,1.8051351300802365,0.797127,0.3359,2472.13,11.48548,6.30156
3,3,3,Beam 2 (chemistry),sol+N9+E202,1.7912363976999661,0.994821,0.24228,2975.24,7.7277,4.28422
3,3,3,Beam 2 (chemistry),wkm+N9+E165,1.6656669249255849,0.834736,0.36554,1636.22,21.17874,20.26419
3,3,3,Beam 2 (chemistry),wmw+N559+E18,1.613163985163697,0.542985,0.45348,2116.44,13.34916,11.36632
3,3,3,Beam 2 (chemistry),smb+N9+E47,1.4467445331410573,0.293678,0.7135,1419.2,23.39331,14.46714
3,3,3,Beam 2 (chemistry),snl+N559+E40,1.4109377946649377,0.301004,0.63376,1865.18,15.70516,11.3638
3,3,3,Beam 2 (chemistry),smj+N9+E211,1.6813307027481834,0.627573,0.43608,1957.17,15.80293,12.96789
3,3,3,Beam 2 (chemistry),wil+N9+E177,1.6745180088327738,0.689216,0.38176,2210.86,15.56962,13.95601
3,3,3,Beam 2 (chemistry),wif+N559+E47,1.6898031135625762,0.782751,0.24628,1807.96,11.93886,9.85634
3,3,3,Beam 3 (metal only),sxn+N9+E61,1.5175464141963217,0.284443,0.72652,1215.84,31.58345,21.54954
3,3,3,Beam 3 (metal only),vmh+N9+E45,1.537019564312474,0.752781,0.4509,2318.98,10.05997,8.60274
3,3,3,Beam 3 (metal only),wks+N9+E63,1.7798826436190598,0.945845,0.31718,2264.94,10.63065,7.76416
3,3,3,Beam 3 (metal only),sxg+N559+E181,1.4163752949907134,0.366637,0.56998,2106.95,16.33357,9.72088
3,3,3,Beam 3 (metal only),sol+N9+E176,1.4908104857144389,0.49495,0.5254,2325.55,12.84269,8.24801
3,3,3,Beam 3 (metal only),whn+N559+E184,2.0903487264310847,0.910391,0.15578,2147.34,8.05724,4.65058
3,3,3,Beam 3 (metal only),vbm+N559+E165,2.151972128407945,0.763997,0.1921,2460.98,8.40175,5.43441
3,3,3,Beam 3 (metal only),vbn+N559+E130,1.6009946449257138,0.411025,0.5212,2115.46,13.09265,9.81056
3,3,3,Beam 3 (metal only),wmw+N9+E104,1.5030282120698983,0.454186,0.60462,1912.83,17.96062,14.71324
3,3,3,Beam 3 (metal only),sxq+N9+E219,1.5515939211537229,0.602231,0.43282,2485.34,12.70711,7.38616
3,3,3,Beam 4 (random baseline),wmy+N400+E194,1.1886763833212945,0.245071,0.82572,936.333,28.5415,24.85456
3,3,3,Beam 4 (random baseline),kfi+N68+E61,1.2086915726630048,0.109962,0.8731,702.281,64.11712,30.98277
3,3,3,Beam 4 (random baseline),vcz+N49+E209,1.526530535583159,0.436403,0.56708,2013.05,13.71845,10.77464
3,3,3,Beam 4 (random baseline),wil+N457+E96,1.5264960702342092,0.281017,0.73496,1406.15,25.6187,22.92174
3,3,3,Beam 4 (random baseline),wil+N123+E142,1.7081531167630108,0.812211,0.41076,2312.47,13.1281,10.82133
3,3,3,Beam 4 (random baseline),uoy+N317+E137,1.440801518183025,0.340518,0.65042,1572.78,17.0311,13.00491
3,3,3,Beam 4 (random baseline),reo-e+N49+E188,1.671846230003693,0.49338,0.5115,2039.2,22.73863,8.3259
3,3,3,Beam 4 (random baseline),sxp+N179+E13,1.6027530815478541,0.802716,0.41392,2312.94,12.53518,8.52428
3,3,3,Beam 4 (random baseline),snm+N287+E96,1.4400056405411854,0.395963,0.64712,1736.5,21.52259,19.99046
3,3,3,Beam 4 (random baseline),uli+N109+E34,1.386392620797933,0.137434,0.86154,758.572,40.41953,26.36316
3,4,4,Beam 1 (full hypothesis),ske+N559+E84,1.9088394530663246,0.767914,0.19748,2605.44,7.77607,4.92292
3,4,4,Beam 1 (full hypothesis),vmg+N559+E165,2.1070990468603235,0.746676,0.21968,2400.9,8.41954,4.81457
3,4,4,Beam 1 (full hypothesis),wiu+N559+E84,2.044623560616415,0.826441,0.1759,2334.2,7.88647,4.45732
3,4,4,Beam 1 (full hypothesis),snw+N559+E84,1.7963018980610248,0.815382,0.19834,2315.06,8.03759,5.61166
3,4,4,Beam 1 (full hypothesis),wib+N559+E165,1.8936148592889057,0.815176,0.18128,2207.95,7.7908,4.8496
3,4,4,Beam 1 (full hypothesis),skd+N559+E85,1.8356271456281124,0.743581,0.22756,2781.52,7.60454,4.7953
3,4,4,Beam 1 (full hypothesis),wid+N559+E85,1.9805606892833627,0.803739,0.21742,2414.23,8.27906,4.8376
3,4,4,Beam 1 (full hypothesis),wma+N559+E165,2.048852481861197,0.881053,0.18594,1829.14,8.90336,5.42886
3,4,4,Beam 2 (chemistry),vbr+N559+E224,1.49530242909481,0.351651,0.59628,1822.43,18.11931,14.05285
3,4,4,Beam 2 (chemistry),vmf+N559+E179,1.3867514861235697,0.332117,0.63212,1722.67,17.33444,14.94701
3,4,4,Beam 2 (chemistry),win+N559+E163,1.6101838528566468,0.337087,0.66416,1460.47,26.76653,25.01609
3,4,4,Beam 2 (chemistry),wko+N559+E113,1.3145747218112853,0.316359,0.64408,1645.11,20.14883,18.00407
3,4,4,Beam 2 (chemistry),wnb+N559+E85,1.6716848358558447,0.495842,0.48376,1948.17,16.15424,11.1508
3,4,4,Beam 2 (chemistry),vbn+N559+E64,1.3546986541963661,0.197866,0.75668,1281.86,23.15495,18.38336
3,4,4,Beam 2 (chemistry),wih+N559+E4,1.3364122494792416,0.192027,0.75686,1383.46,34.78682,34.36316
3,4,4,Beam 2 (chemistry),wna+N559+E145,1.3846591709837308,0.509083,0.5523,2052.9,19.68528,8.39706
3,4,4,Beam 2 (chemistry),whk+N559+E224,1.4169056305420322,0.346907,0.59754,1833.24,19.84266,11.19087
3,4,4,Beam 2 (chemistry),wgz+N559+E47,1.6261870577090214,0.2376,0.72204,1363.02,29.43775,14.83017
3,4,4,Beam 3 (metal only),snk+N559+E13,1.801442017166666,0.64252,0.34726,2773.71,9.51606,5.85607
3,4,4,Beam 3 (metal only),sxf+N559+E87,1.5294102046601428,0.29876,0.634,1695.58,20.71118,12.4673
3,4,4,Beam 3 (metal only),whq+N559+E64,1.39804962888698,0.182516,0.7785,1168.16,31.41492,26.99544
3,4,4,Beam 3 (metal only),whd+N559+E61,1.4659934779461719,0.265729,0.69394,1427.67,28.43451,24.85784
3,4,4,Beam 3 (metal only),wip+N559+E112,1.4942169300367103,0.285971,0.679,1391.43,20.89827,19.50026
3,4,4,Beam 3 (metal only),whk+N559+E18,1.6817488464654597,0.523675,0.459,2207.97,15.32982,7.71527
3,4,4,Beam 3 (metal only),wij+N559+E27,1.4234016802278011,0.4347,0.57348,2032.52,20.09474,19.87762
3,4,4,Beam 3 (metal only),sny+N559+E150,1.4670496521886447,0.230539,0.74144,1130.92,41.35327,39.73338
3,4,4,Beam 3 (metal only),smu+N559+E217,1.9437596075001564,0.783383,0.16662,2083.74,7.99538,4.59641
3,4,4,Beam 3 (metal only),vca+N559+E189,1.3885043363980472,0.368427,0.59212,1836.69,17.27196,12.59786
3,4,4,Beam 4 (random baseline),pcb+N330+E64,1.2598526803397638,0.0961462,0.8814,637.105,36.93852,31.71772
3,4,4,Beam 4 (random baseline),uol+N282+E223,1.242508791085388,0.0870666,0.8891,630.079,33.48177,31.28364
3,4,4,Beam 4 (random baseline),sod-a+N603+E179,1.3801084972440472,0.118402,0.87784,516.348,65.57751,38.31809
3,4,4,Beam 4 (random baseline),sxh+N479+E148,1.3613543843244658,0.402823,0.63454,1897.22,18.55495,10.75153
3,4,4,Beam 4 (random baseline),sxe+N122+E145,1.2490697776739874,0.272714,0.8055,846.047,35.07667,24.05519
3,4,4,Beam 4 (random baseline),lcy+N702+E34,1.5182198298275098,0.265074,0.6892,1601.61,18.63426,13.82614
3,4,4,Beam 4 (random baseline),sxe+N657+E215,1.588601530757271,0.358754,0.62258,1786.83,18.09803,12.08385
3,4,4,Beam 4 (random baseline),wmr+N162+E138,1.7583549688429387,0.424523,0.5974,1560.18,35.4175,34.07131
3,4,4,Beam 4 (random baseline),kfi+N44+E104,1.37065158894309,0.141002,0.84666,779.325,60.64574,34.81421
3,4,4,Beam 4 (random baseline),nfc+N76+E61,1.5190194150493224,0.40133,0.61396,1631.22,18.9522,12.4649
3,5,5,Beam 1 (full hypothesis),msw+N559+E137,1.9111373329207326,0.680577,0.21274,2455.06,7.41177,4.65724
3,5,5,Beam 1 (full hypothesis),wmc+N559+E25,1.8416321570336909,0.721521,0.2452,2638.37,7.78518,5.44238
3,5,5,Beam 1 (full hypothesis),wmx+N559+E84,1.904891794488076,0.854163,0.21908,2027.86,9.50631,5.38134
3,5,5,Beam 1 (full hypothesis),whb+N559+E167,1.7880501705772711,0.700377,0.21448,2111.99,9.38098,4.7257
3,5,5,Beam 1 (full hypothesis),pyr-e+N559+E167,1.8382082470713588,0.747915,0.2229,1950.34,9.20039,5.75635
3,5,5,Beam 1 (full hypothesis),skd+N559+E85,1.9424226851387862,0.743581,0.22756,2781.52,7.60454,4.7953
3,5,5,Beam 1 (full hypothesis),snl+N559+E84,2.011589444873683,0.746733,0.22022,2465.91,8.43679,4.55841
3,5,5,Beam 1 (full hypothesis),wiu+N559+E48,1.930042095047428,0.7786,0.20752,2478.68,8.07737,5.10995
3,5,5,Beam 1 (full hypothesis),vbm+N559+E48,1.860657812032531,0.727284,0.21398,2805.29,8.24427,4.88346
3,5,5,Beam 1 (full hypothesis),vbm+N559+E165,2.003146592717807,0.778699,0.18184,2408.48,8.1087,4.45769
3,5,5,Beam 2 (chemistry),wky+N559+E25,1.7435660390784147,0.592452,0.37356,2392.39,11.3938,9.11782
3,5,5,Beam 2 (chemistry),snf+N559+E188,1.7092686507111876,0.261056,0.70098,1205.94,34.35005,18.81013
3,5,5,Beam 2 (chemistry),whn+N559+E87,1.4566610963727684,0.352241,0.57256,1953.63,16.04744,11.63006
3,5,5,Beam 2 (chemistry),vbx+N559+E221,1.5608035583701103,0.377292,0.55028,1855.96,19.21086,12.21325
3,5,5,Beam 2 (chemistry),wky+N559+E226,1.9422254621212192,1.00999,0.12458,1812.76,8.57347,7.2198
3,5,5,Beam 2 (chemistry),sxi+N559+E188,1.5943144689423925,0.314469,0.63152,1630.63,19.85562,15.27431
3,5,5,Beam 2 (chemistry),vmj+N559+E165,1.927340128567777,0.732758,0.28968,2005.95,11.38756,7.79075
3,5,5,Beam 2 (chemistry),whd+N559+E152,1.4152896920834916,0.206682,0.72698,1409.58,28.48095,21.40285
3,5,5,Beam 3 (metal only),sng+N559+E107,1.5497201653514896,0.250577,0.71046,1339.32,31.68553,17.3379
3,5,5,Beam 3 (metal only),whe+N559+E98,1.5995843773913303,0.248445,0.70462,1422.7,27.6621,21.99232
3,5,5,Beam 3 (metal only),sxp+N559+E12,1.3923819018124293,0.241123,0.69102,1645.91,19.13911,13.09145
3,5,5,Beam 3 (metal only),smg+N559+E154,1.53783629697345,0.337744,0.60606,1819.98,18.29298,14.8468
3,5,5,Beam 3 (metal only),wha+N559+E136,1.4295723400136984,0.403658,0.5554,2071.67,14.40906,9.67749
3,5,5,Beam 3 (metal only),smr+N559+E29,1.6158153733065166,0.554309,0.44422,2220.37,14.8793,13.25816
3,5,5,Beam 3 (metal only),vby+N559+E21,1.2384985619101905,0.242278,0.70184,1591.45,18.75628,14.35609
3,5,5,Beam 3 (metal only),vbn+N559+E107,1.4669869933023778,0.281081,0.66882,1653.44,18.03148,14.05826
3,5,5,Beam 3 (metal only),sxp+N559+E19,1.8209445509511868,0.676847,0.30036,2481.48,8.46961,5.44195
3,5,5,Beam 3 (metal only),vbm+N559+E81,1.6177277127236631,0.442706,0.49342,2379.57,12.52911,8.28527
3,5,5,Beam 4 (random baseline),wfj+N544+E128,1.8255571714616923,1.03027,0.20558,2252.0,8.42323,5.34111
3,5,5,Beam 4 (random baseline),vcz+N354+E16,1.7849462609834676,0.988169,0.31764,2417.19,9.32452,7.14011
3,5,5,Beam 4 (random baseline),sxq+N36+E149,1.7489266206708634,0.941385,0.35136,2323.53,11.38847,6.9285
3,5,5,Beam 4 (random baseline),wii+N638+E85,1.551952349005978,0.377102,0.6735,1511.81,28.43265,26.78459
3,5,5,Beam 4 (random baseline),ukg+N460+E156,1.186768452053758,0.143488,0.84388,860.612,27.28921,22.12106
3,5,5,Beam 4 (random baseline),cdl+N409+E11,1.4486210374707926,0.416853,0.61006,2108.98,12.43946,9.57927
3,5,5,Beam 4 (random baseline),rhr+N417+E20,1.2088047717607193,0.129148,0.8777,693.694,49.93201,22.66495
3,5,5,Beam 4 (random baseline),qdl+N623+E142,1.4574690410495157,0.481457,0.52898,2508.72,9.74372,7.48708
3,5,5,Beam 4 (random baseline),unw+N524+E64,1.1927661761525172,0.0875322,0.89942,556.846,59.06233,31.45924
3,5,5,Beam 4 (random baseline),sda+N394+E73,1.9343615856621441,1.46046,0.10024,2417.96,5.12007,3.29405
3,6,6,Beam 1 (full hypothesis),snw+N533+E18,1.8763075763614008,0.861142,0.24512,2329.48,7.35473,6.36291
3,6,6,Beam 1 (full hypothesis),acs+N533+E165,2.2674942286995883,1.00434,0.1553,1714.82,7.6851,6.38689
3,6,6,Beam 1 (full hypothesis),vby+N9+E165,2.1770291647553597,1.09129,0.14694,2264.08,6.81891,4.59712
3,6,6,Beam 1 (full hypothesis),vbn+N9+E165,1.8846338775178086,0.997287,0.21972,2144.33,7.91289,5.52128
3,6,6,Beam 1 (full hypothesis),ecl+N543+E18,1.9578058521306774,0.973498,0.19226,2308.5,7.69073,6.0826
3,6,6,Beam 1 (full hypothesis),vmk+N643+E18,1.9372862967744315,1.06648,0.2094,2554.04,7.25491,4.4359
3,6,6,Beam 1 (full hypothesis),unm+N310+E165,1.9600485833631354,0.733151,0.27644,2769.88,8.36916,5.58813
3,6,6,Beam 1 (full hypothesis),vby+N9+E18,1.7511258277045412,0.924829,0.2437,2898.3,8.77509,5.40548
3,6,6,Beam 1 (full hypothesis),ecl+N348+E151,1.892038304845145,1.02915,0.2183,2316.02,9.01398,5.38583
3,6,6,Beam 2 (chemistry),wmp+N341+E18,1.7100788187133116,0.595729,0.51456,1802.26,29.79272,28.77879
3,6,6,Beam 2 (chemistry),eta+N216+E18,1.2954749753802506,0.140102,0.84974,767.628,41.98628,36.74654
3,6,6,Beam 2 (chemistry),wkf+N9+E18,1.675147266738363,0.842661,0.3327,2382.65,11.2017,9.005
3,6,6,Beam 2 (chemistry),vbb+N68+E4,1.1740306438334729,0.166467,0.80692,1144.58,25.33046,19.07374
3,6,6,Beam 2 (chemistry),umy+N310+E151,1.4218864147019117,0.324048,0.65426,1653.98,15.31854,13.65413
3,6,6,Beam 2 (chemistry),ecj+N357+E165,2.1862551932647274,0.967656,0.14296,2015.72,7.72201,5.37699
3,6,6,Beam 2 (chemistry),wih+N9+E4,1.31925268702124,0.254689,0.74462,1411.59,34.86998,33.63989
3,6,6,Beam 2 (chemistry),lcy-a+N68+E165,1.6906869294109466,0.282579,0.7178,1176.0,26.29474,22.12334
3,6,6,Beam 2 (chemistry),vbw+N533+E151,1.7081047606694792,0.561022,0.41782,2202.65,13.06338,7.78955
3,6,6,Beam 3 (metal only),whn+N240+E44,1.4667976201959236,1.0012,0.07798,1887.76,5.49902,2.71372
3,6,6,Beam 3 (metal only),lcx+N348+E149,2.1095728018770172,1.3806,0.17016,1825.23,9.80127,3.86316
3,6,6,Beam 3 (metal only),eck+N132+E182,1.4667372621189319,1.16608,0.37322,1614.1,14.70951,13.62635
3,6,6,Beam 3 (metal only),wmf+N9+E22,1.290019410944503,0.314123,0.70998,1602.9,21.3278,12.7566
3,6,6,Beam 3 (metal only),wmh+N341+E95,1.6909247971542345,0.909103,0.33238,2124.98,11.82543,8.62201
3,6,6,Beam 3 (metal only),mok+N310+E13,1.7895046843499232,0.780513,0.29648,3225.83,7.1216,6.06027
3,6,6,Beam 3 (metal only),uno+N515+E98,1.3565363801653414,0.116479,0.86042,761.108,34.99719,25.13925
3,6,6,Beam 3 (metal only),wmf+N9+E201,1.5016892737541294,0.6666,0.43334,2350.73,14.28375,7.33001
3,6,6,Beam 3 (metal only),osb+N372+E98,1.7182165005815944,0.423326,0.53676,2089.68,16.55228,11.79116
3,6,6,Beam 3 (metal only),sxa+N533+E43,1.8103920858483307,0.917043,0.16084,2472.42,6.36964,4.37643
3,6,6,Beam 4 (random baseline),vmj+N328+E43,1.7355556456989634,0.526411,0.47698,1998.84,14.16244,11.84181
3,6,6,Beam 4 (random baseline),uog+N539+E215,1.23894898845041,0.235009,0.76298,1274.18,21.18537,17.63386
3,6,6,Beam 4 (random baseline),wmf+N384+E155,1.5698861703005862,0.599627,0.61126,1772.77,19.95077,10.66818
3,6,6,Beam 4 (random baseline),acs+N555+E219,1.3930642472434511,0.594307,0.49696,2539.67,10.16291,8.27008
3,6,6,Beam 4 (random baseline),fcu+N53+E23,1.6004653936780768,0.586934,0.44582,2609.73,10.75513,6.17679
3,6,6,Beam 4 (random baseline),mdf+N113+E110,1.4528933560280646,0.479869,0.5375,2480.62,12.35913,10.79547
3,6,6,Beam 4 (random baseline),whv+N681+E216,1.4522610532392362,0.408379,0.64476,1767.62,17.95019,13.08482
3,6,6,Beam 4 (random baseline),vct+N138+E234,1.5220197220852327,0.415622,0.6219,1802.91,19.81623,16.63688
3,6,6,Beam 4 (random baseline),uki+N454+E149,1.3304602141133628,0.320951,0.74998,1255.2,22.60638,17.0471
3,7,7,Beam 1 (full hypothesis),ecl+N348+E73,1.7816554806327876,1.19695,0.19052,2311.33,8.03745,4.69952
3,7,7,Beam 1 (full hypothesis),wmz+N9+E151,2.019716090681484,1.06448,0.16502,2059.23,7.5579,5.02023
3,7,7,Beam 1 (full hypothesis),vmz+N348+E211,1.994853601415118,0.957161,0.19962,2239.03,7.76237,5.09313
3,7,7,Beam 1 (full hypothesis),vcz+N533+E138,1.998736747054085,0.96049,0.17408,2320.29,8.32279,4.39848
3,7,7,Beam 1 (full hypothesis),son+N135+E73,1.809825526281722,1.1751,0.13178,2005.6,8.63712,6.18671
3,7,7,Beam 1 (full hypothesis),vbn+N9+E165,1.8558913346875046,0.997287,0.21972,2144.33,7.91289,5.52128
3,7,7,Beam 1 (full hypothesis),wfd+N348+E18,2.205853092756149,1.25926,0.17218,2096.71,7.13946,4.43875
3,7,7,Beam 1 (full hypothesis),smu+N533+E165,2.0872913818815513,0.940015,0.17166,1974.8,8.19982,4.47925
3,7,7,Beam 1 (full hypothesis),wmc+N314+E165,2.128792381822313,0.883085,0.19124,2502.16,7.20518,4.3611
3,7,7,Beam 2 (chemistry),sxe+N314+E165,1.891472204305248,0.733421,0.33426,2122.0,12.43534,6.98959
3,7,7,Beam 2 (chemistry),smv+N9+E4,1.3513455089166413,0.237009,0.76186,1299.33,43.61927,43.04381
3,7,7,Beam 2 (chemistry),vbr+N533+E151,1.820217891925815,0.610081,0.3853,2206.32,10.70535,8.52564
3,7,7,Beam 2 (chemistry),whg+N9+E151,1.5538021507786302,0.758999,0.36582,2050.71,16.83764,5.01139
3,7,7,Beam 2 (chemistry),wjh+N310+E18,1.4062453298836102,0.284389,0.72246,1311.4,33.6188,33.22563
3,7,7,Beam 2 (chemistry),eci+N192+E211,1.8634125739894427,0.68406,0.32156,2362.03,11.55192,9.82834
3,7,7,Beam 2 (chemistry),vmd+N9+E151,1.6596261852895005,0.699001,0.40906,2120.9,11.56784,10.09466
3,7,7,Beam 2 (chemistry),ecm+N348+E138,2.018137788207347,1.22818,0.18854,2058.12,8.54202,5.44526
3,7,7,Beam 2 (chemistry),cap+N314+E113,2.0829243016308876,1.08327,0.0867,1724.26,6.23141,3.22879
3,7,7,Beam 2 (chemistry),whv+N9+E4,1.3287217294838718,0.296122,0.70284,1668.06,20.24229,14.28913
3,7,7,Beam 3 (metal only),vmd+N134+E179,1.3491342060714415,0.376145,0.66262,1562.64,20.39101,17.67035
3,7,7,Beam 3 (metal only),wht+N9+E175,1.6544714990307114,0.901212,0.32306,2607.3,8.49491,5.48984
3,7,7,Beam 3 (metal only),bcs+N533+E110,1.6022805148711978,0.49425,0.4871,2540.34,10.32574,7.18069
3,7,7,Beam 3 (metal only),smp+N134+E155,1.436302258751393,0.586916,0.6327,1654.67,26.96523,12.9224
3,7,7,Beam 3 (metal only),smq+N9+E228,1.7422572889060686,0.940798,0.36208,2287.27,11.92001,9.66616
3,7,7,Beam 3 (metal only),unj+N310+E73,1.3420017393120132,0.383583,0.63488,1804.85,16.04482,14.26284
3,7,7,Beam 3 (metal only),vbm+N295+E127,1.7420004168706134,0.613492,0.4003,2741.34,9.41723,7.76103
3,7,7,Beam 3 (metal only),sol+N9+E120,1.682185284845457,0.780033,0.32762,2956.33,8.83224,5.23868
3,7,7,Beam 3 (metal only),vbw+N533+E30,1.4155891724483192,0.241318,0.7114,1580.16,23.45739,14.4123
3,7,7,Beam 3 (metal only),sxk+N9+E154,1.5473394691988807,0.480376,0.5568,1909.07,17.06191,11.62002
3,7,7,Beam 4 (random baseline),wip+N134+E104,1.538216376476223,0.493035,0.6164,1643.41,17.04207,14.94868
3,7,7,Beam 4 (random baseline),ukf+N257+E47,1.2475382802295192,0.141612,0.85056,824.83,32.50961,21.44707
3,7,7,Beam 4 (random baseline),whn+N123+E13,1.703400450425257,1.15507,0.2956,2560.64,8.56544,5.50151
3,7,7,Beam 4 (random baseline),wmh+N630+E179,1.4648090243668281,0.300593,0.7334,1313.04,26.63385,22.03208
3,7,7,Beam 4 (random baseline),wmw+N340+E18,1.7337058099115075,1.00635,0.33268,2205.1,11.23689,9.50654
3,7,7,Beam 4 (random baseline),wmz+N668+E57,1.3850903921151798,0.58726,0.49478,2361.74,10.47279,7.83338
3,7,7,Beam 4 (random baseline),skd+N541+E202,1.4538784040519634,0.578198,0.55742,1887.92,20.62017,19.95551
3,7,7,Beam 4 (random baseline),pem+N359+E176,1.646982998361469,0.516898,0.4611,2192.41,14.94139,10.59529
3,7,7,Beam 4 (random baseline),twf-e+N205+E14,1.5051231276650168,0.473512,0.59028,1823.5,30.31217,15.46288
3,7,7,Beam 4 (random baseline),snl+N339+E119,1.3650370890166936,0.688076,0.49258,2515.41,12.12623,8.34762
3,8,8,Beam 1 (full hypothesis),vcu+N348+E165,1.6107687473954724,1.35381,0.06578,1396.03,6.55129,3.38151
3,8,8,Beam 1 (full hypothesis),sou+N348+E165,2.069975790219843,1.38925,0.10052,1670.59,6.80492,3.78754
3,8,8,Beam 1 (full hypothesis),wkg+N135+E151,1.8752684990945443,0.989404,0.19142,2287.52,8.38025,3.81994
3,8,8,Beam 1 (full hypothesis),vcs+N348+E211,1.9607156166153237,0.958834,0.21354,2144.36,8.63389,4.82922
3,8,8,Beam 1 (full hypothesis),wma+N135+E211,1.8942726481689034,0.973556,0.20022,1889.15,8.68313,4.95657
3,8,8,Beam 1 (full hypothesis),cap+N9+E179,1.7942951007936623,1.14366,0.12636,2060.61,7.4449,4.71199
3,8,8,Beam 1 (full hypothesis),wid+N9+E211,2.185207644531583,1.20955,0.0731,1453.81,6.60523,3.3547
3,8,8,Beam 1 (full hypothesis),cap+N574+E151,2.1160005911525417,0.89906,0.14866,1978.92,7.41985,5.43232
3,8,8,Beam 1 (full hypothesis),wht+N135+E18,1.8858459119568374,1.0473,0.19818,2266.54,7.5851,5.02276
3,8,8,Beam 1 (full hypothesis),sxa+N559+E165,1.925749686050303,0.900007,0.12414,2058.09,6.42634,4.35353
3,8,8,Beam 2 (chemistry),wis+N134+E49,1.6982822942323275,0.6221,0.42012,2288.74,10.58658,8.12105
3,8,8,Beam 2 (chemistry),cds+N200+E188,1.3313450079987528,0.192736,0.7671,1228.71,19.43104,13.11226
3,8,8,Beam 2 (chemistry),som+N9+E188,1.5257733970979108,0.502345,0.49304,2374.01,12.80937,10.10878
3,8,8,Beam 2 (chemistry),ukl+N515+E187,1.3778008545863296,0.313191,0.63462,2000.63,16.14294,8.44136
3,8,8,Beam 2 (chemistry),wmn+N574+E224,1.686424377744749,0.418019,0.52784,2096.15,18.99942,13.24206
3,8,8,Beam 2 (chemistry),smg+N559+E221,1.5241761153514757,0.381252,0.54826,1848.94,18.15895,12.67926
3,8,8,Beam 2 (chemistry),vcv+N543+E223,1.4292124194118314,0.338588,0.64072,1653.5,20.15729,16.61555
3,8,8,Beam 2 (chemistry),unc+N424+E187,1.1989831869857182,0.118085,0.85524,773.707,32.18821,30.85628
3,8,8,Beam 2 (chemistry),wiv+N9+E151,1.8150716588736906,0.884397,0.22742,2807.86,8.95121,5.74755
3,8,8,Beam 2 (chemistry),wff+N132+E179,1.627424419501722,0.676258,0.46312,2118.51,14.89006,9.14452
3,8,8,Beam 3 (metal only),ure+N310+E145,1.4844093207811297,0.782552,0.36224,2738.63,8.8294,7.19068
3,8,8,Beam 3 (metal only),smo+N295+E65,1.4793946539343024,0.358581,0.61016,1764.42,22.72591,14.288
3,8,8,Beam 3 (metal only),smf+N9+E206,1.5641486035770515,0.866561,0.48432,1392.45,25.40361,24.96322
3,8,8,Beam 3 (metal only),wit+N574+E33,1.4313742435291554,0.243533,0.70272,1558.56,19.78991,12.60269
3,8,8,Beam 3 (metal only),snz+N134+E189,1.7401460470624424,0.665256,0.4277,2509.81,12.19348,9.83425
3,8,8,Beam 3 (metal only),wmc+N9+E142,1.6794554660300776,0.741251,0.3597,2739.01,8.73381,5.92042
3,8,8,Beam 3 (metal only),osb+N462+E96,1.6400033375126906,0.605132,0.44472,2402.58,10.99445,8.54131
3,8,8,Beam 3 (metal only),sxp+N559+E19,1.8630981742747248,0.676847,0.30036,2481.48,8.46961,5.44195
3,8,8,Beam 3 (metal only),vmx+N348+E86,1.759659027619938,0.741259,0.36224,2386.11,10.1887,8.05764
3,8,8,Beam 4 (random baseline),ukl+N113+E72,1.1918665366538508,1.80818,0.0,0.0,4.64474,1.33301
3,8,8,Beam 4 (random baseline),wir+N541+E33,1.3201262147787627,0.242577,0.75958,1305.26,22.66581,18.20477
3,8,8,Beam 4 (random baseline),vbw+N197+E202,1.483417282441125,0.728153,0.50552,2152.29,12.15754,8.05934
3,8,8,Beam 4 (random baseline),lcy+N475+E155,1.4540192337000384,0.773471,0.50082,1997.42,12.52268,10.02719
3,8,8,Beam 4 (random baseline),whp+N151+E194,1.257168967156127,0.127317,0.85534,804.141,37.35635,34.44624
3,8,8,Beam 4 (random baseline),gme+N2+E147,1.302935765064867,0.105755,0.8721,696.323,48.60939,43.49857
3,8,8,Beam 4 (random baseline),wmq+N108+E29,1.6305665481526432,0.437143,0.64932,1553.02,39.02923,38.09097
3,8,8,Beam 4 (random baseline),osa+N486+E65,1.3647540965281402,0.356325,0.69008,1567.07,20.31695,17.95869
3,8,8,Beam 4 (random baseline),sot+N642+E24,1.4517941234287803,0.430412,0.60998,1984.58,16.20195,11.36599
3,9,10,Beam 1 (full hypothesis),sxa+N314+E165,2.098257896616829,0.967072,0.14864,2249.43,6.45323,3.82077
3,9,10,Beam 1 (full hypothesis),bcs+N559+E151,2.474437742491271,0.670162,0.21232,3058.44,6.52186,4.25187
3,9,10,Beam 1 (full hypothesis),wfi+N192+E165,2.350362522370082,0.927648,0.17342,2252.73,7.94247,4.50804
3,9,10,Beam 1 (full hypothesis),cap+N574+E18,2.15361161456708,1.02271,0.12018,1896.62,6.46565,4.55407
3,9,10,Beam 1 (full hypothesis),bcs+N47+E165,2.190597585959506,0.832138,0.18368,2350.42,8.47581,4.29817
3,9,10,Beam 1 (full hypothesis),thp-x+N439+E151,2.2363569752788557,1.07962,0.18452,2264.56,8.30021,3.49357
3,9,10,Beam 1 (full hypothesis),wiv+N559+E165,1.8811942872585568,0.790756,0.17652,2404.25,7.21834,5.44452
3,9,10,Beam 1 (full hypothesis),sou+N357+E211,2.0303194070145607,0.826854,0.2065,2135.81,8.80729,5.3958
3,9,10,Beam 1 (full hypothesis),wmx+N222+E165,1.976098898425488,0.835155,0.16226,2198.3,8.31591,4.34558
3,9,10,Beam 1 (full hypothesis),vbm+N559+E165,2.028820765987737,0.746169,0.2009,2548.95,7.87389,5.38243
3,9,10,Beam 2 (chemistry),wis+N47+E4,1.3980749507998416,0.291978,0.65276,1827.7,17.44355,10.33845
3,9,10,Beam 2 (chemistry),vcz+N559+E165,1.8657635035793747,0.985527,0.0708,1594.7,5.93534,2.81311
3,9,10,Beam 2 (chemistry),lcv-e+N613+E151,1.5507968303427908,0.324444,0.6592,1196.91,24.13214,19.6853
3,9,10,Beam 2 (chemistry),qtz-h+N216+E211,1.4090274097483078,0.0914623,0.8971,488.986,50.1996,43.7672
3,9,10,Beam 2 (chemistry),wjb+N559+E165,1.7501736667342718,0.575345,0.42622,1554.9,21.14569,16.58144
3,9,10,Beam 2 (chemistry),vcc+N314+E151,1.670014974856627,0.56161,0.42594,2471.82,12.37723,6.92016
3,9,10,Beam 2 (chemistry),unv+N424+E151,1.3147904757897015,0.179843,0.79218,1024.97,25.72274,21.36264
3,9,10,Beam 2 (chemistry),wif+N559+E211,1.2255039509448242,1.36943,0.00682,191.142,4.71321,2.72275
3,9,10,Beam 2 (chemistry),sod-e+N295+E151,1.6217253649652845,0.544285,0.49274,1802.35,18.80383,7.57724
3,9,10,Beam 2 (chemistry),cag+N500+E4,1.2949708034734142,0.125491,0.84708,850.913,34.2248,20.97366
3,9,10,Beam 3 (metal only),vbu+N574+E45,1.5577332923094767,0.458875,0.54274,2065.5,14.98398,11.82917
3,9,10,Beam 3 (metal only),vmi+N135+E219,1.5267712042496684,0.560256,0.45922,2229.48,12.77277,10.22098
3,9,10,Beam 3 (metal only),sxd+N559+E136,1.4317407298934983,0.30497,0.657,1656.47,16.85161,15.2753
3,9,10,Beam 3 (metal only),eta-c+N216+E166,1.6321524784700436,0.275732,0.71438,1321.18,35.17556,33.67569
3,9,10,Beam 3 (metal only),wim+N47+E52,1.7482747638477523,0.507561,0.501,1963.52,18.59596,15.38589
3,9,10,Beam 3 (metal only),snx+N559+E80,1.3869268378386541,0.294555,0.64008,1828.58,17.18911,14.86218
3,9,10,Beam 3 (metal only),ukf+N513+E65,1.361931555681602,0.160297,0.79876,1007.0,28.41067,19.47744
3,9,10,Beam 3 (metal only),wkj+N47+E150,1.6410913335330548,0.230301,0.742,1166.21,37.0033,35.13971
3,9,10,Beam 3 (metal only),wiv+N559+E24,1.4546491350663275,0.356578,0.56008,2280.14,13.54681,10.09676
3,9,10,Beam 3 (metal only),whb+N574+E44,1.6356258655240392,0.516414,0.45552,2201.1,12.14754,7.45102
3,9,10,Beam 4 (random baseline),ato+N420+E218,1.233186396673822,0.203908,0.83976,899.626,44.84216,42.61826
3,9,10,Beam 4 (random baseline),whz+N489+E119,1.7168510343076295,0.45757,0.5027,2258.25,13.11823,9.3947
3,9,10,Beam 4 (random baseline),lcs-a+N371+E179,1.4399361909184678,0.203052,0.8208,810.464,35.19829,28.84028
3,9,10,Beam 4 (random baseline),qtz-a+N237+E51,1.2361680719736865,0.579713,0.639,1491.47,22.17231,21.47495
3,9,10,Beam 4 (random baseline),som+N659+E102,1.8155209831350505,2.2809,0.14636,2024.95,7.36335,5.27256
3,9,10,Beam 4 (random baseline),unx+N387+E201,1.3399745165767611,0.484833,0.6455,1836.77,17.61174,11.23746
3,9,10,Beam 4 (random baseline),umv+N398+E40,1.296685273944428,0.150561,0.84578,855.781,31.11928,26.59756
3,9,10,Beam 4 (random baseline),rho+N50+E121,1.1538342285344274,0.0413508,0.94652,311.237,99.02397,49.61102
3,9,10,Beam 4 (random baseline),wmr+N465+E186,1.7882525549853814,0.748316,0.49406,1802.73,26.553,26.22881
3,9,10,Beam 4 (random baseline),hjm+N259+E128,1.6003737642958482,1.04235,0.07246,1674.33,6.25926,2.83958
3,10,11,Beam 1 (full hypothesis),wiv+N559+E165,1.8486756741581638,0.790747,0.17652,2404.33,7.2185,5.44458
3,10,11,Beam 1 (full hypothesis),msw+N314+E165,1.6291873691635492,1.00421,0.12008,2089.18,6.40405,3.99442
3,10,11,Beam 1 (full hypothesis),qtz-x+N222+E165,1.8869375452972437,0.797851,0.18642,2376.07,7.43406,3.95176
3,10,11,Beam 1 (full hypothesis),sme+N559+E165,2.1858459943689685,0.854915,0.15296,2134.87,7.90402,3.74211
3,10,11,Beam 1 (full hypothesis),rob+N314+E151,1.960446367071797,0.781618,0.21762,2957.22,6.91776,4.17081
3,10,11,Beam 1 (full hypothesis),wmx+N314+E165,2.049861173107268,0.960999,0.16426,2067.09,8.43441,4.30243
3,10,11,Beam 1 (full hypothesis),son+N559+E165,2.0482988254509644,0.801961,0.1614,2406.22,7.10399,5.16038
3,10,11,Beam 1 (full hypothesis),bcs+N222+E18,2.02983442537883,0.748435,0.21236,3017.05,6.814,4.20224
3,10,11,Beam 1 (full hypothesis),bcs+N613+E165,2.0934159583778227,0.844729,0.15798,2288.45,8.12889,4.65742
3,10,11,Beam 2 (chemistry),wnb+N314+E165,1.7860227831344422,0.669818,0.39744,1849.84,14.71838,10.33922
3,10,11,Beam 2 (chemistry),wma+N222+E4,1.4669051132041624,0.227375,0.7263,1428.38,20.9261,19.33483
3,10,11,Beam 2 (chemistry),vbr+N559+E4,1.2583506056065878,0.213843,0.73132,1513.3,20.224,16.02021
3,10,11,Beam 2 (chemistry),wkn+N314+E165,1.8648605276820693,0.556571,0.48432,1657.56,30.50482,29.23688
3,10,11,Beam 2 (chemistry),wmm+N222+E18,1.7894321101860418,0.580934,0.41472,2106.3,18.7006,15.93858
3,10,11,Beam 2 (chemistry),vmk+N559+E18,1.9563915835230297,0.739877,0.27322,2556.7,7.69251,5.45563
3,10,11,Beam 2 (chemistry),vme+N314+E151,1.6249841177608348,0.524922,0.47132,2163.83,11.70359,8.65557
3,10,11,Beam 2 (chemistry),vbu+N222+E151,1.6519947215291106,0.482607,0.45394,2150.01,12.42806,9.07588
3,10,11,Beam 2 (chemistry),snz+N559+E151,1.7879708551829359,0.506145,0.40894,2272.97,14.52589,11.74081
3,10,11,Beam 2 (chemistry),sxh+N222+E18,1.848504914727734,0.650525,0.33866,2510.25,12.64778,5.16048
3,10,11,Beam 3 (metal only),wmc+N559+E195,1.775516991549507,0.514642,0.40408,2640.2,8.95279,6.27127
3,10,11,Beam 3 (metal only),wko+N222+E70,1.6670900293386712,0.561743,0.46276,2180.51,14.83288,12.97245
3,10,11,Beam 3 (metal only),osc+N314+E27,1.5805411979911081,0.646795,0.45734,2351.67,10.82792,9.26522
3,10,11,Beam 3 (metal only),crs+N222+E154,1.6105863753294918,0.316929,0.62568,1807.43,19.36819,13.05248
3,10,11,Beam 3 (metal only),wmc+N613+E110,1.4123201354390267,0.300034,0.66194,1754.93,15.63882,10.76916
3,10,11,Beam 3 (metal only),vbx+N559+E188,1.6059236071820742,0.331035,0.6131,1744.03,21.39617,12.31709
3,10,11,Beam 3 (metal only),wie+N222+E141,1.5244573241291248,0.365965,0.56422,2038.44,15.48614,11.73092
3,10,11,Beam 3 (metal only),wkk+N314+E65,1.4137547440250227,0.242602,0.72868,1325.95,47.25752,46.82351
3,10,11,Beam 4 (random baseline),wms+N198+E73,1.6620079615930352,0.639458,0.52434,1674.76,30.65916,29.72177
3,10,11,Beam 4 (random baseline),pcu+N555+E218,1.3986858329798881,0.385872,0.65172,1826.53,14.39624,11.46183
3,10,11,Beam 4 (random baseline),sne+N457+E195,1.55440423149988,0.293726,0.73432,1401.1,22.42971,16.45691
3,10,11,Beam 4 (random baseline),acs-f+N60+E226,1.6979244733496053,0.744493,0.39752,2177.47,11.71347,7.08099
3,10,11,Beam 4 (random baseline),wfk+N138+E107,1.407589806360735,0.356025,0.66896,1635.6,21.28748,17.40462
3,10,11,Beam 4 (random baseline),wmq+N378+E151,1.3593442212228732,0.279204,0.76758,1081.5,56.615,55.57952
3,10,11,Beam 4 (random baseline),vme+N170+E155,1.5424030505715864,0.562928,0.59904,1918.82,15.15507,9.64519
3,10,11,Beam 4 (random baseline),ecg+N715+E108,1.8715799364514172,1.01857,0.16806,1972.65,7.99253,6.58782
3,10,11,Beam 4 (random baseline),swj+N599+E81,1.6587727155985144,0.456991,0.6213,1700.71,35.58635,35.09789
3,10,11,Beam 4 (random baseline),whc+N493+E188,1.745162083540181,0.600433,0.49238,2173.9,14.87705,10.31238
4,1,1,Beam 1 (full hypothesis),sxn+N14+E48,1.4482734888577733,0.698802,0.57674,1480.4,22.09467,15.9099
4,1,1,Beam 1 (full hypothesis),whj+N536+E48,1.7693863277878636,0.888012,0.29138,2379.27,10.40243,5.13176
4,1,1,Beam 1 (full hypothesis),smd+N14+E48,1.6090527888679695,0.892707,0.40644,2349.87,14.90881,11.65904
4,1,1,Beam 1 (full hypothesis),wms+N15+E48,1.6050254601702632,0.859869,0.49062,1688.63,28.90537,27.51832
4,1,1,Beam 1 (full hypothesis),vbr+N536+E48,1.8088873665923355,0.866616,0.3025,2485.46,10.0884,4.94865
4,1,1,Beam 1 (full hypothesis),wms+N14+E48,1.637579819882554,0.799839,0.50168,1735.99,31.94965,30.35228
4,1,1,Beam 1 (full hypothesis),wgy+N9+E48,1.7405927677443025,0.795138,0.33292,2491.44,12.93236,11.99026
4,1,1,Beam 1 (full hypothesis),smw+N14+E48,1.718451436218218,1.01645,0.3833,1882.71,19.72916,18.14643
4,1,1,Beam 1 (full hypothesis),vbt+N15+E48,1.4659241438560056,0.941818,0.39108,2201.6,12.31947,7.94298
4,1,1,Beam 1 (full hypothesis),smv+N536+E48,1.7940606771051382,0.728474,0.38356,2352.0,19.56626,18.66333
4,1,1,Beam 2 (chemistry),vbq+N9+E48,1.7819188077638572,1.0678,0.205,2182.73,8.74371,4.86062
4,1,1,Beam 2 (chemistry),wmd+N15+E48,1.6707755364786163,1.13045,0.31178,2153.19,12.44433,7.43988
4,1,1,Beam 2 (chemistry),whc+N536+E48,1.7659592203721306,0.831798,0.35858,1944.01,12.09928,9.38816
4,1,1,Beam 2 (chemistry),smm+N15+E48,1.6891834480083772,0.944451,0.39932,2111.43,15.46559,11.9732
4,1,1,Beam 2 (chemistry),wmt+N9+E48,1.6316899429230192,0.792378,0.417,1819.29,20.29356,17.66611
4,1,1,Beam 2 (chemistry),sol+N14+E48,1.6604133576506268,1.12897,0.29174,2364.04,10.23319,7.78206
4,1,1,Beam 2 (chemistry),vbo+N536+E48,1.9228243457484422,0.892838,0.26576,2603.3,8.18391,5.04059
4,1,1,Beam 2 (chemistry),wky+N15+E48,1.5118971218525774,0.957018,0.3939,2112.69,12.73845,9.15167
4,1,1,Beam 2 (chemistry),smj+N536+E48,1.847878257391536,0.845531,0.30712,2549.85,9.72096,7.15247
4,1,1,Beam 2 (chemistry),vby+N15+E48,1.7784558971340267,1.14909,0.27536,2365.17,8.17817,6.533
4,1,1,Beam 3 (metal only),sxd+N15+E147,1.642109540308307,0.937365,0.38912,2163.3,10.23911,8.08362
4,1,1,Beam 3 (metal only),snk+N9+E142,1.6343822550608518,0.668033,0.40174,2748.98,9.74814,6.32849
4,1,1,Beam 3 (metal only),wmo+N15+E23,1.3875872179939197,0.486374,0.66848,1418.27,28.97249,26.18139
4,1,1,Beam 3 (metal only),smc+N9+E4,1.4091510347393001,0.311557,0.68306,1760.35,20.20092,12.59627
4,1,1,Beam 3 (metal only),osc+N14+E44,1.3323810751172351,0.909849,0.48786,2067.24,13.26663,10.13018
4,1,1,Beam 3 (metal only),wig+N9+E39,1.2679911689893597,0.159791,0.82764,957.42,27.33542,24.65615
4,1,1,Beam 3 (metal only),whw+N14+E142,1.4044154258095862,0.618992,0.58788,1652.82,18.55502,15.05279
4,1,1,Beam 3 (metal only),wma+N9+E30,1.4222038143094777,0.396104,0.60326,1957.78,16.10882,14.62179
4,1,1,Beam 3 (metal only),wmr+N14+E132,1.4578493479069847,0.700581,0.59798,1536.85,34.97938,34.32197
4,1,1,Beam 3 (metal only),wml+N536+E57,1.3784540574722584,0.567348,0.54524,2029.71,25.15347,23.70483
4,1,1,Beam 4 (random baseline),vba+N449+E219,1.5283106128411814,0.424914,0.52984,2494.0,11.03177,7.78906
4,1,1,Beam 4 (random baseline),vmx+N111+E138,1.6260856600704798,1.24269,0.10214,1934.27,6.32919,3.49119
4,1,1,Beam 4 (random baseline),wje+N52+E61,1.5070731907304202,0.203718,0.81554,930.769,29.50773,27.25899
4,1,1,Beam 4 (random baseline),uoz+N256+E179,1.330072852579248,0.228243,0.78462,1181.43,22.65081,20.65732
4,1,1,Beam 4 (random baseline),whh+N691+E148,1.311978053139573,0.389646,0.63928,1862.31,21.45964,10.15084
4,1,1,Beam 4 (random baseline),wmd+N198+E138,1.6963672576790771,0.983409,0.29132,2136.3,9.99332,7.78482
4,1,1,Beam 4 (random baseline),vca+N306+E201,1.4458947955663468,0.548926,0.5908,1841.14,17.06423,12.66566
4,1,1,Beam 4 (random baseline),vmd+N283+E162,1.7812005378584015,1.02223,0.23084,2297.37,8.02518,5.70419
4,1,1,Beam 4 (random baseline),sod-e+N289+E163,1.5735054423244808,0.369705,0.7102,1248.8,36.1019,16.18398
4,1,1,Beam 4 (random baseline),wjk+N364+E82,1.4080154156726004,0.262218,0.77594,1197.2,26.21134,22.17992
4,2,2,Beam 1 (full hypothesis),sml+N9+E48,1.7274983982378278,1.04868,0.18732,2258.62,8.63265,6.90122
4,2,2,Beam 1 (full hypothesis),wif+N15+E48,2.0291588501653064,2.1744,0.05706,763.682,7.86404,5.68473
4,2,2,Beam 1 (full hypothesis),sxf+N9+E48,1.7753432446794808,1.0096,0.20718,2336.93,8.75932,3.68471
4,2,2,Beam 1 (full hypothesis),wid+N15+E48,2.197686642544508,2.2553,0.0,0.0,4.99287,1.41652
4,2,2,Beam 1 (full hypothesis),qtz-e+N536+E48,1.8185553159754104,1.04212,0.23192,2283.66,8.6434,5.63639
4,2,2,Beam 1 (full hypothesis),wig+N9+E48,1.7673927340776057,0.910787,0.24368,2699.45,8.40791,5.23037
4,2,2,Beam 1 (full hypothesis),wmz+N14+E48,1.9022252389596173,1.44958,0.18136,2110.87,8.43212,4.65968
4,2,2,Beam 1 (full hypothesis),tfs+N536+E48,1.8034535193025745,0.916844,0.26302,2534.76,9.76329,6.04227
4,2,2,Beam 1 (full hypothesis),smn+N9+E48,1.8249696825748456,1.11298,0.163,2078.73,8.40429,6.77518
4,2,2,Beam 1 (full hypothesis),bcs+N15+E48,1.8889870448984682,1.36827,0.1695,2362.49,7.48725,4.31025
4,2,2,Beam 2 (chemistry),whd+N14+E48,1.5793809355285273,0.800422,0.49828,1797.0,20.3771,16.89744
4,2,2,Beam 2 (chemistry),osc+N9+E48,1.8425973850018214,0.898356,0.27826,2325.54,11.03562,5.66386
4,2,2,Beam 2 (chemistry),snf+N15+E48,1.4757207482299433,0.800835,0.51868,1484.9,23.09206,12.44395
4,2,2,Beam 2 (chemistry),wmq+N9+E48,1.6434638185643646,0.851076,0.32228,2138.09,18.24379,17.41122
4,2,2,Beam 2 (chemistry),osc+N15+E48,1.55391474716328,0.863416,0.46166,1942.48,14.39749,11.84922
4,2,2,Beam 2 (chemistry),vbo+N14+E48,1.5430140194930246,0.909128,0.41046,2174.37,12.18796,8.41431
4,2,2,Beam 2 (chemistry),wmn+N14+E48,1.6370868067067952,0.980089,0.37812,2171.3,15.37519,13.11756
4,2,2,Beam 2 (chemistry),wmc+N9+E48,1.7744927867753209,1.19508,0.13026,2150.81,6.51864,3.51997
4,2,2,Beam 2 (chemistry),win+N14+E48,1.6446890256302842,0.833721,0.4732,1916.34,18.89898,16.41542
4,2,2,Beam 3 (metal only),whd+N9+E48,1.6061054383703286,0.807275,0.35486,2050.23,16.29282,7.75785
4,2,2,Beam 3 (metal only),wmk+N14+E48,1.5361742696048328,0.818997,0.4824,1910.68,15.98605,11.85772
4,2,2,Beam 3 (metal only),whl+N9+E48,1.8122489941664732,0.837521,0.3488,2064.72,13.95282,11.19187
4,2,2,Beam 3 (metal only),rob+N536+E48,2.1877681239782785,1.52552,0.0259,709.621,4.7156,2.4612
4,2,2,Beam 3 (metal only),whv+N536+E48,1.767434384934156,0.875305,0.30268,2407.39,10.51451,5.56023
4,2,2,Beam 3 (metal only),bsn+N15+E48,1.7976983203465313,1.45504,0.15364,2064.75,6.81474,4.12456
4,2,2,Beam 3 (metal only),wih+N15+E48,1.6660652878860398,0.841775,0.47188,1897.67,22.32865,20.60543
4,2,2,Beam 3 (metal only),wja+N536+E48,1.7690727633203276,0.845039,0.29914,2476.52,11.06265,4.7854
4,2,2,Beam 3 (metal only),vcf+N15+E48,1.6429177656348102,1.14992,0.30306,2254.8,10.593,7.45789
4,2,2,Beam 3 (metal only),wma+N536+E48,1.9730856129314178,1.13208,0.16938,2154.51,7.63979,5.0655
4,2,2,Beam 4 (random baseline),uos+N112+E66,1.2177965081155757,0.242341,0.7562,1300.15,22.75209,18.94591
4,2,2,Beam 4 (random baseline),wmq+N143+E19,1.6836924226706431,0.669346,0.49388,2146.44,24.84479,22.63593
4,2,2,Beam 4 (random baseline),sxk+N306+E138,1.54582740803787,0.872494,0.41358,2229.57,12.30696,7.38448
4,2,2,Beam 4 (random baseline),nbo+N184+E152,1.3592147870638729,0.221224,0.74214,1394.12,21.35408,14.90238
4,2,2,Beam 4 (random baseline),neb+N500+E4,1.3289452880065427,0.14414,0.8194,975.867,22.55461,18.76841
4,2,2,Beam 4 (random baseline),uky+N276+E85,1.6149355975790896,0.388227,0.66044,1568.13,21.25676,19.158
4,2,2,Beam 4 (random baseline),smn+N366+E223,1.2724048715518441,0.22945,0.75482,1339.06,25.54173,23.00397
4,2,2,Beam 4 (random baseline),son+N552+E128,1.653216739591964,0.806382,0.41016,2304.41,14.10943,10.46386
4,2,2,Beam 4 (random baseline),wgx+N541+E131,1.6321213323213535,0.707451,0.48536,2015.49,19.72717,9.27359
4,2,2,Beam 4 (random baseline),sni+N506+E166,1.6641135297614544,0.509482,0.55554,2088.2,15.34273,11.25838
4,3,3,Beam 1 (full hypothesis),vby+N536+E48,2.0386341415833305,1.07494,0.16162,2371.04,7.01429,4.41411
4,3,3,Beam 1 (full hypothesis),wkg+N536+E48,1.9284659485226108,0.953038,0.21794,2615.83,8.28737,5.07235
4,3,3,Beam 1 (full hypothesis),sni+N15+E48,1.7091808717952435,1.62368,0.11888,1744.33,6.89013,4.22431
4,3,3,Beam 1 (full hypothesis),sol+N9+E48,1.8521051346901893,1.1439,0.13758,2141.18,7.47202,3.78932
4,3,3,Beam 1 (full hypothesis),kag+N536+E48,1.8016663374613975,1.00476,0.2263,2334.33,7.88754,5.68868
4,3,3,Beam 1 (full hypothesis),whx+N15+E48,1.4890017567302227,1.90624,0.04944,1064.16,5.97111,2.47279
4,3,3,Beam 1 (full hypothesis),wib+N9+E48,1.7969488105501785,1.03636,0.18844,2350.92,7.77774,4.69676
4,3,3,Beam 1 (full hypothesis),vmk+N15+E48,1.8070075871150972,1.79948,0.04514,1170.55,5.94552,2.60291
4,3,3,Beam 1 (full hypothesis),pcu+N9+E48,2.243239995604014,1.26241,0.0847,2051.39,5.21762,2.86066
4,3,3,Beam 1 (full hypothesis),wmc+N14+E48,1.711043104508508,1.15062,0.26358,2542.77,8.2755,5.38044
4,3,3,Beam 2 (chemistry),wgx+N15+E48,1.4284271089040421,0.878183,0.45128,1994.54,18.11463,8.3491
4,3,3,Beam 2 (chemistry),wgv+N536+E48,1.8952656235061665,0.899282,0.25556,2567.2,8.93835,5.55879
4,3,3,Beam 2 (chemistry),smg+N536+E48,1.814664601542667,0.863524,0.3034,2361.76,10.67564,6.03081
4,3,3,Beam 2 (chemistry),wij+N14+E48,1.599648095012079,0.760023,0.52506,1693.36,25.52282,24.5766
4,3,3,Beam 2 (chemistry),sml+N536+E48,1.935994795050388,1.04747,0.22096,2029.68,10.86782,8.72343
4,3,3,Beam 2 (chemistry),som+N14+E48,1.5633807543204317,0.921463,0.38722,2454.07,10.8688,8.4297
4,3,3,Beam 2 (chemistry),osc+N536+E48,1.75216305374621,0.832365,0.344,2171.44,11.25257,7.96689
4,3,3,Beam 2 (chemistry),wif+N536+E48,1.1805375408849839,1.56578,0.0,0.0,4.59016,1.83893
4,3,3,Beam 2 (chemistry),vbx+N15+E48,1.5865619492547796,0.922369,0.40644,2235.11,14.11259,6.67521
4,3,3,Beam 2 (chemistry),whi+N536+E48,1.86047391772646,1.05542,0.1969,2206.64,9.28907,6.51133
4,3,3,Beam 3 (metal only),wij+N536+E48,1.820226745856243,0.782584,0.37022,2206.1,14.07729,11.6993
4,3,3,Beam 3 (metal only),vcc+N14+E48,1.6722734148623843,1.04988,0.3163,2558.33,9.64932,5.96069
4,3,3,Beam 3 (metal only),whq+N9+E48,1.7020698118791149,0.843203,0.31352,2378.78,14.03362,5.38533
4,3,3,Beam 3 (metal only),wko+N536+E48,1.7489836608273668,0.837662,0.32484,2308.78,10.44077,6.17466
4,3,3,Beam 3 (metal only),snv+N9+E48,1.637759038950039,0.86045,0.34206,1955.51,17.96321,8.97997
4,3,3,Beam 3 (metal only),kag+N9+E48,1.7618293088400316,0.986726,0.20064,2576.28,7.0439,5.28429
4,3,3,Beam 3 (metal only),wjb+N15+E48,1.717863700310167,0.759326,0.53616,1563.54,27.54463,20.76405
4,3,3,Beam 3 (metal only),wid+N9+E48,1.4966095950490454,1.63318,0.0,0.0,4.87907,2.19529
4,3,3,Beam 3 (metal only),vbr+N14+E48,1.507971592468048,0.926022,0.41882,2124.95,11.72731,9.67113
4,3,3,Beam 3 (metal only),whm+N9+E48,1.7359962343141446,0.854076,0.32278,2174.85,10.71382,8.0757
4,3,3,Beam 4 (random baseline),snm+N144+E233,1.4268980995418714,0.577827,0.59942,1728.59,23.42246,22.35005
4,3,3,Beam 4 (random baseline),sok+N529+E120,1.6712615855017996,0.72399,0.408,2767.28,9.8107,7.47256
4,3,3,Beam 4 (random baseline),ukf+N50+E66,1.3056298191326323,0.163731,0.80916,981.476,27.99367,22.07748
4,3,3,Beam 4 (random baseline),vmg+N250+E194,1.2312253784310303,0.228031,0.77732,1210.94,21.581,18.83086
4,3,3,Beam 4 (random baseline),nsp+N318+E181,1.6723531337507307,0.68073,0.53112,1927.89,19.65315,17.42852
4,3,3,Beam 4 (random baseline),vbn+N506+E97,1.3157655619309645,0.202836,0.77816,1187.82,21.8231,18.2555
4,3,3,Beam 4 (random baseline),ecm+N293+E154,1.4706553550437507,0.310324,0.6403,1840.85,18.19686,12.04357
4,3,3,Beam 4 (random baseline),eck+N228+E160,1.7549619301353745,0.55961,0.53166,1655.3,24.39587,22.24788
4,3,3,Beam 4 (random baseline),upb+N359+E81,1.4950153522013385,0.176425,0.79006,1100.15,26.65565,18.78296
4,3,3,Beam 4 (random baseline),yfx+N671+E29,1.6453885410112752,0.686126,0.4578,2354.36,13.16224,6.81764
4,4,4,Beam 1 (full hypothesis),snl+N536+E48,2.0016957918987837,1.03535,0.17302,2442.1,7.6648,4.86042
4,4,4,Beam 1 (full hypothesis),msw+N536+E48,2.192321034513861,1.28674,0.07694,1629.0,4.98949,3.19101
4,4,4,Beam 1 (full hypothesis),sni+N15+E48,1.6775712551523068,1.62369,0.11888,1744.29,6.88986,4.22433
4,4,4,Beam 1 (full hypothesis),snk+N536+E48,1.9384403967889063,1.11217,0.15954,2297.95,7.02045,3.99639
4,4,4,Beam 1 (full hypothesis),wky+N9+E48,1.8352570698205979,0.967196,0.2099,2752.43,7.74986,5.47184
4,4,4,Beam 1 (full hypothesis),smi+N536+E48,1.8793968307035713,0.896497,0.26264,2610.19,7.59014,5.06305
4,4,4,Beam 1 (full hypothesis),bcs+N14+E48,1.8479389798188464,1.19986,0.23096,2652.08,7.76402,4.70236
4,4,4,Beam 1 (full hypothesis),wmd+N536+E48,1.9179361157236348,1.13312,0.16602,1897.29,7.81535,3.41734
4,4,4,Beam 1 (full hypothesis),wid+N536+E48,1.9867484543165645,1.26934,0.11426,1699.75,7.96229,3.98356
4,4,4,Beam 1 (full hypothesis),snp+N536+E48,1.9907634378820704,1.10609,0.17974,2265.9,6.2425,4.35197
4,4,4,Beam 2 (chemistry),wma+N9+E48,1.763082117034345,1.29483,0.09422,1686.02,5.53265,2.55979
4,4,4,Beam 2 (chemistry),wna+N15+E87,1.3805158043827994,0.384116,0.68094,1515.86,22.99904,13.75311
4,4,4,Beam 2 (chemistry),bsn+N9+E187,1.4732748681163819,0.502116,0.50134,2377.43,11.43334,8.72808
4,4,4,Beam 2 (chemistry),wmu+N14+E224,1.4575573261872143,0.474722,0.6333,1618.8,23.51646,20.39425
4,4,4,Beam 2 (chemistry),whs+N14+E87,1.3453151361627438,0.288773,0.75724,1128.76,40.8724,40.12791
4,4,4,Beam 2 (chemistry),wkp+N536+E87,1.4579729951295701,0.349702,0.61752,1958.24,21.40527,19.3636
4,4,4,Beam 2 (chemistry),bcu-k+N15+E224,1.515322341007093,0.612803,0.56316,1568.8,36.48374,13.11872
4,4,4,Beam 2 (chemistry),whm+N9+E187,1.4858561171934122,0.377008,0.62644,1766.21,22.06201,19.54998
4,4,4,Beam 2 (chemistry),wko+N15+E176,1.3712714671297528,0.459013,0.64852,1545.27,21.37972,18.52675
4,4,4,Beam 2 (chemistry),whr+N9+E187,1.4896965643998898,0.404928,0.60142,1947.78,17.58133,13.36357
4,4,4,Beam 3 (metal only),wib+N14+E176,1.4483212664580094,0.417308,0.68032,1453.98,21.93983,16.47591
4,4,4,Beam 3 (metal only),whj+N9+E48,1.7686978104631967,0.962403,0.23528,2343.74,9.72316,5.18893
4,4,4,Beam 3 (metal only),vda+N15+E187,1.5534596749956784,0.479783,0.68554,1102.6,26.51425,21.85771
4,4,4,Beam 3 (metal only),sok+N9+E176,1.4668402705911348,0.393602,0.62452,1839.2,19.43168,17.20895
4,4,4,Beam 3 (metal only),wmd+N15+E87,1.4691338907919622,0.431637,0.6434,1624.12,22.53175,18.22222
4,4,4,Beam 3 (metal only),snh+N14+E224,1.4520807250008338,0.540515,0.59414,1657.97,28.87353,14.00805
4,4,4,Beam 3 (metal only),vmj+N15+E48,1.6644729849277493,1.18779,0.28674,2127.08,9.54589,6.38265
4,4,4,Beam 3 (metal only),whn+N9+E176,1.5927459429338295,0.56322,0.4685,2405.49,14.45235,6.70956
4,4,4,Beam 4 (random baseline),wne+N278+E50,1.7391742081468273,1.10385,0.37398,2338.61,14.56401,11.17537
4,4,4,Beam 4 (random baseline),wmr+N553+E23,1.3223791874327007,0.172707,0.81028,1044.01,48.90733,48.60152
4,4,4,Beam 4 (random baseline),whs+N336+E98,1.8224425310429193,0.430899,0.59664,1475.03,26.45651,25.41133
4,4,4,Beam 4 (random baseline),skd+N504+E110,1.3429941831447894,0.366,0.64594,1808.84,14.59259,13.0793
4,4,4,Beam 4 (random baseline),snx+N643+E181,1.500749433409075,0.532027,0.51988,2222.72,18.41864,17.17025
4,4,4,Beam 4 (random baseline),wkn+N574+E87,1.4726108843894206,0.219725,0.73088,1343.5,47.39338,46.56379
4,4,4,Beam 4 (random baseline),vbd+N572+E68,1.3861608139584145,0.383477,0.67142,1716.42,17.56203,11.88789
4,4,4,Beam 4 (random baseline),bcu-h+N137+E29,1.2377510183521534,0.176037,0.83802,917.618,27.45109,19.46776
4,4,4,Beam 4 (random baseline),qdl+N112+E186,1.5359281926058135,0.479165,0.51338,2524.03,10.29433,8.38055
4,4,4,Beam 4 (random baseline),lcv-e+N486+E224,1.5065424376662495,0.230725,0.805,808.235,41.41291,35.44953
4,5,5,Beam 1 (full hypothesis),snl+N536+E48,1.8885747943877913,1.03535,0.17302,2442.1,7.6648,4.86042
4,5,5,Beam 1 (full hypothesis),snp+N536+E48,1.951459818847562,1.10609,0.17974,2265.9,6.2425,4.35197
4,5,5,Beam 1 (full hypothesis),whn+N536+E48,1.9439099981131083,1.29983,0.0994,1743.22,7.29039,3.47998
4,5,5,Beam 1 (full hypothesis),wmz+N536+E48,1.9738225081547156,1.10776,0.15984,2232.34,8.10897,3.93764
4,5,5,Beam 1 (full hypothesis),wid+N536+E48,2.0853564429845797,1.26934,0.11426,1699.75,7.96229,3.98356
4,5,5,Beam 1 (full hypothesis),soj+N536+E48,1.5948233577405935,1.17526,0.11596,2024.99,7.06936,3.32927
4,5,5,Beam 1 (full hypothesis),sxp+N536+E48,1.8521671285511743,1.19679,0.12926,2057.03,7.68033,3.58316
4,5,5,Beam 1 (full hypothesis),wiu+N536+E48,1.9473631028136034,1.05697,0.17616,2348.53,7.93934,4.33451
4,5,5,Beam 1 (full hypothesis),wma+N536+E48,1.891670165247734,1.13208,0.16906,2148.8,7.63931,5.05509
4,5,5,Beam 1 (full hypothesis),wmc+N536+E48,1.8603499978356648,1.1836,0.12424,1985.62,7.20193,3.58533
4,5,5,Beam 2 (chemistry),wjb+N536+E87,1.4540395104671522,0.248019,0.72976,1405.11,35.35361,31.83786
4,5,5,Beam 2 (chemistry),sok+N536+E187,1.4906469965231748,0.363999,0.63842,1749.3,21.01505,18.79583
4,5,5,Beam 2 (chemistry),snl+N536+E224,1.5282676145750784,0.520657,0.47346,2489.0,12.36127,9.60098
4,5,5,Beam 2 (chemistry),wki+N536+E224,1.5300591786454356,0.500654,0.51034,2159.77,14.24195,9.16455
4,5,5,Beam 2 (chemistry),wid+N536+E224,1.7017610786606798,0.637226,0.38596,2434.83,13.72883,8.32449
4,5,5,Beam 2 (chemistry),wii+N536+E87,1.4759192846389042,0.315243,0.66206,1702.14,26.49708,23.68938
4,5,5,Beam 2 (chemistry),wio+N536+E187,1.5169004918406235,0.480962,0.53188,2045.68,16.73087,9.99206
4,5,5,Beam 2 (chemistry),wkm+N536+E176,1.4148186265993101,0.331096,0.69492,1402.17,41.52244,39.899
4,5,5,Beam 2 (chemistry),wme+N536+E176,1.515954338767498,0.449149,0.5819,1876.09,19.90888,10.76758
4,5,5,Beam 2 (chemistry),snq+N536+E176,1.485544647739176,0.380281,0.63982,1715.09,23.23329,20.08865
4,5,5,Beam 3 (metal only),wia+N536+E224,1.582212386286833,0.48923,0.51236,2201.24,16.13244,8.97477
4,5,5,Beam 3 (metal only),wmr+N536+E48,1.795764425575149,0.754162,0.40072,2033.84,20.58848,19.1894
4,5,5,Beam 3 (metal only),smt+N536+E187,1.3923756714940825,0.395178,0.61176,1762.1,19.82064,16.19909
4,5,5,Beam 3 (metal only),vbn+N536+E87,1.3388615235897605,0.314547,0.66486,1697.8,19.5409,15.2665
4,5,5,Beam 3 (metal only),wkg+N536+E187,1.5671004929808339,0.421746,0.59428,1813.48,17.13806,12.10718
4,5,5,Beam 3 (metal only),smg+N536+E187,1.4476873477350956,0.382445,0.61802,1839.68,19.98302,14.52578
4,5,5,Beam 3 (metal only),rob+N536+E176,1.692189768245683,0.706646,0.34694,2769.81,10.0173,6.54764
4,5,5,Beam 3 (metal only),crs+N536+E87,1.3764633819714196,0.343244,0.67598,1186.47,24.98408,18.60825
4,5,5,Beam 3 (metal only),sol+N536+E87,1.4977703481681175,0.376412,0.59114,2140.41,13.44702,9.65418
4,5,5,Beam 3 (metal only),wmk+N536+E48,1.691789929532474,0.977242,0.2543,2181.14,9.78729,5.0656
4,5,5,Beam 4 (random baseline),ukn+N210+E218,1.2971306362059722,0.152851,0.8461,787.271,55.92094,51.97851
4,5,5,Beam 4 (random baseline),wfl+N149+E224,1.86898784402961,0.734106,0.29526,2439.69,11.63383,5.5672
4,5,5,Beam 4 (random baseline),deh+N606+E127,1.2440773796168805,0.106344,0.86422,768.906,35.68058,31.92208
4,5,5,Beam 4 (random baseline),wkn+N240+E201,1.7829751893029824,0.457295,0.5364,1678.1,30.4211,29.84759
4,5,5,Beam 4 (random baseline),unh+N303+E131,1.3107202003000518,0.390587,0.7182,1411.45,27.88313,26.45994
4,5,5,Beam 4 (random baseline),uma+N305+E48,1.4467409387858816,0.330509,0.7248,1368.35,26.67461,23.06017
4,5,5,Beam 4 (random baseline),bsn+N691+E86,1.4026384644837013,0.585576,0.51524,2376.87,11.40833,9.42505
4,5,5,Beam 4 (random baseline),wim+N59+E23,1.4236127719735892,0.389359,0.67178,1653.66,22.77099,20.99236
4,5,5,Beam 4 (random baseline),snl+N9+E16,1.8583787598867691,0.835443,0.29808,2664.32,8.48589,5.73548
4,5,5,Beam 4 (random baseline),vmk+N146+E184,2.0389995608053444,1.75812,0.05664,1237.63,5.07678,2.35283
4,6,6,Beam 1 (full hypothesis),sda+N15+E48,1.8342155920449605,1.62409,0.10104,1920.77,5.5982,3.25033
4,6,6,Beam 1 (full hypothesis),vmk+N9+E48,1.6784011862902317,1.27952,0.08724,1737.91,5.52797,2.92595
4,6,6,Beam 1 (full hypothesis),sxc+N9+E48,1.9513735867614428,1.33839,0.07448,1594.83,5.93646,3.49172
4,6,6,Beam 1 (full hypothesis),sda+N536+E48,1.823310699977135,1.35346,0.05836,1251.06,5.16112,3.95266
4,6,6,Beam 1 (full hypothesis),wis+N9+E48,1.8774764042203438,1.30499,0.07986,1709.27,6.36165,3.39637
4,6,6,Beam 1 (full hypothesis),sxb+N536+E48,1.6293489687097975,1.27884,0.07302,1815.1,5.47946,2.86567
4,6,6,Beam 1 (full hypothesis),qtz-x+N15+E48,1.675406018630533,1.57203,0.09152,2023.59,6.0069,2.97946
4,6,6,Beam 1 (full hypothesis),hxg+N14+E48,1.8253195030520517,1.50702,0.12804,2114.63,5.89357,3.46935
4,6,6,Beam 1 (full hypothesis),vcz+N9+E48,1.8199294832308075,1.22793,0.1298,2107.63,5.65361,3.88891
4,6,6,Beam 1 (full hypothesis),sxa+N14+E48,1.6087144118150798,1.64039,0.06434,1257.27,5.68019,3.91855
4,6,6,Beam 2 (chemistry),wio+N15+E48,1.654440138968119,1.23835,0.2679,2230.82,11.64221,5.44355
4,6,6,Beam 2 (chemistry),skd+N536+E48,1.767340205192428,0.79834,0.3217,2630.69,9.66186,8.02223
4,6,6,Beam 2 (chemistry),vbn+N9+E48,1.795870457873057,0.928152,0.268,2390.67,8.50746,5.05903
4,6,6,Beam 2 (chemistry),wis+N14+E48,1.694775925610952,1.10488,0.30638,2384.99,10.37689,6.05248
4,6,6,Beam 2 (chemistry),twf-e+N9+E48,1.7428182509972447,0.853492,0.3548,1955.22,18.76092,7.825
4,6,6,Beam 2 (chemistry),smc+N14+E48,1.6670829248244703,0.900727,0.4232,2130.49,12.58606,8.02796
4,6,6,Beam 2 (chemistry),tfs+N536+E48,1.9111939393178803,0.916844,0.26302,2534.76,9.76329,6.04227
4,6,6,Beam 2 (chemistry),smj+N15+E48,1.622532989239449,0.902086,0.41922,2072.79,14.51049,12.07448
4,6,6,Beam 2 (chemistry),vbu+N9+E48,1.7463369875911456,0.980776,0.24912,2204.15,8.19529,6.29484
4,6,6,Beam 2 (chemistry),wna+N536+E48,1.885707416421741,1.04541,0.20648,2124.52,10.55733,4.29933
4,6,6,Beam 3 (metal only),sno+N536+E48,1.8249840171157743,0.88754,0.31596,2148.17,13.31714,11.66786
4,6,6,Beam 3 (metal only),whm+N15+E48,1.5561225883367156,0.797735,0.49632,1811.33,20.55095,16.31791
4,6,6,Beam 3 (metal only),wne+N9+E48,1.80925133111347,0.948418,0.24452,2376.3,11.53191,7.16334
4,6,6,Beam 3 (metal only),wkg+N15+E48,1.5020105785642097,1.02095,0.3913,2016.32,13.26458,8.68923
4,6,6,Beam 3 (metal only),wkr+N9+E48,1.8624399312459086,0.773515,0.45008,1447.16,22.01271,17.7388
4,6,6,Beam 3 (metal only),sms+N14+E48,1.7338039969162171,1.00531,0.3772,2087.3,14.85067,7.90774
4,6,6,Beam 3 (metal only),wmg+N536+E48,1.7526770085536711,0.825918,0.33768,2219.08,13.11097,7.95017
4,6,6,Beam 3 (metal only),wgx+N14+E48,1.5284388302500582,0.88214,0.4414,1986.2,17.6298,9.14596
4,6,6,Beam 3 (metal only),whf+N9+E48,1.721423884616461,0.926149,0.28952,2188.96,13.00658,6.31119
4,6,6,Beam 3 (metal only),sod-e+N14+E48,1.5355853804342694,0.646673,0.60488,1364.37,30.05534,14.09526
4,6,6,Beam 4 (random baseline),wmo+N598+E113,1.3503954188739586,0.308615,0.66486,1629.74,19.56242,13.788
4,6,6,Beam 4 (random baseline),vmf+N213+E204,1.7771155214017686,0.781276,0.37008,2425.26,10.05494,8.92441
4,6,6,Beam 4 (random baseline),sni+N681+E1,1.2623900157897783,0.156684,0.8407,873.516,31.24957,29.14225
4,6,6,Beam 4 (random baseline),snk+N556+E127,1.7293147549876036,0.940298,0.42862,2696.46,10.36957,6.7944
4,6,6,Beam 4 (random baseline),whp+N491+E96,1.4253282964855896,0.421673,0.61118,1824.85,18.65985,16.56913
4,6,6,Beam 4 (random baseline),whs+N6+E223,1.609898677256402,0.258091,0.6819,1454.51,29.96629,29.43325
4,6,6,Beam 4 (random baseline),whx+N540+E222,1.6958646134797393,0.276907,0.69814,1425.59,23.03923,17.05028
4,6,6,Beam 4 (random baseline),reo-e+N214+E225,1.2590078556007709,0.185828,0.79324,1115.9,41.36826,14.50614
4,6,6,Beam 4 (random baseline),uox+N330+E61,1.225903825143774,0.126206,0.84394,839.919,30.37509,22.18577
4,6,6,Beam 4 (random baseline),wjc+N284+E89,1.8797131855446862,0.976526,0.19644,1826.14,12.75058,6.76208
4,7,7,Beam 1 (full hypothesis),wif+N15+E48,1.8626764617197993,2.1744,0.05706,763.682,7.86404,5.68473
4,7,7,Beam 1 (full hypothesis),wmz+N536+E48,1.93597001257702,1.10776,0.15986,2232.32,8.10885,3.93785
4,7,7,Beam 1 (full hypothesis),sxa+N9+E48,2.332996211138855,1.23478,0.07766,1851.04,5.08182,2.79033
4,7,7,Beam 1 (full hypothesis),rkf+N9+E48,1.9223288116756685,1.07804,0.23138,2036.83,7.79273,5.21262
4,7,7,Beam 1 (full hypothesis),snk+N9+E48,1.9416703612519048,1.12643,0.13598,2133.15,7.7239,4.71405
4,7,7,Beam 1 (full hypothesis),son+N536+E48,1.8548541077848397,1.16817,0.13796,2190.34,7.41919,5.0999
4,7,7,Beam 1 (full hypothesis),sxd+N15+E48,1.8436527939332212,1.50891,0.15256,1973.91,6.47415,4.97505
4,7,7,Beam 1 (full hypothesis),hxg+N14+E48,1.7212619463679164,1.50702,0.12804,2114.63,5.89357,3.46935
4,7,7,Beam 1 (full hypothesis),wid+N536+E48,1.9280573632146147,1.26934,0.11426,1699.75,7.96229,3.98356
4,7,7,Beam 1 (full hypothesis),wia+N15+E48,1.9078163658022542,1.42779,0.16278,2121.05,7.5451,4.39319
4,7,7,Beam 2 (chemistry),who+N536+E48,2.0588900612933747,1.2372,0.141,1801.48,7.83086,4.93864
4,7,7,Beam 2 (chemistry),wik+N15+E48,1.6790908342289752,0.906054,0.4456,1860.14,20.66079,18.25892
4,7,7,Beam 2 (chemistry),vda+N9+E48,1.8060957189102105,1.17272,0.12144,2059.85,7.12952,3.28238
4,7,7,Beam 2 (chemistry),vmj+N15+E48,1.5316057073778448,1.18779,0.28674,2127.08,9.54589,6.38265
4,7,7,Beam 2 (chemistry),wij+N9+E48,1.7793069311372542,0.783166,0.39858,1945.94,16.54577,14.86804
4,7,7,Beam 2 (chemistry),vmj+N536+E48,1.726133525289669,0.870513,0.31006,2413.51,11.0638,6.88746
4,7,7,Beam 2 (chemistry),wit+N15+E48,1.6762497543454602,1.13779,0.3156,2203.36,11.26006,6.52932
4,7,7,Beam 2 (chemistry),wij+N536+E48,1.7845173149116929,0.782584,0.37022,2206.1,14.07729,11.6993
4,7,7,Beam 2 (chemistry),lcy+N15+E48,1.5918247751386307,0.97192,0.36764,2411.02,11.89167,6.40405
4,7,7,Beam 2 (chemistry),lcy+N9+E48,1.8173554823310767,0.952241,0.25994,2459.74,7.679,5.07376
4,7,7,Beam 3 (metal only),win+N9+E48,1.6427021140357172,0.865896,0.33046,2002.72,14.16107,10.4137
4,7,7,Beam 3 (metal only),wmd+N15+E48,1.6449149141381105,1.12848,0.31722,2126.41,12.95782,7.63731
4,7,7,Beam 3 (metal only),qtz-e+N15+E48,1.5078334062565724,0.751824,0.53406,1641.75,13.4964,11.02791
4,7,7,Beam 3 (metal only),osa+N536+E48,1.841081052569303,0.846814,0.29388,2531.81,9.11099,8.2339
4,7,7,Beam 3 (metal only),qtz-e+N14+E48,1.5452763544393315,0.904822,0.41444,2191.94,10.24596,8.1403
4,7,7,Beam 3 (metal only),whr+N9+E48,1.7834093533802813,0.927201,0.23896,2516.32,8.77537,4.50289
4,7,7,Beam 3 (metal only),wms+N15+E48,1.6533333519030864,0.859273,0.49244,1685.16,28.63894,27.63829
4,7,7,Beam 3 (metal only),vbu+N536+E48,1.8637832421886613,0.903475,0.24744,2575.59,7.80231,5.05477
4,7,7,Beam 3 (metal only),wiu+N15+E48,1.7128069550674299,1.1212,0.29054,2507.48,10.24027,6.2273
4,7,7,Beam 3 (metal only),soj+N9+E48,1.920031710840477,1.14115,0.20978,1917.32,8.68875,6.73047
4,7,7,Beam 4 (random baseline),wfe+N35+E159,1.9169424585655315,0.955225,0.27196,1948.04,12.90944,4.88971
4,7,7,Beam 4 (random baseline),umo+N697+E96,1.3245402903841117,0.172556,0.82584,928.723,39.9993,37.08849
4,7,7,Beam 4 (random baseline),son+N569+E4,1.3611689932054178,0.256189,0.72202,1567.19,19.28989,15.56115
4,7,7,Beam 4 (random baseline),uny+N50+E215,1.4559579617612821,0.246015,0.68408,1643.25,15.07292,10.98515
4,7,7,Beam 4 (random baseline),bcs-a+N482+E81,1.8162988314256285,0.631461,0.4499,2421.28,14.68032,7.29082
4,7,7,Beam 4 (random baseline),sxh+N479+E203,1.2874985735881002,0.375407,0.65882,1797.28,19.33653,10.54022
4,7,7,Beam 4 (random baseline),wif+N638+E66,1.671671559258003,0.840045,0.39612,2628.26,11.4574,6.81752
4,7,7,Beam 4 (random baseline),dia-g+N499+E44,1.2154736086962814,0.19183,0.84994,855.374,23.91041,21.19223
4,7,7,Beam 4 (random baseline),smj+N570+E218,1.5407007860392112,0.264305,0.7302,1333.62,29.26649,26.58214
4,8,8,Beam 1 (full hypothesis),sxa+N9+E48,1.97867319595053,1.23478,0.07766,1851.04,5.08182,2.79033
4,8,8,Beam 1 (full hypothesis),qtz-x+N15+E48,1.7624167794414836,1.57203,0.09152,2023.59,6.0069,2.97946
4,8,8,Beam 1 (full hypothesis),pcu+N9+E48,3.042917251628577,1.26241,0.0847,2051.39,5.21762,2.86066
4,8,8,Beam 1 (full hypothesis),sda+N15+E48,1.8567139318496209,1.62409,0.10104,1920.77,5.5982,3.25033
4,8,8,Beam 1 (full hypothesis),hxg+N14+E48,1.6912762867176367,1.50702,0.12804,2114.63,5.89357,3.46935
4,8,8,Beam 1 (full hypothesis),vmk+N9+E48,1.8736551084200777,1.27952,0.08724,1737.91,5.52797,2.92595
4,8,8,Beam 1 (full hypothesis),vcz+N9+E48,1.9105880777998545,1.25396,0.0906,1861.34,5.28622,3.34129
4,8,8,Beam 1 (full hypothesis),msw+N536+E48,2.2204421326929324,1.28674,0.07694,1629.0,4.98949,3.19101
4,8,8,Beam 1 (full hypothesis),sxb+N536+E48,1.6146671804400543,1.27884,0.07302,1815.26,5.47946,2.86566
4,8,8,Beam 1 (full hypothesis),pcu+N536+E48,2.0950080412579926,1.06105,0.15282,2376.85,5.70997,3.17387
4,8,8,Beam 2 (chemistry),wmz+N536+E48,1.941703422424294,1.10776,0.15986,2232.32,8.10885,3.93785
4,8,8,Beam 2 (chemistry),wnd+N15+E48,1.662919841203516,0.824565,0.47058,1967.37,18.10862,9.49529
4,8,8,Beam 2 (chemistry),skd+N536+E48,1.8233788395904436,0.79834,0.3217,2630.69,9.66186,8.02223
4,8,8,Beam 2 (chemistry),wmi+N14+E48,1.6282184611603467,0.840391,0.4544,2090.03,16.64974,8.6107
4,8,8,Beam 2 (chemistry),sxk+N9+E48,1.596694625970677,0.966484,0.2818,2158.4,9.62016,5.99492
4,8,8,Beam 2 (chemistry),snm+N14+E48,1.4709859182643337,0.776503,0.49134,1926.26,18.27655,16.35003
4,8,8,Beam 2 (chemistry),wmr+N9+E48,1.6490794822181225,0.787683,0.38916,1892.8,22.25629,21.81242
4,8,8,Beam 2 (chemistry),smb+N14+E48,1.5818247041115348,1.03456,0.35082,2302.16,12.56052,5.88339
4,8,8,Beam 2 (chemistry),vbt+N536+E176,1.479459888572383,0.390826,0.62996,1769.24,19.85087,17.08265
4,8,8,Beam 2 (chemistry),wja+N14+E176,1.3428107675518777,0.361817,0.72086,1270.65,29.90562,20.59858
4,8,8,Beam 3 (metal only),wmk+N9+E87,1.564963680136771,0.368131,0.61744,1792.87,23.64473,13.37156
4,8,8,Beam 3 (metal only),sma+N14+E187,1.5131509268186683,0.494352,0.62466,1688.01,24.04153,21.45968
4,8,8,Beam 3 (metal only),wmx+N15+E176,1.4519809311523786,0.528539,0.6241,1472.65,18.85551,14.39292
4,8,8,Beam 3 (metal only),wmr+N536+E224,1.5432542149871606,0.377595,0.63314,1606.2,36.76755,35.92533
4,8,8,Beam 3 (metal only),vby+N15+E176,1.4222028833164766,0.508773,0.61044,1762.04,16.19211,12.18468
4,8,8,Beam 3 (metal only),wkm+N536+E224,1.5661890506814957,0.389931,0.61092,1759.61,35.70713,34.83779
4,8,8,Beam 3 (metal only),whb+N15+E224,1.5983278193276416,0.696405,0.46204,2211.12,14.62558,7.8421
4,8,8,Beam 3 (metal only),flu-e+N536+E48,1.7293858958378285,0.767595,0.3919,1954.11,15.88189,5.51865
4,8,8,Beam 3 (metal only),qtz-e+N14+E48,1.6623330306482118,0.904822,0.41444,2191.94,10.24596,8.1403
4,8,8,Beam 4 (random baseline),umj+N276+E186,1.5007408356123446,0.413198,0.66478,1658.58,15.66826,13.58099
4,8,8,Beam 4 (random baseline),smm+N221+E102,1.6783843476337774,1.9682,0.27136,2149.11,10.55626,7.58705
4,8,8,Beam 4 (random baseline),wmf+N453+E137,1.6606170180027695,0.629107,0.45306,1958.56,15.88245,8.17476
4,8,8,Beam 4 (random baseline),wma+N101+E160,1.442655966283907,0.60777,0.56194,1810.26,16.18804,13.36437
4,8,8,Beam 4 (random baseline),nfc+N156+E40,1.7236274848392612,0.722346,0.4085,2431.72,11.5044,7.15488
4,8,8,Beam 4 (random baseline),wfi+N530+E156,1.6555773845862436,0.741745,0.44142,2315.08,12.31627,9.46904
4,8,8,Beam 4 (random baseline),dmp+N87+E148,1.6939396223864571,0.640864,0.36812,2461.02,10.23032,9.43153
4,8,8,Beam 4 (random baseline),whs+N518+E173,1.6622397041951023,0.724178,0.45926,1747.44,19.78197,18.54783
4,8,8,Beam 4 (random baseline),wht+N602+E12,1.258403043234257,0.262531,0.74518,1367.82,20.69132,14.38588
4,8,8,Beam 4 (random baseline),uki+N158+E216,1.4056317968736087,0.241275,0.70558,1551.38,18.69535,13.47709
4,9,10,Beam 1 (full hypothesis),sda+N15+E48,1.8002006475751882,1.62409,0.10104,1920.77,5.5982,3.25033
4,9,10,Beam 1 (full hypothesis),sxa+N9+E48,1.896435940157034,1.23478,0.07766,1851.04,5.08182,2.79033
4,9,10,Beam 1 (full hypothesis),sxb+N536+E48,1.5940953177775712,1.27884,0.07302,1815.1,5.47946,2.86567
4,9,10,Beam 1 (full hypothesis),vmk+N9+E48,1.695902338611955,1.27952,0.08724,1737.91,5.52797,2.92595
4,9,10,Beam 1 (full hypothesis),pcu+N536+E48,1.9065976376215301,1.06105,0.15282,2376.85,5.70997,3.17387
4,9,10,Beam 1 (full hypothesis),msw+N536+E48,2.0175653095647528,1.28674,0.07694,1629.0,4.98949,3.19101
4,9,10,Beam 1 (full hypothesis),pcu+N9+E48,2.277023467514076,1.26241,0.0847,2051.39,5.21762,2.86066
4,9,10,Beam 1 (full hypothesis),acs+N15+E48,1.2248827629624333,1.6521,0.06542,2050.33,4.77657,3.0718
4,9,10,Beam 1 (full hypothesis),qtz-x+N15+E48,1.920421518655027,1.57203,0.09152,2023.59,6.0069,2.97946
4,9,10,Beam 1 (full hypothesis),hxg+N14+E48,1.6909056694493476,1.50702,0.12804,2114.63,5.89357,3.46935
4,9,10,Beam 2 (chemistry),wmn+N15+E48,1.6476376864865219,1.14355,0.31794,1921.01,16.49158,12.91699
4,9,10,Beam 2 (chemistry),wne+N9+E48,1.7380446219514114,0.948418,0.24452,2376.3,11.53191,7.16334
4,9,10,Beam 2 (chemistry),whp+N9+E48,1.746237076861707,0.918248,0.2481,2433.25,8.86719,5.32074
4,9,10,Beam 2 (chemistry),smv+N9+E48,1.855905246455196,0.777515,0.35256,2286.1,18.7964,18.15706
4,9,10,Beam 2 (chemistry),wkl+N15+E48,1.67437734963859,0.651016,0.58436,1542.45,38.85066,37.49394
4,9,10,Beam 2 (chemistry),vbl+N536+E48,1.7631665141038702,0.817742,0.33978,2293.67,12.13896,6.26447
4,9,10,Beam 2 (chemistry),vbu+N15+E48,1.4535462703174038,0.87714,0.45462,1963.41,13.59273,10.24015
4,9,10,Beam 2 (chemistry),bcs+N536+E48,1.7066303609374198,1.58891,0.0,0.0,7.1512,2.00259
4,9,10,Beam 2 (chemistry),wmj+N15+E48,1.4598802461315967,0.830787,0.46448,1970.54,15.71739,12.39799
4,9,10,Beam 2 (chemistry),sxj+N536+E48,1.7514934943593337,0.93865,0.3019,2055.32,10.66005,6.6787
4,9,10,Beam 3 (metal only),vbt+N15+E48,1.5392085778165439,0.941818,0.39108,2201.6,12.31947,7.94298
4,9,10,Beam 3 (metal only),wmb+N9+E48,1.840729129607447,0.896809,0.2558,2681.52,7.9589,4.91651
4,9,10,Beam 3 (metal only),wig+N536+E48,1.9162120612646505,0.89715,0.25972,2611.26,8.83879,5.11372
4,9,10,Beam 3 (metal only),wkp+N14+E48,1.6655307314696481,0.9365,0.39168,2300.11,14.40972,11.24182
4,9,10,Beam 3 (metal only),whl+N9+E48,1.7658575633510385,0.83741,0.3489,2064.96,13.95055,11.1869
4,9,10,Beam 3 (metal only),smp+N15+E48,1.6836130214933378,1.05001,0.3729,1955.61,18.79637,5.62607
4,9,10,Beam 3 (metal only),wmj+N536+E48,1.846324398534605,0.935152,0.24354,2542.0,8.84646,4.75192
4,9,10,Beam 3 (metal only),smm+N15+E48,1.658999426683519,0.944451,0.39932,2111.43,15.46559,11.9732
4,9,10,Beam 3 (metal only),kag+N14+E48,1.6009940142765355,0.871688,0.44522,2008.04,15.30063,13.23419
4,9,10,Beam 4 (random baseline),fcd+N332+E39,1.1626508879972373,0.0747723,0.92182,427.809,54.37468,41.46064
4,9,10,Beam 4 (random baseline),uoy+N385+E65,1.252483201687894,0.225804,0.77172,1272.36,18.57801,15.15669
4,9,10,Beam 4 (random baseline),bsn+N568+E224,1.5723161278704458,0.516146,0.50178,2357.52,11.64175,8.8795
4,9,10,Beam 4 (random baseline),vcz+N248+E49,1.691914415805799,0.612889,0.48156,2247.84,11.35032,7.97849
4,9,10,Beam 4 (random baseline),smt+N548+E104,1.4921245338346254,0.409648,0.6462,1629.3,22.3782,20.94349
4,9,10,Beam 4 (random baseline),sme+N55+E130,1.5621669919248224,0.489405,0.46898,2431.08,12.13819,7.93957
4,9,10,Beam 4 (random baseline),ecl+N637+E86,1.605769650416794,0.387385,0.58926,1901.53,19.06478,14.31213
4,9,10,Beam 4 (random baseline),dei+N207+E85,1.6055083804447592,0.182765,0.82698,813.632,36.97017,31.7725
4,9,10,Beam 4 (random baseline),wmk+N480+E82,1.3503026961726343,0.365116,0.70738,1427.24,25.45526,17.38308
4,9,10,Beam 4 (random baseline),wiq+N379+E195,1.5469481912634437,0.711166,0.49078,2147.25,12.71928,10.23348
4,10,11,Beam 1 (full hypothesis),pcu+N536+E48,2.218136697906535,1.06105,0.15282,2376.85,5.70997,3.17387
4,10,11,Beam 1 (full hypothesis),qtz-x+N15+E48,1.7014267766070952,1.57203,0.09152,2023.59,6.0069,2.97946
4,10,11,Beam 1 (full hypothesis),vmk+N9+E48,1.7472763923649486,1.27952,0.08724,1737.91,5.52797,2.92595
4,10,11,Beam 1 (full hypothesis),vcz+N9+E48,1.8376618881899491,1.25396,0.0906,1861.34,5.28622,3.34129
4,10,11,Beam 1 (full hypothesis),sda+N15+E48,1.9362066589369549,1.62409,0.10104,1920.77,5.5982,3.25033
4,10,11,Beam 1 (full hypothesis),pcu+N9+E48,2.0776512248832386,1.26241,0.0847,2051.39,5.21762,2.86066
4,10,11,Beam 1 (full hypothesis),hxg+N14+E48,1.7818087484578398,1.50702,0.12804,2114.63,5.89357,3.46935
4,10,11,Beam 1 (full hypothesis),sxb+N536+E48,2.019186780440599,1.27884,0.07302,1815.1,5.47946,2.86567
4,10,11,Beam 1 (full hypothesis),msw+N536+E48,1.84731264700436,1.28674,0.07694,1629.0,4.98949,3.19101
4,10,11,Beam 1 (full hypothesis),vcz+N536+E48,1.8801642016345235,1.2015,0.10968,1897.65,6.29937,2.86229
4,10,11,Beam 2 (chemistry),vmj+N14+E48,1.5141462787072004,0.838005,0.46368,1974.61,13.32197,10.5942
4,10,11,Beam 2 (chemistry),whg+N536+E48,1.9295177944862154,0.9394,0.27642,2126.57,13.03711,5.73155
4,10,11,Beam 2 (chemistry),wms+N14+E48,1.640863231969212,0.799736,0.50196,1735.71,31.96777,30.36841
4,10,11,Beam 2 (chemistry),wkh+N536+E48,1.816276391935756,0.882103,0.30254,2225.05,10.80398,5.77033
4,10,11,Beam 2 (chemistry),wmv+N15+E48,1.5069564897527243,0.821165,0.48672,1909.93,15.98284,13.41152
4,10,11,Beam 2 (chemistry),vda+N14+E48,1.547284112784509,0.933144,0.40654,2124.85,12.44197,7.91133
4,10,11,Beam 2 (chemistry),snh+N9+E48,2.082520225915863,1.28083,0.1298,1748.35,8.94159,3.6099
4,10,11,Beam 2 (chemistry),wmt+N14+E48,1.6212819101283908,0.872026,0.50772,1414.73,26.87203,25.15594
4,10,11,Beam 2 (chemistry),wks+N536+E48,1.808281724253483,0.931836,0.28378,2158.94,11.03078,6.6216
4,10,11,Beam 3 (metal only),wif+N9+E48,1.2854977363965931,1.70614,0.0,0.0,4.04225,1.67593
4,10,11,Beam 3 (metal only),lcs-e+N15+E48,1.5028169018645603,0.69112,0.5689,1533.69,17.91001,13.0124
4,10,11,Beam 3 (metal only),smm+N9+E48,1.7443475773522052,0.984285,0.24536,2292.52,8.84533,7.45423
4,10,11,Beam 3 (metal only),som+N14+E48,1.544087522990475,0.921463,0.38722,2454.07,10.8688,8.4297
4,10,11,Beam 3 (metal only),whe+N14+E48,1.4928784532497996,0.892572,0.43132,2052.52,17.82109,11.34292
4,10,11,Beam 3 (metal only),sne+N9+E48,1.935496089276985,0.981098,0.228,2387.96,7.79505,5.20342
4,10,11,Beam 3 (metal only),whk+N9+E48,1.6743593056596646,0.878845,0.31776,2169.79,12.86152,5.88743
4,10,11,Beam 3 (metal only),wme+N15+E48,1.671226673564448,0.824966,0.47002,1945.84,17.37977,9.35143
4,10,11,Beam 3 (metal only),wij+N536+E48,1.75819665208358,0.782564,0.37046,2205.26,14.08391,11.72093
4,10,11,Beam 3 (metal only),soj+N15+E48,1.5621002596983002,1.24144,0.28546,1831.78,11.08412,8.54397
4,10,11,Beam 4 (random baseline),unp+N371+E215,1.3975386010221407,0.196595,0.80994,1013.88,28.70005,20.42832
4,10,11,Beam 4 (random baseline),snl+N666+E184,1.9915807510738253,0.921864,0.28538,2515.03,10.52322,6.3873
4,10,11,Beam 4 (random baseline),snf+N314+E107,1.5655069277457387,0.236218,0.75546,1111.77,35.98323,22.98871
4,10,11,Beam 4 (random baseline),pbp+N713+E34,1.1328263092154507,0.0420853,0.95056,292.896,79.55127,50.27942
4,10,11,Beam 4 (random baseline),vcz+N556+E123,1.6531469909411682,0.621673,0.57662,2053.45,16.4962,14.10384
4,10,11,Beam 4 (random baseline),wia+N77+E39,1.2652969335203563,0.200272,0.82586,947.869,35.09259,19.88879
4,10,11,Beam 4 (random baseline),thp+N337+E155,1.6177333379675445,1.02117,0.40446,2475.83,11.18402,6.83453
4,10,11,Beam 4 (random baseline),wgp+N300+E41,1.1838480733968648,0.262522,0.75948,1401.77,17.09811,13.38178
4,10,11,Beam 4 (random baseline),zfj+N242+E98,1.356844635743275,0.329195,0.6476,1812.48,16.61837,10.7866
4,10,11,Beam 4 (random baseline),dia-a+N335+E89,1.582655858753861,0.283058,0.70768,1233.64,24.07887,18.7724
5,1,1,Beam 1 (full hypothesis),sxd+N9+E120,1.470141165352014,0.625463,0.46206,2353.3,10.35276,8.8265
5,1,1,Beam 1 (full hypothesis),whz+N533+E204,1.8873017414517934,0.958362,0.31798,2151.97,11.55021,6.79422
5,1,1,Beam 1 (full hypothesis),smn+N14+E206,1.6876741207494854,1.12381,0.3518,2237.87,13.04085,11.48115
5,1,1,Beam 1 (full hypothesis),smw+N9+E85,1.8126090138134285,0.739203,0.39624,1968.97,21.53839,19.70189
5,1,1,Beam 1 (full hypothesis),wkf+N533+E186,1.7388182300642006,0.739328,0.38332,2293.96,11.48291,9.00557
5,1,1,Beam 1 (full hypothesis),whm+N14+E3,1.4450266071625164,0.363894,0.737,1163.01,29.71951,28.38987
5,1,1,Beam 1 (full hypothesis),vmg+N9+E39,1.2563585012109646,0.168425,0.81052,1007.45,24.01879,20.93098
5,1,1,Beam 1 (full hypothesis),vme+N533+E48,2.0313166051650766,0.925278,0.18978,1952.12,7.25682,4.96736
5,1,1,Beam 1 (full hypothesis),vmf+N15+E96,1.5029246574719122,0.603554,0.57546,1811.05,18.05811,13.51227
5,1,1,Beam 1 (full hypothesis),qtz-x+N9+E142,1.8826815563307047,0.904905,0.2453,2684.16,7.15544,6.14439
5,1,1,Beam 2 (chemistry),wgv+N9+E11,1.554979542284497,0.469356,0.57676,1865.07,16.51114,11.26688
5,1,1,Beam 2 (chemistry),smq+N14+E98,1.4531131881684796,0.353828,0.72136,1302.17,27.20055,21.88754
5,1,1,Beam 2 (chemistry),wiu+N533+E12,1.3810614088202644,0.268457,0.68018,1715.6,16.44789,10.97416
5,1,1,Beam 2 (chemistry),whj+N9+E89,1.8034604058489843,1.22866,0.12072,1525.93,9.38584,3.04206
5,1,1,Beam 2 (chemistry),wmq+N15+E33,1.238062466951641,0.236126,0.81868,916.159,60.85012,58.1899
5,1,1,Beam 2 (chemistry),whx+N533+E206,1.4973887816855864,0.860744,0.43004,1569.7,14.30473,9.51549
5,1,1,Beam 2 (chemistry),wik+N9+E225,1.3633500122669968,0.224794,0.7685,1200.32,36.46465,34.98257
5,1,1,Beam 2 (chemistry),wmi+N15+E218,1.2657525427587804,0.347946,0.7375,1262.68,29.89456,15.16696
5,1,1,Beam 2 (chemistry),wil+N533+E131,1.7707313568134881,1.00403,0.2572,2084.84,11.03918,8.16945
5,1,1,Beam 2 (chemistry),wml+N9+E47,1.6149551937006452,0.314807,0.6985,1360.09,38.11203,37.05692
5,1,1,Beam 3 (metal only),wmb+N14+E73,1.4991277673562968,0.762298,0.52852,1792.19,16.56719,13.17254
5,1,1,Beam 3 (metal only),vbt+N9+E163,1.5048676715720835,0.456204,0.59618,1840.77,18.26957,15.2268
5,1,1,Beam 3 (metal only),vmf+N533+E166,1.7725595439742092,0.661459,0.39914,2297.98,11.37066,8.55984
5,1,1,Beam 3 (metal only),smt+N15+E61,1.4688874648540635,0.381581,0.69928,1412.45,27.9863,27.38487
5,1,1,Beam 3 (metal only),sxe+N9+E119,1.4864207080035474,0.692351,0.41048,2484.27,12.33831,7.22656
5,1,1,Beam 3 (metal only),whu+N533+E29,1.7449752529309634,0.644899,0.43314,1926.28,17.27843,16.04098
5,1,1,Beam 3 (metal only),wiv+N14+E120,1.3601855191334336,0.713659,0.52166,2081.84,12.78249,10.42743
5,1,1,Beam 3 (metal only),wmk+N9+E3,1.6274177863272856,0.415142,0.62392,1762.57,21.5787,12.41815
5,1,1,Beam 3 (metal only),sda+N533+E138,2.1992441796314686,1.04841,0.11824,2177.47,6.00657,3.72958
5,1,1,Beam 3 (metal only),wkm+N15+E132,1.4146813347082248,0.781364,0.56268,1575.59,27.61433,26.77962
5,1,1,Beam 4 (random baseline),wig+N122+E108,1.5871657870495366,0.633954,0.53504,1854.93,16.39589,12.33068
5,1,1,Beam 4 (random baseline),tzs+N335+E84,1.3787080063309063,0.19699,0.77586,1128.24,30.06497,22.75766
5,1,1,Beam 4 (random baseline),wiu+N467+E108,1.7722462679975268,0.844819,0.31044,2698.34,9.31693,5.27316
5,1,1,Beam 4 (random baseline),uoe+N305+E3,1.2630054601778062,0.173973,0.84466,867.93,33.3279,31.06571
5,1,1,Beam 4 (random baseline),irl+N450+E127,1.2799802745479931,0.277816,0.7058,1690.08,14.03121,12.14839
5,1,1,Beam 4 (random baseline),tes+N140+E211,1.9991060852733236,0.867284,0.28266,1792.34,12.69674,9.58732
5,1,1,Beam 4 (random baseline),ato+N623+E121,1.1524659572503104,0.0944085,0.89534,603.305,58.37305,55.05705
5,1,1,Beam 4 (random baseline),win+N148+E84,2.0210394612823452,0.904705,0.25486,1765.19,12.65567,9.93839
5,1,1,Beam 4 (random baseline),ukf+N580+E141,1.241572648611216,0.240881,0.78428,1179.36,25.3191,16.56345
5,1,1,Beam 4 (random baseline),smq+N265+E121,1.374355616414945,0.27849,0.72412,1417.37,24.62072,21.94077
5,2,2,Beam 1 (full hypothesis),hxg+N533+E120,1.9143533604698362,1.03518,0.12876,1965.73,7.35531,3.39139
5,2,2,Beam 1 (full hypothesis),whn+N9+E120,1.7468337114211552,0.907577,0.27158,2478.7,9.51663,4.67733
5,2,2,Beam 1 (full hypothesis),qtz-x+N9+E201,1.9540873512726524,0.940162,0.21068,3012.26,6.35028,4.08673
5,2,2,Beam 1 (full hypothesis),cap+N533+E179,1.952830230145753,0.988398,0.13646,2106.53,6.58348,4.72893
5,2,2,Beam 1 (full hypothesis),wif+N9+E181,1.83898509253484,0.998044,0.17806,2593.87,6.97468,3.76085
5,2,2,Beam 1 (full hypothesis),cap+N533+E163,1.7936685794384335,1.10398,0.11704,1994.51,6.57863,4.10927
5,2,2,Beam 1 (full hypothesis),sxc+N9+E120,1.718972116938004,0.919037,0.21672,3171.06,6.94706,4.32324
5,2,2,Beam 1 (full hypothesis),cap+N533+E234,2.1192884160902374,0.987683,0.15394,2123.38,6.91751,5.47913
5,2,2,Beam 1 (full hypothesis),rob+N9+E163,1.8987033935198114,0.918979,0.24404,2638.82,7.4975,5.83888
5,2,2,Beam 2 (chemistry),vbw+N9+E3,1.4773254838802345,0.350924,0.67058,1566.58,21.9653,13.29803
5,2,2,Beam 2 (chemistry),sxf+N9+E218,1.5371225963357142,0.387784,0.61398,1929.06,18.79846,11.06968
5,2,2,Beam 2 (chemistry),wky+N533+E3,1.5981675978830963,0.355373,0.63348,1707.34,17.58894,13.53647
5,2,2,Beam 2 (chemistry),wkq+N9+E181,1.5595019418029614,0.544962,0.51162,2240.33,14.68823,13.4502
5,2,2,Beam 2 (chemistry),lcs-e+N533+E120,1.4728557216706715,0.558976,0.48354,1929.13,13.90704,9.97653
5,2,2,Beam 2 (chemistry),bsn+N9+E163,1.546627406824083,0.564516,0.49392,2338.75,11.50449,9.25118
5,2,2,Beam 2 (chemistry),why+N533+E68,1.6145588750433222,0.387289,0.63038,1817.36,16.98355,13.19052
5,2,2,Beam 2 (chemistry),sxf+N9+E234,1.5898287267589393,0.466349,0.57366,1952.18,16.72158,9.48584
5,2,2,Beam 2 (chemistry),whf+N533+E120,1.8563186726110716,0.531912,0.49978,1994.11,20.54554,13.39562
5,2,2,Beam 2 (chemistry),win+N533+E163,1.7893822830553308,0.404168,0.61234,1702.43,25.22456,23.17574
5,2,2,Beam 3 (metal only),wim+N9+E38,1.3353016265922877,0.401135,0.65992,1746.19,19.2384,18.95759
5,2,2,Beam 3 (metal only),lcy-e+N9+E179,1.4652072276779224,0.417601,0.62152,1719.63,18.9127,14.13002
5,2,2,Beam 3 (metal only),wnd+N533+E147,1.7492801621503535,0.45607,0.5223,2108.5,18.26681,8.50922
5,2,2,Beam 3 (metal only),whe+N9+E81,1.7021514318264932,0.579918,0.51056,2025.95,17.63445,14.44633
5,2,2,Beam 3 (metal only),kag+N533+E181,1.596119508209683,0.421911,0.56922,1934.2,18.38334,15.36945
5,2,2,Beam 3 (metal only),sxj+N533+E222,1.5139627033662102,0.346546,0.63094,1749.01,19.03493,14.03808
5,2,2,Beam 3 (metal only),snh+N9+E23,1.4831547017363818,0.553895,0.50114,2318.03,14.48015,7.62006
5,2,2,Beam 3 (metal only),lcs-e+N533+E61,1.6323880378365445,0.341209,0.63816,1572.7,20.29325,13.78355
5,2,2,Beam 3 (metal only),wmy+N9+E96,1.4851452833917809,0.44221,0.58402,1979.73,14.91055,12.34664
5,2,2,Beam 4 (random baseline),uoc+N534+E85,1.3827329239010164,0.233813,0.78672,1091.11,23.14522,19.23928
5,2,2,Beam 4 (random baseline),ukg+N312+E211,1.8145472017821813,0.360247,0.6618,1508.29,20.80993,13.04268
5,2,2,Beam 4 (random baseline),crs+N666+E96,1.3767684683373336,0.357364,0.68518,1506.86,23.02267,15.82486
5,2,2,Beam 4 (random baseline),uoz+N393+E119,1.4064874826074363,0.41354,0.67246,1628.51,18.30004,16.88184
5,2,2,Beam 4 (random baseline),uom+N68+E173,1.4787494247983244,0.523375,0.45912,2310.39,12.30959,8.02921
5,2,2,Beam 4 (random baseline),soj+N108+E226,1.9705185702704366,1.20721,0.14996,1996.15,7.9599,3.94701
5,2,2,Beam 4 (random baseline),umm+N376+E47,1.2828703884348218,0.0787584,0.927,406.488,76.1969,73.58903
5,2,2,Beam 4 (random baseline),wna+N568+E19,1.7211386904092787,1.09741,0.2191,2808.88,9.99185,3.81065
5,2,2,Beam 4 (random baseline),vmg+N170+E203,1.4093204706647895,0.245533,0.66226,1794.61,14.33911,11.60485
5,2,2,Beam 4 (random baseline),fnj+N254+E47,1.2707974673599143,0.196984,0.8158,1005.3,33.62897,32.13277
5,3,3,Beam 1 (full hypothesis),vcz+N559+E95,1.9021660722938118,0.980704,0.1648,2404.75,7.08591,4.17469
5,3,3,Beam 1 (full hypothesis),sda+N9+E120,1.8148631764244931,1.01697,0.21626,2500.33,7.71499,4.99327
5,3,3,Beam 1 (full hypothesis),sol+N9+E29,1.822014695512845,1.00286,0.21068,2632.99,7.50158,5.27088
5,3,3,Beam 1 (full hypothesis),wid+N533+E29,1.9947663338190833,1.00414,0.1815,2256.97,7.95502,4.82075
5,3,3,Beam 1 (full hypothesis),wis+N533+E29,2.0026620024799455,0.967877,0.1952,2275.04,8.12838,4.38024
5,3,3,Beam 1 (full hypothesis),wha+N9+E29,1.8632061861292764,1.19932,0.1416,2140.22,6.83269,4.02253
5,3,3,Beam 1 (full hypothesis),wie+N533+E63,2.021492333454183,0.901924,0.23894,2394.31,8.12473,5.84148
5,3,3,Beam 1 (full hypothesis),hxg+N222+E166,1.8236240623601383,0.9046,0.16612,2182.41,8.04048,4.30331
5,3,3,Beam 1 (full hypothesis),rob+N9+E163,1.7088084873734404,0.918979,0.24404,2638.82,7.4975,5.83888
5,3,3,Beam 1 (full hypothesis),cap+N222+E29,1.8562615212357845,0.925029,0.18436,2336.4,7.60212,5.4175
5,3,3,Beam 2 (chemistry),sne+N574+E3,1.4508197188774872,0.274996,0.69874,1504.49,20.57237,15.26266
5,3,3,Beam 2 (chemistry),wkm+N559+E149,1.7385516030551427,0.488204,0.52688,1892.83,25.84057,24.91175
5,3,3,Beam 2 (chemistry),wmm+N574+E149,1.8873675897967237,0.590742,0.42692,2190.01,19.44726,16.12296
5,3,3,Beam 2 (chemistry),wih+N9+E48,1.7559469593424917,0.816011,0.3264,2441.56,14.47414,12.0002
5,3,3,Beam 2 (chemistry),sne+N222+E63,1.7292276030563851,0.553308,0.43388,2249.98,11.93223,8.03696
5,3,3,Beam 2 (chemistry),wmt+N9+E3,1.4686171738918181,0.323154,0.71952,1157.29,35.8145,34.00277
5,3,3,Beam 2 (chemistry),whs+N222+E149,1.7673897340288889,0.498445,0.5088,1922.71,20.14584,19.25213
5,3,3,Beam 2 (chemistry),wht+N559+E138,1.7343507755386773,0.655085,0.3355,2473.95,8.54698,6.26948
5,3,3,Beam 2 (chemistry),vbw+N574+E138,1.737801092643843,0.524909,0.45884,2148.64,16.12852,8.1453
5,3,3,Beam 2 (chemistry),wii+N559+E222,1.3463651085771895,0.225083,0.73192,1367.12,31.04335,29.61284
5,3,3,Beam 3 (metal only),wky+N559+E24,1.369754154658335,0.293417,0.64754,1731.73,18.13673,15.76042
5,3,3,Beam 3 (metal only),wmz+N222+E63,1.8527390726630961,0.703654,0.289,2620.86,9.47312,5.42362
5,3,3,Beam 3 (metal only),wht+N533+E3,1.6309096329884478,0.345782,0.63806,1746.62,17.57272,11.76767
5,3,3,Beam 3 (metal only),whd+N559+E186,1.4584006623736232,0.536506,0.50602,1851.95,18.39256,16.32053
5,3,3,Beam 3 (metal only),vcc+N559+E131,1.805005480635504,0.814109,0.26608,2721.4,8.13335,4.70008
5,3,3,Beam 3 (metal only),kag+N533+E89,1.7409330419353748,1.11436,0.14064,1207.45,8.8372,7.77555
5,3,3,Beam 3 (metal only),cap+N9+E32,1.9860855892108655,0.872669,0.22018,2489.77,7.2412,4.96765
5,3,3,Beam 3 (metal only),smi+N533+E202,1.879224593319478,0.752956,0.3782,2248.1,10.24621,7.8249
5,3,3,Beam 3 (metal only),sng+N559+E44,1.5299636810692603,0.425942,0.55632,1951.07,18.32513,9.82619
5,3,3,Beam 3 (metal only),wig+N574+E181,1.5881964325038538,0.362325,0.59568,1948.85,15.28671,13.8226
5,3,3,Beam 4 (random baseline),wkq+N147+E45,1.3640114328651947,0.579744,0.63664,1702.0,20.86113,20.05486
5,3,3,Beam 4 (random baseline),wiu+N232+E226,2.4797638682991896,1.53764,0.0,0.0,6.43205,1.99164
5,3,3,Beam 4 (random baseline),ukc+N153+E32,1.338660485501191,0.186086,0.79766,1140.97,25.85456,17.36556
5,3,3,Beam 4 (random baseline),wkf+N334+E147,1.7052022018921886,0.577586,0.47834,2203.81,14.07589,10.87721
5,3,3,Beam 4 (random baseline),yff+N671+E24,1.3471699524973941,0.303904,0.72518,1466.79,22.95225,13.10546
5,3,3,Beam 4 (random baseline),wjk+N272+E113,1.4986861209572453,0.223008,0.78848,1101.51,25.79996,22.76461
5,3,3,Beam 4 (random baseline),lcs-e+N16+E209,1.4291545760502848,0.324832,0.6991,1497.72,22.07119,16.35505
5,3,3,Beam 4 (random baseline),snp+N630+E82,1.3642223699455565,0.355946,0.73214,1356.28,20.79932,15.06775
5,3,3,Beam 4 (random baseline),uop+N549+E10,1.196438839547391,0.0759631,0.8981,609.576,29.72064,24.18578
5,3,3,Beam 4 (random baseline),qtz-e+N680+E70,1.6385752690686566,0.557975,0.5093,2176.67,12.38508,8.51418
5,4,4,Beam 1 (full hypothesis),sda+N334+E166,1.8828414377744278,1.0753,0.21222,2619.52,6.41286,4.47766
5,4,4,Beam 1 (full hypothesis),qtz-x+N334+E29,1.9136956861519225,1.18625,0.1138,2160.97,6.61949,3.54465
5,4,4,Beam 1 (full hypothesis),sxb+N533+E29,2.1711103724185237,0.912118,0.19254,2627.91,6.97902,4.48219
5,4,4,Beam 1 (full hypothesis),sxb+N481+E73,1.7319286698058614,1.06187,0.18374,2789.79,7.03791,4.02555
5,4,4,Beam 1 (full hypothesis),vmk+N334+E138,1.813768859435184,1.17211,0.17142,2240.26,6.52956,5.0027
5,4,4,Beam 1 (full hypothesis),wha+N481+E63,1.973812510786305,1.12269,0.17914,2494.53,6.88473,3.42367
5,4,4,Beam 1 (full hypothesis),vda+N334+E63,1.8600831783881209,1.0646,0.19904,2675.3,7.24786,4.6205
5,4,4,Beam 1 (full hypothesis),wmz+N334+E63,1.7870961711642888,1.11115,0.20554,2446.09,7.98634,4.65102
5,4,4,Beam 1 (full hypothesis),snw+N334+E48,1.948441438356439,1.04085,0.2144,2357.08,7.70993,5.1185
5,4,4,Beam 2 (chemistry),wmi+N533+E234,1.5904118057148238,0.375032,0.61812,1808.27,21.10239,10.76697
5,4,4,Beam 2 (chemistry),wmg+N481+E95,1.7449951636863181,0.826349,0.38892,2180.74,14.22735,7.61643
5,4,4,Beam 2 (chemistry),smu+N334+E73,1.6733765579792692,0.861224,0.32832,2489.74,9.96315,6.23618
5,4,4,Beam 2 (chemistry),smg+N533+E149,1.6892018185143658,0.688407,0.38276,2283.41,13.26758,8.33718
5,4,4,Beam 2 (chemistry),som+N533+E96,1.4168561490078047,0.389372,0.56658,2169.43,14.94418,9.65649
5,4,4,Beam 2 (chemistry),wmz+N481+E73,1.8800544776554216,0.935185,0.29242,2491.81,9.37719,5.50996
5,4,4,Beam 2 (chemistry),sny+N481+E166,1.5857902086559394,0.572924,0.57348,1622.0,23.83289,22.19554
5,4,4,Beam 2 (chemistry),sxd+N533+E61,1.5484687383959046,0.368153,0.60318,1833.71,15.84601,14.3601
5,4,4,Beam 2 (chemistry),vbw+N481+E73,1.5697353435010493,0.684101,0.45914,2185.52,15.44008,7.3666
5,4,4,Beam 2 (chemistry),smc+N481+E95,1.853834720385297,1.00961,0.2494,2612.25,7.80837,5.06486
5,4,4,Beam 3 (metal only),whj+N481+E206,1.691273404535145,1.00898,0.34524,2167.37,13.4436,6.24712
5,4,4,Beam 3 (metal only),ske+N533+E57,1.5670420621282708,0.549966,0.46062,2594.62,9.81227,8.66453
5,4,4,Beam 3 (metal only),snp+N334+E85,1.413348572088999,0.649123,0.4863,1650.43,14.29536,13.23336
5,4,4,Beam 3 (metal only),vmk+N533+E30,1.4114913966012375,0.292839,0.66378,1718.37,18.13301,15.73903
5,4,4,Beam 3 (metal only),whu+N334+E29,1.6958541442022468,0.721509,0.4436,1985.05,16.44965,15.45773
5,4,4,Beam 3 (metal only),ske+N533+E61,1.4026125216525556,0.356763,0.59146,2073.16,14.54938,11.15225
5,4,4,Beam 3 (metal only),wmb+N334+E44,1.5552592564946728,0.849035,0.39508,2615.31,9.95884,6.91291
5,4,4,Beam 3 (metal only),lcy-e+N334+E63,1.6033504615366303,0.85837,0.3599,2224.33,10.64783,8.3058
5,4,4,Beam 3 (metal only),wkm+N481+E163,1.5349901132046582,0.363494,0.6763,1518.48,41.69114,41.06932
5,4,4,Beam 3 (metal only),wml+N533+E30,1.3949204784919744,0.254191,0.70498,1472.71,32.83392,30.60623
5,4,4,Beam 4 (random baseline),vbo+N274+E85,1.6468536711094368,0.400605,0.56364,1946.7,15.39047,11.92876
5,4,4,Beam 4 (random baseline),foa+N482+E234,1.8816465049132778,0.689508,0.4344,2171.64,14.72588,12.53266
5,4,4,Beam 4 (random baseline),vbq+N340+E61,1.4878942343307764,0.606001,0.4947,2231.43,13.70423,9.30573
5,4,4,Beam 4 (random baseline),bcg+N241+E48,1.9848409716029543,1.43967,0.1761,1993.42,8.03277,3.90128
5,4,4,Beam 4 (random baseline),ecf+N98+E222,1.3315230585937488,0.377209,0.7506,1210.2,30.53191,14.88621
5,4,4,Beam 4 (random baseline),whi+N273+E126,1.4451869425892392,0.347784,0.63014,1796.58,19.35691,14.40855
5,4,4,Beam 4 (random baseline),sod-e+N146+E212,1.3920091678159217,0.869874,0.54774,1489.43,21.09141,9.99718
5,4,4,Beam 4 (random baseline),lcs-a+N631+E203,1.3498819772926447,0.140406,0.87606,626.132,41.15919,34.55181
5,4,4,Beam 4 (random baseline),wir+N125+E233,1.461901341560278,0.617728,0.51196,2129.69,14.8836,9.96388
5,4,4,Beam 4 (random baseline),vmx+N281+E86,1.6238519256514834,0.515802,0.48398,2280.79,13.52878,10.97912
5,5,5,Beam 1 (full hypothesis),wib+N533+E48,1.982875025158385,0.942512,0.1564,2214.54,6.89795,4.09104
5,5,5,Beam 1 (full hypothesis),vmk+N533+E138,1.8407130471103461,0.9405,0.20874,2396.96,7.61044,4.57258
5,5,5,Beam 1 (full hypothesis),whn+N533+E138,2.071101967885886,1.01923,0.13964,2240.25,6.56629,4.23167
5,5,5,Beam 1 (full hypothesis),vmk+N334+E138,1.832013852910838,1.17211,0.17142,2240.26,6.52956,5.0027
5,5,5,Beam 1 (full hypothesis),vda+N334+E63,1.8172537918890908,1.06152,0.19958,2667.52,7.23658,4.58289
5,5,5,Beam 1 (full hypothesis),wha+N334+E166,1.6881222141559293,1.16735,0.12768,2582.68,7.24094,3.44081
5,5,5,Beam 1 (full hypothesis),wie+N334+E29,1.8589581199485736,1.0694,0.22134,2252.9,7.87008,4.98164
5,5,5,Beam 1 (full hypothesis),sxa+N481+E48,2.1736688208070216,1.11539,0.16174,2001.12,7.02308,4.037
5,5,5,Beam 1 (full hypothesis),whn+N334+E166,1.8998537009454128,1.02277,0.22546,2769.62,7.3456,4.16523
5,5,5,Beam 1 (full hypothesis),whn+N334+E73,1.7877374483944033,1.13153,0.17694,2380.47,7.35692,4.53138
5,5,5,Beam 2 (chemistry),wil+N222+E138,1.7357333282480596,0.719833,0.30474,2211.74,12.67341,9.37701
5,5,5,Beam 2 (chemistry),wir+N574+E29,1.6057975034498393,0.535632,0.45894,2146.41,14.60373,9.30072
5,5,5,Beam 2 (chemistry),son+N334+E48,1.881766605568648,1.03973,0.19544,2485.32,8.06557,5.44339
5,5,5,Beam 2 (chemistry),wjd+N334+E234,1.5559877773977377,0.421708,0.61312,1853.74,21.2028,10.76936
5,5,5,Beam 2 (chemistry),vcf+N574+E63,1.7066579584270936,0.549723,0.43532,2315.97,12.38415,9.19794
5,5,5,Beam 2 (chemistry),whz+N222+E138,1.7688347516339258,0.582975,0.39694,2372.61,12.6223,7.93197
5,5,5,Beam 2 (chemistry),reo-e+N222+E166,1.5011566644358552,0.45082,0.51494,2143.75,18.89842,8.32255
5,5,5,Beam 2 (chemistry),wid+N533+E138,1.5438315184498743,1.07515,0.0897,1679.78,6.69224,3.63772
5,5,5,Beam 2 (chemistry),wml+N481+E29,1.8151581071282197,0.744275,0.42784,1883.34,22.89058,21.93795
5,5,5,Beam 2 (chemistry),whx+N222+E138,1.6965066199004115,0.526273,0.48082,1754.81,15.61155,10.8973
5,5,5,Beam 3 (metal only),tfs+N481+E206,1.7254987256658896,1.04332,0.32922,2254.02,13.94907,12.5893
5,5,5,Beam 3 (metal only),who+N574+E45,1.6528942210375757,0.61498,0.3997,2553.68,13.12829,7.12847
5,5,5,Beam 3 (metal only),wib+N334+E89,1.3253696903265395,1.42475,0.04204,1049.43,6.05677,2.92464
5,5,5,Beam 3 (metal only),sxb+N481+E4,1.4414234779832256,0.380575,0.61866,2099.34,12.88473,10.30037
5,5,5,Beam 3 (metal only),wis+N334+E57,1.5484140985594796,0.864885,0.32572,2827.49,11.50684,4.61619
5,5,5,Beam 3 (metal only),wmw+N533+E38,1.3745128888412212,0.362671,0.6223,1927.19,17.96229,16.09507
5,5,5,Beam 3 (metal only),wmq+N222+E27,1.4967797365525464,0.408008,0.59156,1866.56,26.56643,26.27084
5,5,5,Beam 3 (metal only),wii+N222+E204,1.6917218216981356,0.678933,0.43594,2113.61,16.49383,13.97356
5,5,5,Beam 3 (metal only),sno+N222+E89,1.7231637091684946,0.797959,0.3027,1555.66,14.96377,13.84838
5,5,5,Beam 4 (random baseline),sof+N364+E187,1.3812864427112976,0.230187,0.75014,1313.15,30.10044,29.31244
5,5,5,Beam 4 (random baseline),fcm+N572+E175,1.5824244850096567,0.506158,0.60646,1727.68,21.00072,17.55976
5,5,5,Beam 4 (random baseline),wml+N283+E45,1.6862583877689103,0.741941,0.4666,1841.3,18.89808,17.97662
5,5,5,Beam 4 (random baseline),vbq+N308+E49,1.7188892459024199,0.539383,0.52368,2006.51,14.61966,11.37712
5,5,5,Beam 4 (random baseline),qtz-e+N694+E108,2.096203146658283,1.07119,0.15902,2108.65,7.7728,3.85909
5,5,5,Beam 4 (random baseline),umx+N27+E234,1.2544574286228116,0.136766,0.8418,827.451,37.95051,35.41672
5,5,5,Beam 4 (random baseline),uop+N547+E7,1.1931573376698636,0.142806,0.84324,882.812,23.62388,19.36247
5,5,5,Beam 4 (random baseline),eta+N315+E212,1.1602120475478703,0.153596,0.84838,864.667,28.52835,25.98785
5,5,5,Beam 4 (random baseline),vbn+N540+E13,1.757336948201138,0.646514,0.38676,2305.34,10.08438,7.88986
5,5,5,Beam 4 (random baseline),wmh+N30+E186,1.4695293421212123,0.964935,0.47762,2051.18,15.06291,11.87529
5,6,6,Beam 1 (full hypothesis),wie+N334+E138,1.9595860008241404,1.16277,0.175,2230.5,7.59854,4.50162
5,6,6,Beam 1 (full hypothesis),vda+N334+E48,1.9105358430850814,1.13468,0.15176,2227.34,7.35177,3.87321
5,6,6,Beam 1 (full hypothesis),son+N481+E138,1.8859996714911413,1.0841,0.18166,2606.04,6.90434,4.87754
5,6,6,Beam 1 (full hypothesis),wiu+N334+E48,1.9188385691857568,1.09165,0.16554,2328.35,7.70123,4.52923
5,6,6,Beam 1 (full hypothesis),sxc+N481+E73,1.6953055923283231,1.1144,0.16166,2529.51,7.30183,3.88512
5,6,6,Beam 1 (full hypothesis),sxp+N533+E63,2.07459433506757,1.0013,0.17188,2337.89,7.7982,4.24396
5,6,6,Beam 1 (full hypothesis),bcs+N481+E166,1.917611867325107,1.17247,0.1801,2328.71,7.67382,3.91224
5,6,6,Beam 1 (full hypothesis),wiu+N481+E48,1.8918253581922362,0.997751,0.19018,2584.12,7.98338,4.17872
5,6,6,Beam 1 (full hypothesis),skd+N334+E138,1.7741662642087794,1.09928,0.1595,2573.87,6.67603,4.24442
5,6,6,Beam 1 (full hypothesis),vmk+N533+E138,2.0199741260272503,0.9405,0.20874,2396.96,7.61044,4.57258
5,6,6,Beam 2 (chemistry),wgx+N222+E63,1.6489094951570167,0.506812,0.48948,1949.52,18.42413,9.62997
5,6,6,Beam 2 (chemistry),wnc+N481+E48,1.7197863887490827,0.798689,0.33782,2504.46,13.37434,4.91768
5,6,6,Beam 2 (chemistry),wib+N533+E29,1.8105253717531788,0.835986,0.28218,2377.0,10.22069,5.72992
5,6,6,Beam 2 (chemistry),twf-e+N533+E63,1.8899529513140887,0.637624,0.4187,2170.1,20.07402,9.44072
5,6,6,Beam 2 (chemistry),vbm+N574+E63,1.829767406794103,0.602687,0.37752,2635.76,10.19988,7.06142
5,6,6,Beam 2 (chemistry),wne+N222+E48,1.7755607311690325,0.582184,0.36412,2455.29,12.33354,7.11094
5,6,6,Beam 2 (chemistry),tfs+N222+E166,1.649281388779483,0.439282,0.5126,2234.72,18.64484,17.10221
5,6,6,Beam 2 (chemistry),whv+N222+E63,1.5858628150364884,0.524526,0.45902,2178.75,11.99391,9.58558
5,6,6,Beam 2 (chemistry),smj+N533+E166,1.7199200906644898,0.642819,0.4188,2192.65,12.53319,11.46427
5,6,6,Beam 3 (metal only),vbs+N334+E73,1.6435704996952023,0.898514,0.3343,2185.28,9.90163,6.04859
5,6,6,Beam 3 (metal only),sxj+N222+E132,1.6539872064764165,0.517746,0.48702,2150.08,14.02611,8.94823
5,6,6,Beam 3 (metal only),smw+N481+E84,1.6838987758555075,0.76517,0.38838,1757.71,23.808,22.13833
5,6,6,Beam 3 (metal only),smv+N574+E73,1.7862472068272166,0.445528,0.5497,1857.8,32.91737,31.10773
5,6,6,Beam 3 (metal only),vme+N481+E228,1.4362010547489332,0.819255,0.43474,2148.92,10.49046,9.11538
5,6,6,Beam 3 (metal only),snq+N222+E142,1.41956720519934,0.340348,0.62338,1653.49,20.62039,19.58501
5,6,6,Beam 3 (metal only),wmq+N334+E218,1.4643748609327158,0.289677,0.7201,1345.96,46.14264,45.52648
5,6,6,Beam 3 (metal only),whv+N481+E8,1.4372632424824345,0.459309,0.6145,1890.72,16.3955,12.07325
5,6,6,Beam 3 (metal only),vmh+N481+E184,1.8940400068094612,0.866785,0.317,2304.18,11.64624,7.1584
5,6,6,Beam 4 (random baseline),vbn+N143+E151,1.612396551409749,0.639929,0.43996,2336.42,10.78357,7.99053
5,6,6,Beam 4 (random baseline),sng+N505+E219,1.5237522592367805,0.383202,0.6953,1511.4,27.79509,16.42692
5,6,6,Beam 4 (random baseline),wio+N31+E148,1.3306402061657874,0.28989,0.73162,1417.34,21.91683,17.69852
5,6,6,Beam 4 (random baseline),wgw+N447+E194,1.276331016504128,0.157901,0.8177,987.953,28.70995,22.42308
5,6,6,Beam 4 (random baseline),qtz-x+N501+E131,1.4679750986165478,0.678353,0.47754,2150.88,12.54366,9.11068
5,6,6,Beam 4 (random baseline),uon+N631+E66,1.4025610027126976,0.643869,0.55658,2134.28,15.7104,13.37455
5,6,6,Beam 4 (random baseline),wkf+N480+E199,1.5457891203292395,0.560709,0.47694,2423.67,12.05525,8.22694
5,6,6,Beam 4 (random baseline),whd+N384+E113,1.5515641895534371,0.347918,0.66828,1475.91,27.84895,23.31232
5,6,6,Beam 4 (random baseline),whb+N612+E11,1.5939956333130256,0.500935,0.54078,2055.01,16.79316,10.96488
5,6,6,Beam 4 (random baseline),wig+N234+E176,1.4382559152375378,0.313451,0.6614,1627.84,21.26252,16.95249
5,7,7,Beam 1 (full hypothesis),vby+N481+E48,1.8142135205573453,1.0208,0.195,2510.51,8.03257,4.36081
5,7,7,Beam 1 (full hypothesis),bsn+N481+E48,1.9394949941815174,1.00403,0.19274,2396.14,7.77641,4.51589
5,7,7,Beam 1 (full hypothesis),smi+N334+E48,1.6536688881094352,1.04686,0.20064,2429.63,7.86131,4.88672
5,7,7,Beam 1 (full hypothesis),wib+N481+E48,1.8838489505532852,1.02739,0.2024,2388.2,7.74225,4.54392
5,7,7,Beam 1 (full hypothesis),vby+N334+E48,1.8632989047606547,0.984238,0.2139,2556.44,7.81292,4.78359
5,7,7,Beam 1 (full hypothesis),vbm+N481+E48,1.9489596731374772,1.01087,0.19706,2546.97,7.81261,4.56459
5,7,7,Beam 1 (full hypothesis),snl+N481+E48,1.951798492943434,0.978286,0.20966,2628.67,7.35906,4.13403
5,7,7,Beam 1 (full hypothesis),wib+N533+E48,1.9685048978070026,0.942136,0.15652,2214.84,6.89961,4.09104
5,7,7,Beam 1 (full hypothesis),wiu+N334+E48,1.938427542038924,1.09165,0.16554,2328.37,7.70116,4.52919
5,7,7,Beam 1 (full hypothesis),wkg+N334+E48,1.8841280466557853,1.06422,0.1961,2413.91,8.09466,4.42465
5,7,7,Beam 2 (chemistry),whg+N334+E48,1.8360134830712382,0.968129,0.25944,2284.48,10.80057,5.57808
5,7,7,Beam 2 (chemistry),wmm+N574+E48,1.9762699961455643,0.649116,0.35964,2076.43,16.10359,13.27922
5,7,7,Beam 2 (chemistry),vmg+N533+E48,1.9881165074951836,0.891958,0.18008,2349.3,7.42769,4.00308
5,7,7,Beam 2 (chemistry),wmu+N481+E48,1.7822172900065125,0.880198,0.28762,2477.43,10.43505,7.61151
5,7,7,Beam 2 (chemistry),wha+N334+E48,1.944231127863924,1.36321,0.08798,1730.67,5.7346,3.73416
5,7,7,Beam 2 (chemistry),sxi+N334+E48,1.6832411882283635,0.906346,0.29276,2281.67,11.13832,6.07305
5,7,7,Beam 2 (chemistry),wgv+N222+E48,1.7515129460675876,0.644259,0.32706,2312.54,11.70736,7.4931
5,7,7,Beam 2 (chemistry),smr+N222+E48,1.7358027986349496,0.592968,0.3849,2268.85,14.85672,12.48908
5,7,7,Beam 2 (chemistry),win+N334+E48,1.5897009024872357,0.882381,0.33738,1829.4,14.03388,11.26147
5,7,7,Beam 2 (chemistry),dia-j+N334+E48,1.7668343393634123,0.720734,0.48448,1456.04,19.8635,15.32115
5,7,7,Beam 3 (metal only),sma+N334+E48,1.7897081926241696,1.02816,0.2492,1963.34,7.70199,5.60477
5,7,7,Beam 3 (metal only),whq+N481+E48,1.6630687442775043,0.751386,0.37628,2334.28,14.13463,5.68598
5,7,7,Beam 3 (metal only),wkp+N222+E48,1.814749350955014,0.629335,0.3471,2398.54,12.1267,10.11142
5,7,7,Beam 3 (metal only),smr+N481+E48,1.7160482416591525,0.779967,0.34856,2556.36,12.19089,10.78781
5,7,7,Beam 3 (metal only),osc+N334+E48,1.6963485325073728,0.953501,0.28036,2170.92,9.24072,6.1603
5,7,7,Beam 3 (metal only),snb+N481+E48,1.545825457185418,0.579057,0.5676,1360.73,24.32957,18.71908
5,7,7,Beam 3 (metal only),vmk+N222+E48,1.7186928868552116,0.616492,0.35888,2263.2,11.21151,9.32937
5,7,7,Beam 3 (metal only),wmg+N334+E48,1.6490959487872572,0.88985,0.30386,2190.23,13.1696,9.42905
5,7,7,Beam 3 (metal only),smf+N574+E48,1.743933273970933,0.501404,0.51444,1531.05,24.53368,23.6145
5,7,7,Beam 4 (random baseline),who+N634+E31,1.4265408951181593,0.528397,0.57862,2061.93,13.86477,9.17138
5,7,7,Beam 4 (random baseline),umj+N627+E66,1.3740956410981955,0.584381,0.6207,1911.18,14.81344,11.14386
5,7,7,Beam 4 (random baseline),tfs+N674+E176,1.4184725877815387,0.390012,0.7061,1468.88,26.28963,22.20669
5,7,7,Beam 4 (random baseline),wmy+N541+E217,1.8104230440663485,0.938825,0.2284,2097.35,10.04672,5.77951
5,7,7,Beam 4 (random baseline),umo+N616+E13,1.330445954817365,0.327153,0.76894,1240.41,30.86002,29.64295
5,7,7,Beam 4 (random baseline),wkn+N384+E66,1.5216184079618578,0.620185,0.5556,1819.02,28.76832,28.19938
5,7,7,Beam 4 (random baseline),sno+N6+E142,1.8824447577770955,0.651688,0.35024,2077.81,13.24217,11.54691
5,7,7,Beam 4 (random baseline),sxi+N593+E201,1.5533632224379479,0.387789,0.6195,1768.59,19.14314,14.46359
5,7,7,Beam 4 (random baseline),mer+N417+E199,1.1995577216269935,0.31427,0.76006,1331.66,30.03678,21.80884
5,8,9,Beam 1 (full hypothesis),vmk+N334+E63,1.8699639803071848,1.15003,0.16506,2453.89,6.22885,4.12163
5,8,9,Beam 1 (full hypothesis),sxc+N533+E63,1.8408276187825265,0.94903,0.18258,2596.07,6.68199,4.30424
5,8,9,Beam 1 (full hypothesis),vda+N334+E138,1.8039030106775145,1.09365,0.1852,2510.63,7.23045,4.57747
5,8,9,Beam 1 (full hypothesis),sxc+N334+E73,1.7944424549605982,1.04797,0.1953,2557.79,6.28668,4.5674
5,8,9,Beam 1 (full hypothesis),wie+N334+E63,1.9038982985088782,1.12594,0.20806,2384.35,7.54437,4.92263
5,8,9,Beam 1 (full hypothesis),wiv+N533+E48,2.141389294205482,0.950018,0.1424,2124.08,7.14373,5.49115
5,8,9,Beam 1 (full hypothesis),qtz-e+N533+E48,1.9001993346622312,0.94223,0.16248,2316.89,6.75691,3.7669
5,8,9,Beam 1 (full hypothesis),sxa+N334+E48,1.8942613408378122,1.15156,0.15286,2267.57,6.79972,3.74773
5,8,9,Beam 1 (full hypothesis),vbm+N481+E48,1.848484472973308,1.01087,0.19706,2546.98,7.81261,4.56459
5,8,9,Beam 1 (full hypothesis),sxc+N533+E29,2.02468669162213,0.937958,0.18266,2678.92,7.41886,4.81829
5,8,9,Beam 2 (chemistry),whq+N481+E29,1.7168961920430117,0.663479,0.46602,2052.8,16.88017,11.91536
5,8,9,Beam 2 (chemistry),wiv+N222+E166,1.7710360968662202,0.570884,0.3899,2681.04,9.57404,6.83003
5,8,9,Beam 2 (chemistry),vca+N334+E29,1.6870719544553934,0.877411,0.34238,2186.44,11.40342,6.81325
5,8,9,Beam 2 (chemistry),vbr+N533+E138,1.8675136684409546,0.792257,0.28452,2529.16,10.8313,5.59539
5,8,9,Beam 2 (chemistry),vmk+N574+E73,1.796627256226374,0.661428,0.35632,2317.74,11.01805,8.97145
5,8,9,Beam 2 (chemistry),ske+N222+E29,1.8145866137993845,0.601585,0.37302,2590.13,9.50522,6.25845
5,8,9,Beam 2 (chemistry),soj+N533+E234,1.6990757364969293,0.453288,0.55248,1985.71,15.48161,12.31149
5,8,9,Beam 2 (chemistry),snb+N222+E138,1.7091835499930854,0.390225,0.60862,1454.84,26.09643,19.82275
5,8,9,Beam 2 (chemistry),wkg+N574+E166,1.675389999406845,0.536119,0.45418,2247.14,12.84273,9.2477
5,8,9,Beam 2 (chemistry),wmm+N481+E138,1.7383025920326733,0.865731,0.3389,2309.53,11.81866,8.9951
5,8,9,Beam 3 (metal only),sol+N574+E3,1.4950359814894094,0.324007,0.63702,1806.14,17.00817,11.23907
5,8,9,Beam 3 (metal only),wmg+N334+E63,1.7330808188373392,0.810211,0.3983,2138.68,15.12104,10.87947
5,8,9,Beam 3 (metal only),wkk+N334+E228,1.6258470908768416,0.757544,0.49864,1747.12,27.72669,26.97065
5,8,9,Beam 3 (metal only),pcu-m+N481+E66,1.496103220931083,0.631023,0.57464,1680.75,27.43511,14.68992
5,8,9,Beam 3 (metal only),smk+N481+E53,1.4214999068425351,0.462543,0.61984,1889.7,21.31056,19.85917
5,8,9,Beam 3 (metal only),rob+N533+E120,2.052022033850265,0.812842,0.23072,2821.72,6.7641,4.54563
5,8,9,Beam 3 (metal only),wmi+N574+E222,1.4771289498633753,0.29077,0.66532,1689.46,20.32822,14.51955
5,8,9,Beam 3 (metal only),wkl+N481+E13,1.6091292414814167,0.529249,0.58996,1834.59,34.08335,33.81417
5,8,9,Beam 3 (metal only),wmn+N574+E14,1.824079435400012,0.550074,0.41708,2446.96,14.27639,12.42076
5,8,9,Beam 3 (metal only),wia+N222+E186,1.579580200590388,0.486577,0.51576,2079.51,16.18989,10.18625
5,8,9,Beam 4 (random baseline),uky+N424+E7,1.1742202789636558,0.077133,0.91082,501.492,43.14072,40.77881
5,8,9,Beam 4 (random baseline),vby+N384+E162,1.8895049318749135,0.963977,0.2425,2694.58,7.79296,5.24093
5,8,9,Beam 4 (random baseline),whi+N528+E137,1.647039184399964,0.842271,0.3838,2208.65,13.12465,10.38375
5,8,9,Beam 4 (random baseline),vmd+N220+E175,1.803594373486481,1.17532,0.2823,2583.45,7.98708,5.40161
5,8,9,Beam 4 (random baseline),rhr+N551+E187,1.2380703525924792,0.106381,0.876,676.102,51.95966,26.69465
5,8,9,Beam 4 (random baseline),vbs+N290+E190,1.7095890588492315,0.599041,0.4608,2177.23,12.91,9.26322
5,8,9,Beam 4 (random baseline),uol+N207+E71,1.5133990594773283,0.2576,0.7558,1122.69,25.84266,21.7267
5,8,9,Beam 4 (random baseline),snz+N340+E12,1.280234509945299,0.331766,0.71106,1547.45,25.05674,21.5127
5,8,9,Beam 4 (random baseline),uny+N267+E16,1.7791398434210561,0.574086,0.4268,2238.08,13.80502,8.82935
5,8,9,Beam 4 (random baseline),cab+N254+E181,1.6584805617135105,0.641983,0.49236,2297.26,12.36565,9.64061
5,9,10,Beam 1 (full hypothesis),ske+N533+E48,2.268137750431201,0.908085,0.15408,2421.14,6.48205,4.19121
5,9,10,Beam 1 (full hypothesis),sda+N334+E29,1.8865608289125264,1.14979,0.16334,2521.5,7.41344,4.4123
5,9,10,Beam 1 (full hypothesis),sxc+N481+E29,1.971152699699404,1.12753,0.16282,2441.89,6.90584,3.99794
5,9,10,Beam 1 (full hypothesis),bsn+N481+E48,1.8577213600665279,1.00403,0.19274,2396.14,7.77641,4.51589
5,9,10,Beam 1 (full hypothesis),sxb+N533+E63,2.1661433353581567,0.918331,0.20532,2694.71,7.43342,4.79029
5,9,10,Beam 1 (full hypothesis),son+N481+E48,2.0390171689155845,1.13432,0.1401,2233.48,6.42568,4.60817
5,9,10,Beam 1 (full hypothesis),wmc+N334+E48,1.7571721852878954,1.196,0.11566,1989.27,6.69439,3.85286
5,9,10,Beam 1 (full hypothesis),whn+N533+E138,2.042893222405227,1.01923,0.13964,2240.25,6.56629,4.23167
5,9,10,Beam 1 (full hypothesis),wie+N334+E29,1.8343273419620845,1.0694,0.22134,2252.9,7.87008,4.98164
5,9,10,Beam 1 (full hypothesis),vby+N334+E48,1.9477051259851712,0.984238,0.2139,2556.44,7.81292,4.78359
5,9,10,Beam 2 (chemistry),osa+N222+E73,1.5416158115916943,0.521763,0.47838,2071.33,12.82934,11.31913
5,9,10,Beam 2 (chemistry),wkl+N533+E138,1.7968785318335934,0.564035,0.47012,1987.06,27.44029,26.36371
5,9,10,Beam 2 (chemistry),whx+N481+E48,1.776566999908282,0.88649,0.28406,2511.92,9.16318,5.23786
5,9,10,Beam 2 (chemistry),whx+N222+E234,1.5811828945338138,0.286334,0.69186,1420.38,23.77879,17.07744
5,9,10,Beam 2 (chemistry),wmj+N481+E166,1.5832358473610983,0.685264,0.46506,2156.8,14.22743,11.05355
5,9,10,Beam 2 (chemistry),wip+N533+E29,1.6871820943085336,0.703342,0.40826,1953.47,12.79487,10.61947
5,9,10,Beam 2 (chemistry),sni+N533+E73,1.7501691889675672,0.773524,0.33638,1991.58,14.53795,12.89092
5,9,10,Beam 2 (chemistry),sxf+N481+E29,1.8418421029898324,0.768654,0.39374,2220.33,12.2464,7.44855
5,9,10,Beam 2 (chemistry),vca+N222+E138,1.8236652063172527,0.638014,0.35162,2416.5,10.94105,7.05458
5,9,10,Beam 3 (metal only),wgv+N334+E33,1.345011931431564,0.26443,0.72894,1490.55,19.40385,16.4382
5,9,10,Beam 3 (metal only),smi+N574+E95,1.8338569802027374,0.66885,0.367,2447.79,10.66543,6.95266
5,9,10,Beam 3 (metal only),whx+N334+E13,1.3931019204684902,0.801832,0.43212,2007.53,10.41754,8.12598
5,9,10,Beam 3 (metal only),whj+N574+E202,1.728387355627933,0.524793,0.47772,2195.98,16.14366,8.12286
5,9,10,Beam 3 (metal only),whd+N222+E61,1.4764816807732954,0.261193,0.69678,1445.81,29.44624,24.73449
5,9,10,Beam 3 (metal only),smc+N481+E45,1.4802273709444285,0.725747,0.4721,2354.44,10.78765,8.14853
5,9,10,Beam 3 (metal only),vbn+N334+E98,1.4090389273394064,0.325097,0.67246,1594.2,20.0217,14.81743
5,9,10,Beam 3 (metal only),snp+N574+E66,1.6318384784510014,0.570679,0.48262,1980.84,12.79855,8.11541
5,9,10,Beam 3 (metal only),skd+N481+E44,1.5264869710626459,0.669523,0.51852,2085.79,14.7306,13.78001
5,9,10,Beam 3 (metal only),sme+N222+E48,1.8492529111043354,0.667034,0.29832,2529.04,10.40122,5.86408
5,9,10,Beam 4 (random baseline),snh+N286+E155,1.4594267775734369,0.603566,0.61916,1796.35,26.41005,10.29006
5,9,10,Beam 4 (random baseline),cha+N360+E36,1.1503130803792927,0.0610787,0.9339,398.585,61.19362,42.17319
5,9,10,Beam 4 (random baseline),wnb+N589+E3,1.5270150819131543,0.353651,0.6812,1532.21,22.35702,17.64681
5,9,10,Beam 4 (random baseline),utp+N377+E40,1.135461926518084,0.133546,0.87484,731.973,27.05397,25.85093
5,9,10,Beam 4 (random baseline),vbq+N234+E50,1.822200775142609,0.634874,0.35336,2437.45,8.96925,5.87627
5,9,10,Beam 4 (random baseline),unf+N492+E194,1.1405198164023416,0.128087,0.84568,875.263,31.34998,24.45946
5,9,10,Beam 4 (random baseline),mmt+N371+E167,1.6071373841850747,0.583813,0.40472,2613.0,9.31856,6.34449
5,9,10,Beam 4 (random baseline),bor-e+N242+E134,1.6377107596966032,0.357129,0.65202,1464.8,26.85324,14.84838
5,9,10,Beam 4 (random baseline),wkj+N122+E40,1.4776459070768173,0.272815,0.79324,874.832,43.64489,41.18937
5,9,10,Beam 4 (random baseline),sod-h+N415+E203,1.0544236492517083,0.0203135,0.97378,158.343,113.65306,79.42094
5,10,11,Beam 1 (full hypothesis),son+N481+E48,1.8832315336566465,1.13432,0.1401,2233.48,6.42568,4.60817
5,10,11,Beam 1 (full hypothesis),sxc+N481+E29,2.0392986396915807,1.12753,0.16282,2441.89,6.90584,3.99794
5,10,11,Beam 1 (full hypothesis),vcz+N533+E138,1.9357614396250502,0.966805,0.17108,2326.01,7.32913,4.87874
5,10,11,Beam 1 (full hypothesis),sxb+N481+E73,1.8208363161049659,1.06187,0.18374,2789.79,7.03791,4.02555
5,10,11,Beam 1 (full hypothesis),wie+N334+E63,1.8820150021962292,1.12594,0.20806,2384.35,7.54437,4.92263
5,10,11,Beam 1 (full hypothesis),wmc+N533+E138,1.9728746785978881,0.946163,0.16438,2483.29,6.67649,4.08587
5,10,11,Beam 1 (full hypothesis),rob+N334+E166,1.8642326229675785,1.08339,0.1742,2657.55,6.1024,3.99565
5,10,11,Beam 1 (full hypothesis),vda+N334+E63,1.8022822833067522,1.06152,0.19958,2667.52,7.23658,4.58289
5,10,11,Beam 1 (full hypothesis),sda+N481+E73,1.9597092018629096,1.1113,0.20708,2392.15,6.66638,4.93169
5,10,11,Beam 2 (chemistry),smb+N574+E166,1.6006195041325806,0.480213,0.49688,2255.97,14.25663,8.47138
5,10,11,Beam 2 (chemistry),whp+N481+E48,1.782362396532183,0.836173,0.29938,2645.13,9.57127,5.68848
5,10,11,Beam 2 (chemistry),vmh+N533+E29,1.8695372622219923,0.777761,0.3241,2299.92,9.80636,7.00258
5,10,11,Beam 2 (chemistry),kag+N222+E48,1.5742964708830811,0.548092,0.43216,2002.55,14.80869,12.72383
5,10,11,Beam 2 (chemistry),vmk+N533+E166,1.911919340023741,0.775282,0.33498,2321.45,8.60668,6.51232
5,10,11,Beam 2 (chemistry),osc+N334+E166,1.5960619225242285,0.779027,0.3923,2344.27,10.4428,7.40784
5,10,11,Beam 2 (chemistry),smj+N222+E63,1.6877079662655217,0.559419,0.4424,2084.78,15.3121,14.35121
5,10,11,Beam 2 (chemistry),smo+N222+E138,1.6794940495663788,0.555131,0.45166,2045.8,16.55372,6.90745
5,10,11,Beam 2 (chemistry),wig+N222+E234,1.5327972615307288,0.310554,0.65788,1640.17,18.05012,15.07531
5,10,11,Beam 3 (metal only),sxq+N481+E132,1.6371806075657662,0.827954,0.3864,2643.57,9.39497,6.5082
5,10,11,Beam 3 (metal only),wms+N533+E185,1.634350432175666,1.54066,0.32118,1494.16,21.87223,21.1692
5,10,11,Beam 3 (metal only),smq+N574+E84,1.8647532366453892,0.697628,0.32384,2080.93,13.18778,10.36513
5,10,11,Beam 3 (metal only),wiv+N334+E68,1.4797577622716682,0.478087,0.58184,2035.9,14.97367,11.47443
5,10,11,Beam 3 (metal only),sxf+N334+E57,1.5261116528891259,0.669997,0.46898,2446.16,11.10039,7.44973
5,10,11,Beam 3 (metal only),wma+N481+E81,1.7391037728509207,0.632174,0.44998,2375.61,13.16134,8.10213
5,10,11,Beam 3 (metal only),reo-e+N481+E19,1.5869024272746926,0.729197,0.4675,2260.99,20.23975,5.55813
5,10,11,Beam 3 (metal only),osc+N481+E27,1.4166774922705188,0.80193,0.46612,2231.02,12.18186,10.52864
5,10,11,Beam 3 (metal only),smq+N481+E123,1.5292272673738405,0.507104,0.5509,2120.02,16.80802,13.45795
5,10,11,Beam 3 (metal only),msw+N533+E32,1.6532517884081406,0.467459,0.47736,2322.32,10.9894,9.51799
5,10,11,Beam 4 (random baseline),vcf+N674+E86,1.413952444888956,0.632146,0.56268,1997.72,14.6127,10.62012
5,10,11,Beam 4 (random baseline),icc+N427+E145,1.9712471492622177,2.08201,0.01252,311.014,5.75695,2.33489
5,10,11,Beam 4 (random baseline),smv+N406+E79,1.691040735507477,0.701135,0.38016,1527.59,23.56997,22.44618
5,10,11,Beam 4 (random baseline),ths+N18+E50,1.136712820060054,0.187333,0.84044,841.745,25.9411,17.72354
5,10,11,Beam 4 (random baseline),tfs+N536+E9,1.1995311419096335,0.223245,0.79822,1078.9,32.22961,31.67669
5,10,11,Beam 4 (random baseline),wgv+N666+E223,1.3378957553031834,0.266557,0.73356,1408.69,20.35643,17.54462
5,10,11,Beam 4 (random baseline),vbq+N9+E61,1.4587232375119081,0.431895,0.5867,1915.89,16.47813,11.81616
5,10,11,Beam 4 (random baseline),ukj+N557+E39,1.1866741128980156,0.102903,0.86458,820.421,24.30737,18.36424
5,10,11,Beam 4 (random baseline),ukb+N437+E195,1.324746076246811,0.191827,0.7901,1176.63,25.47415,22.38415
5,10,11,Beam 4 (random baseline),wnd+N197+E19,1.6634813420596588,0.936503,0.41864,2457.79,13.24961,6.39615
