replicate,iteration,iteration_raw,beam,structure,uptake_g_L,density_g_cm3,void_fraction,surface_area_m2_cm3,largest_cavity_diameter_A,pore_limiting_diameter_A
1,1,1,Beam 1 (full hypothesis),wha+N536+E68,25.664605,0.614949,0.47022,2452.96,13.69282,6.12236
1,1,1,Beam 1 (full hypothesis),wkg+N15+E36,7.347553,0.35478,0.73624,1312.53,23.63473,19.36196
1,1,1,Beam 1 (full hypothesis),crs+N536+E149,19.17043,0.812316,0.45676,1788.28,13.09548,9.30816
1,1,1,Beam 1 (full hypothesis),wks+N14+E32,10.367788,0.341072,0.71302,1398.96,29.87584,23.80604
1,1,1,Beam 1 (full hypothesis),som+N9+E33,10.24992,0.316994,0.67796,1781.42,16.11165,12.72311
1,1,1,Beam 1 (full hypothesis),wmz+N15+E63,21.109677,1.65208,0.16392,1903.59,8.04256,5.16016
1,1,1,Beam 1 (full hypothesis),wkm+N9+E16,16.741973,0.64436,0.47696,1788.69,27.12555,26.0026
1,1,1,Beam 1 (full hypothesis),whw+N14+E163,10.775696,0.483156,0.66208,1424.54,22.64611,18.95245
1,1,1,Beam 1 (full hypothesis),msw+N536+E138,26.878255,1.20039,0.16474,2299.74,6.36309,3.91977
1,1,1,Beam 1 (full hypothesis),whb+N14+E16,17.484794,0.873445,0.4199,2181.24,13.05386,7.46274
1,1,1,Beam 2 (chemistry),whb+N536+E225,9.881725,0.25539,0.72912,1426.85,18.98979,15.84952
1,1,1,Beam 2 (chemistry),sno+N15+E142,11.007915,0.633883,0.59414,1574.3,21.24809,20.22669
1,1,1,Beam 2 (chemistry),wkm+N536+E61,12.739673,0.309783,0.69452,1497.19,39.42238,39.00209
1,1,1,Beam 2 (chemistry),smj+N14+E96,8.236379,0.416915,0.68954,1459.57,23.6441,22.84381
1,1,1,Beam 2 (chemistry),sxi+N15+E120,11.258444,0.624127,0.5999,1631.57,20.76469,16.14252
1,1,1,Beam 2 (chemistry),smn+N9+E92,25.106383,0.992735,0.2295,2500.41,9.17581,7.8434
1,1,1,Beam 2 (chemistry),wkl+N14+E33,5.020232,0.211617,0.83982,807.283,69.4961,69.27253
1,1,1,Beam 2 (chemistry),wil+N9+E142,20.80099,0.661472,0.431,2361.26,14.70674,11.60184
1,1,1,Beam 2 (chemistry),whv+N15+E206,17.045069,1.22584,0.32086,2087.44,11.28495,9.86596
1,1,1,Beam 3 (metal only),ske+N14+E92,18.051289,0.910142,0.42432,2335.38,11.60334,7.75569
1,1,1,Beam 3 (metal only),whr+N9+E226,15.062606,1.46373,0.05048,865.421,7.4228,2.13112
1,1,1,Beam 3 (metal only),whx+N14+E209,8.545669,0.352479,0.72888,1242.56,22.19575,17.48273
1,1,1,Beam 3 (metal only),wmm+N9+E98,15.315748,0.351001,0.64088,1717.69,30.62065,27.62313
1,1,1,Beam 3 (metal only),sny+N15+E234,8.635754,0.366795,0.7462,999.188,43.89677,41.2638
1,1,1,Beam 3 (metal only),sxi+N9+E206,18.345091,1.05291,0.33358,1931.72,12.96979,7.41466
1,1,1,Beam 3 (metal only),wgz+N15+E27,11.38348,0.992114,0.46364,2119.96,16.98536,8.28186
1,1,1,Beam 3 (metal only),qtz-x+N536+E37,26.846524,1.20475,0.16908,2614.75,5.58435,4.01157
1,1,1,Beam 3 (metal only),wih+N14+E39,3.574242,0.116824,0.89586,561.095,66.24913,63.27616
1,1,1,Beam 3 (metal only),wme+N536+E165,26.359672,1.02253,0.2394,2026.42,11.69227,4.82253
1,1,1,Beam 4 (random baseline),uki+N549+E181,7.873999,0.176098,0.79688,1072.29,24.56865,17.24657
1,1,1,Beam 4 (random baseline),vbn+N170+E21,10.440606,0.219195,0.74068,1389.5,20.59309,15.3084
1,1,1,Beam 4 (random baseline),sxo+N311+E102,12.782706,1.41763,0.47366,1565.63,19.03584,12.76337
1,1,1,Beam 4 (random baseline),smf+N336+E234,11.094091,0.263686,0.75044,1072.68,45.83045,44.84652
1,1,1,Beam 4 (random baseline),wkr+N108+E127,16.411687,0.512889,0.58132,1922.17,25.58509,22.69739
1,1,1,Beam 4 (random baseline),wfd+N369+E34,20.276395,0.49279,0.54742,2063.7,20.91453,10.39981
1,1,1,Beam 4 (random baseline),whu+N486+E16,14.414165,0.495241,0.6269,1656.4,25.252,24.53494
1,1,1,Beam 4 (random baseline),vmf+N366+E188,19.084705,0.477409,0.54082,2039.0,16.04894,13.49278
1,1,1,Beam 4 (random baseline),ukk+N360+E30,4.966805,0.119578,0.86796,777.249,30.73842,22.90455
1,1,1,Beam 4 (random baseline),ske+N569+E159,24.881967,0.595536,0.4254,2380.68,11.81806,7.42604
1,2,2,Beam 1 (full hypothesis),smm+N536+E85,31.487528,0.830856,0.30482,2529.91,10.41002,8.83023
1,2,2,Beam 1 (full hypothesis),wne+N536+E18,25.576339,0.805515,0.34734,2473.73,13.14561,8.95135
1,2,2,Beam 1 (full hypothesis),vmi+N536+E95,23.675218,0.91705,0.33248,2181.66,10.9273,7.49098
1,2,2,Beam 1 (full hypothesis),wia+N536+E25,26.550758,0.843117,0.32112,2169.65,12.00553,6.95503
1,2,2,Beam 1 (full hypothesis),whj+N536+E131,24.225001,0.948373,0.32766,2295.83,12.65008,5.75656
1,2,2,Beam 1 (full hypothesis),wgz+N536+E92,26.529917,0.834491,0.34404,2358.44,12.17696,5.85833
1,2,2,Beam 1 (full hypothesis),wiv+N536+E14,27.883788,0.860983,0.3049,2515.71,8.79054,6.35001
1,2,2,Beam 1 (full hypothesis),wmx+N536+E149,27.591027,0.940899,0.29502,2350.85,9.27298,6.24168
1,2,2,Beam 1 (full hypothesis),snh+N536+E204,22.549113,1.38759,0.17988,2113.53,8.81068,4.29432
1,2,2,Beam 2 (chemistry),wil+N536+E120,22.276453,0.681025,0.42758,2355.75,13.70487,11.50059
1,2,2,Beam 2 (chemistry),snx+N559+E24,15.093956,0.312114,0.61462,2048.93,15.20134,13.36956
1,2,2,Beam 2 (chemistry),vmj+N536+E18,24.119643,0.764344,0.4045,2173.71,10.98292,8.90848
1,2,2,Beam 2 (chemistry),whg+N536+E120,21.357228,0.654545,0.44626,2301.92,16.52118,7.18203
1,2,2,Beam 2 (chemistry),tfs+N536+E96,14.338309,0.412676,0.60238,1953.28,21.42232,17.29607
1,2,2,Beam 2 (chemistry),ana-e+N9+E142,12.643476,0.473385,0.59192,1703.12,22.83632,12.75412
1,2,2,Beam 2 (chemistry),lcy-e+N9+E25,21.455577,0.806755,0.3639,2003.8,12.19648,8.49625
1,2,2,Beam 2 (chemistry),wjd+N559+E120,19.529719,0.436766,0.52404,2098.35,17.54581,8.83115
1,2,2,Beam 3 (metal only),smc+N536+E209,12.07507,0.315088,0.68176,1578.72,21.05829,12.8496
1,2,2,Beam 3 (metal only),whg+N559+E204,21.289247,0.833871,0.34544,2245.32,12.14484,7.94192
1,2,2,Beam 3 (metal only),smk+N536+E66,23.029039,0.795412,0.42636,2576.15,14.09682,13.3919
1,2,2,Beam 3 (metal only),sno+N536+E11,17.281294,0.444612,0.60504,1688.26,22.9075,21.46024
1,2,2,Beam 3 (metal only),msw+N559+E209,17.061348,0.329985,0.60076,2068.04,14.46847,11.98973
1,2,2,Beam 3 (metal only),smd+N559+E63,25.048984,0.581203,0.4001,2439.2,14.3928,12.88925
1,2,2,Beam 3 (metal only),sme+N559+E19,26.803366,0.639516,0.32716,2899.68,7.58139,4.9503
1,2,2,Beam 3 (metal only),skd+N536+E181,15.470235,0.444119,0.59924,1857.22,17.65846,16.17296
1,2,2,Beam 3 (metal only),who+N559+E25,29.21692,0.721032,0.27616,2382.55,10.70149,5.36756
1,2,2,Beam 3 (metal only),wik+N9+E123,15.053972,0.493109,0.56854,1871.95,22.06943,21.04558
1,2,2,Beam 4 (random baseline),skb+N482+E84,29.243585,0.707846,0.40566,2137.15,12.8712,7.61881
1,2,2,Beam 4 (random baseline),eco+N124+E224,21.943945,0.796744,0.4251,2178.25,20.5891,17.95687
1,2,2,Beam 4 (random baseline),smg+N574+E130,20.511743,0.408127,0.54224,1956.8,17.40558,13.2603
1,2,2,Beam 4 (random baseline),wmk+N574+E128,25.150083,0.594286,0.39778,2178.46,14.41633,8.85421
1,2,2,Beam 4 (random baseline),ecq+N617+E126,14.151961,0.327206,0.68178,1495.22,45.4106,44.74661
1,2,2,Beam 4 (random baseline),rac+N330+E85,13.82378,0.297451,0.65146,1691.85,16.32088,14.33876
1,2,2,Beam 4 (random baseline),wkn+N475+E149,17.242843,0.862983,0.39232,1508.95,28.28919,27.64039
1,2,2,Beam 4 (random baseline),gme+N697+E102,12.084991,0.877037,0.60596,1490.62,25.3229,21.94673
1,2,2,Beam 4 (random baseline),gme+N276+E225,4.328288,0.101807,0.8901,618.867,42.01494,37.70169
1,2,2,Beam 4 (random baseline),wmh+N125+E61,15.218757,0.404883,0.6209,1783.65,20.09337,16.87022
1,3,3,Beam 1 (full hypothesis),wha+N536+E81,30.17799,0.812699,0.31076,2539.74,9.29441,5.58602
1,3,3,Beam 1 (full hypothesis),sxc+N536+E81,32.972592,0.806787,0.29158,2796.08,9.87037,5.6741
1,3,3,Beam 1 (full hypothesis),cap+N536+E24,28.464695,0.745558,0.35702,2682.99,8.57048,7.53338
1,3,3,Beam 1 (full hypothesis),wif+N536+E234,33.264325,0.740293,0.33102,2880.13,9.97109,5.7057
1,3,3,Beam 1 (full hypothesis),sxb+N536+E147,30.653843,0.727494,0.34496,2710.34,10.25674,6.23264
1,3,3,Beam 1 (full hypothesis),hxg+N536+E53,27.7166,1.0277,0.2821,2278.21,9.1503,5.4583
1,3,3,Beam 1 (full hypothesis),bcs+N536+E147,27.462669,0.912558,0.24366,2297.25,12.07167,5.00543
1,3,3,Beam 1 (full hypothesis),wid+N536+E81,28.473739,0.7746,0.33994,2479.73,11.97367,7.25877
1,3,3,Beam 1 (full hypothesis),hxg+N536+E24,27.643758,0.797951,0.33408,2503.25,9.90018,5.63929
1,3,3,Beam 1 (full hypothesis),whn+N536+E181,26.577529,0.743973,0.35134,2626.2,11.99273,4.80213
1,3,3,Beam 2 (chemistry),snz+N536+E209,15.340389,0.376332,0.62804,1801.79,19.14881,15.58596
1,3,3,Beam 2 (chemistry),smc+N536+E68,17.077957,0.451961,0.6125,1830.86,17.19854,11.57138
1,3,3,Beam 2 (chemistry),vca+N9+E222,12.774426,0.409332,0.61282,1894.53,16.60822,11.70866
1,3,3,Beam 2 (chemistry),wir+N9+E11,21.405208,0.605283,0.47172,2231.74,13.82249,8.60953
1,3,3,Beam 2 (chemistry),wmf+N9+E234,17.812349,0.490712,0.55766,2021.38,18.52884,9.64464
1,3,3,Beam 2 (chemistry),hxg+N559+E32,24.925154,0.481389,0.45008,2258.47,13.67024,7.73339
1,3,3,Beam 2 (chemistry),wko+N559+E61,13.627277,0.283406,0.66516,1628.23,20.09384,18.21645
1,3,3,Beam 2 (chemistry),smd+N536+E61,14.837772,0.361541,0.63654,1870.7,24.11208,20.86888
1,3,3,Beam 2 (chemistry),who+N559+E123,19.077152,0.463476,0.49238,2161.92,12.65015,8.33326
1,3,3,Beam 2 (chemistry),whe+N559+E36,8.408171,0.185939,0.76278,1283.89,29.52283,25.77779
1,3,3,Beam 3 (metal only),vmj+N9+E40,15.788887,0.392689,0.6253,1804.78,17.99634,15.54465
1,3,3,Beam 3 (metal only),wky+N559+E30,10.343141,0.218017,0.72206,1494.86,21.59348,17.92407
1,3,3,Beam 3 (metal only),smq+N559+E22,7.23331,0.212964,0.75322,1434.18,23.29075,21.07958
1,3,3,Beam 3 (metal only),wig+N559+E123,15.964413,0.366412,0.58104,1986.8,14.77168,12.72374
1,3,3,Beam 3 (metal only),bcu-k+N536+E32,14.572905,0.302765,0.68076,1615.14,34.20948,15.33928
1,3,3,Beam 3 (metal only),wgw+N9+E11,17.365365,0.479916,0.56394,1978.92,14.21773,10.98518
1,3,3,Beam 3 (metal only),wiv+N559+E61,15.727294,0.316757,0.6124,2039.24,15.67486,10.3967
1,3,3,Beam 3 (metal only),wmf+N559+E38,10.178511,0.297042,0.65384,1803.5,18.19586,10.05033
1,3,3,Beam 3 (metal only),lcy-e+N9+E147,17.731204,0.513834,0.5385,1954.75,15.86317,12.75797
1,3,3,Beam 4 (random baseline),unp+N238+E92,11.849386,0.331162,0.67044,1682.51,18.67928,11.97213
1,3,3,Beam 4 (random baseline),qtz-x+N518+E51,21.170301,1.58307,0.10322,2476.13,4.90214,3.99889
1,3,3,Beam 4 (random baseline),wky+N602+E96,11.900759,0.387877,0.6411,1820.95,15.80158,13.97173
1,3,3,Beam 4 (random baseline),ukh+N385+E222,6.644891,0.213414,0.7955,1167.43,23.46971,15.66359
1,3,3,Beam 4 (random baseline),lvt+N359+E11,11.63819,0.214239,0.73892,1364.34,22.16705,18.68179
1,3,3,Beam 4 (random baseline),uot+N708+E40,6.570484,0.120604,0.85828,772.188,39.02158,22.61126
1,3,3,Beam 4 (random baseline),yfz+N671+E120,12.710093,0.396297,0.6665,1707.45,21.86668,20.64487
1,3,3,Beam 4 (random baseline),vmw+N586+E158,23.222428,1.31981,0.16632,2424.54,7.00595,4.13341
1,3,3,Beam 4 (random baseline),vbt+N506+E21,7.303678,0.179325,0.8117,1032.76,27.56564,25.56797
1,3,3,Beam 4 (random baseline),bsn+N696+E71,26.655019,0.753883,0.31824,2333.96,10.55469,9.41967
1,4,4,Beam 1 (full hypothesis),wid+N9+E163,26.287197,0.839545,0.30984,2504.98,10.01669,5.36836
1,4,4,Beam 1 (full hypothesis),cap+N536+E179,29.140229,0.786798,0.33084,2506.17,9.9096,6.9886
1,4,4,Beam 1 (full hypothesis),hxg+N9+E40,26.245598,0.75137,0.3477,2386.06,9.31873,6.78452
1,4,4,Beam 1 (full hypothesis),cap+N9+E47,29.874121,0.755155,0.31722,2551.65,9.87953,6.59561
1,4,4,Beam 1 (full hypothesis),hxg+N536+E53,27.623657,1.0277,0.2821,2278.21,9.1503,5.4583
1,4,4,Beam 1 (full hypothesis),wif+N536+E234,33.378779,0.740293,0.33102,2880.13,9.97109,5.7057
1,4,4,Beam 1 (full hypothesis),hxg+N536+E23,27.123027,0.792149,0.3343,2554.59,9.90385,5.74458
1,4,4,Beam 1 (full hypothesis),cap+N536+E163,29.462948,0.8433,0.30928,2614.5,9.13427,7.74234
1,4,4,Beam 1 (full hypothesis),rob+N536+E11,33.080546,0.803127,0.29208,2799.46,9.04453,5.93824
1,4,4,Beam 1 (full hypothesis),bcs+N536+E11,28.287967,0.814151,0.33006,2364.21,11.87121,5.87698
1,4,4,Beam 2 (chemistry),vmd+N559+E22,6.867014,0.200214,0.76216,1343.62,22.20673,20.04013
1,4,4,Beam 2 (chemistry),reo-e+N536+E2,7.825486,0.197891,0.78902,1128.33,42.83537,13.86006
1,4,4,Beam 2 (chemistry),snz+N536+E8,20.098949,0.611477,0.49922,2233.56,15.59425,12.38359
1,4,4,Beam 2 (chemistry),wmq+N536+E8,13.09042,0.407353,0.6649,1578.85,36.9981,36.19794
1,4,4,Beam 2 (chemistry),whb+N9+E68,17.657046,0.503662,0.55846,2074.6,12.86656,9.52677
1,4,4,Beam 2 (chemistry),wmf+N559+E47,12.572211,0.22301,0.7411,1247.94,28.7325,16.50205
1,4,4,Beam 2 (chemistry),sms+N536+E163,16.616804,0.445389,0.59924,1884.52,18.88246,11.00248
1,4,4,Beam 2 (chemistry),vbl+N536+E3,12.98837,0.332681,0.69212,1500.61,25.29278,14.3435
1,4,4,Beam 2 (chemistry),sxc+N559+E12,10.363567,0.239278,0.69372,1716.58,14.39186,12.24771
1,4,4,Beam 3 (metal only),lcy+N536+E22,6.559841,0.254859,0.76294,1311.22,19.05609,16.81092
1,4,4,Beam 3 (metal only),wkm+N536+E96,12.223601,0.347056,0.6731,1536.54,34.57042,33.27277
1,4,4,Beam 3 (metal only),whf+N559+E32,13.859328,0.252242,0.6929,1498.87,29.4217,26.81082
1,4,4,Beam 3 (metal only),wkn+N536+E30,9.69365,0.240083,0.74918,1340.95,45.77509,45.24806
1,4,4,Beam 3 (metal only),wmu+N559+E11,18.503791,0.36434,0.58854,1929.26,18.68207,15.5298
1,4,4,Beam 3 (metal only),vbr+N536+E96,13.225539,0.388196,0.63306,1794.51,18.55115,13.72259
1,4,4,Beam 3 (metal only),wgv+N536+E32,16.024265,0.325598,0.65092,1840.35,18.80513,13.75006
1,4,4,Beam 3 (metal only),vbx+N536+E40,13.255086,0.301057,0.70686,1472.06,24.56489,16.99736
1,4,4,Beam 3 (metal only),whl+N559+E47,11.517089,0.201858,0.7632,1164.06,36.64744,35.90579
1,4,4,Beam 3 (metal only),whn+N9+E68,22.49669,0.612148,0.4752,2365.04,13.0817,7.09265
1,4,4,Beam 4 (random baseline),umo+N73+E80,6.199583,0.164447,0.84324,843.323,40.10183,36.72177
1,4,4,Beam 4 (random baseline),uof+N259+E119,8.410701,0.201917,0.7594,1300.68,21.82792,18.67396
1,4,4,Beam 4 (random baseline),lcv+N534+E87,3.337342,0.0583875,0.9386,352.355,52.69769,49.87412
1,4,4,Beam 4 (random baseline),wkp+N86+E89,25.425555,1.00161,0.22394,2000.83,13.07821,11.33793
1,4,4,Beam 4 (random baseline),eck+N632+E8,19.006667,0.761444,0.51764,1877.91,20.90557,19.02003
1,4,4,Beam 4 (random baseline),uoa+N156+E145,6.80255,0.305666,0.76528,1204.01,26.4773,25.60205
1,4,4,Beam 4 (random baseline),fcs+N206+E43,24.201455,0.746293,0.4331,2420.18,11.91835,7.8475
1,5,5,Beam 1 (full hypothesis),cap+N536+E179,29.203692,0.786798,0.33084,2506.17,9.9096,6.9886
1,5,5,Beam 1 (full hypothesis),rob+N536+E163,31.13827,0.799219,0.30456,2730.31,9.78565,5.79443
1,5,5,Beam 1 (full hypothesis),bcs+N9+E163,25.773753,0.847906,0.3163,2451.68,10.55149,6.86116
1,5,5,Beam 1 (full hypothesis),cap+N536+E163,29.363782,0.8433,0.30928,2614.5,9.13429,7.74234
1,5,5,Beam 1 (full hypothesis),cap+N9+E47,29.828038,0.755155,0.31722,2551.65,9.87953,6.59561
1,5,5,Beam 1 (full hypothesis),bcs+N9+E179,26.822864,0.801339,0.31954,2531.13,9.90272,6.10003
1,5,5,Beam 1 (full hypothesis),wid+N9+E163,26.218802,0.839545,0.30984,2504.98,10.01669,5.36836
1,5,5,Beam 1 (full hypothesis),wif+N536+E179,32.779995,0.741374,0.323,2901.87,8.86794,5.1871
1,5,5,Beam 1 (full hypothesis),hxg+N536+E179,27.483045,0.885872,0.29096,2239.97,10.24466,5.47572
1,5,5,Beam 1 (full hypothesis),qtz-x+N9+E163,27.881459,0.741578,0.3576,2774.94,7.82847,5.59332
1,5,5,Beam 2 (chemistry),sxi+N536+E40,13.720795,0.314101,0.69646,1483.51,21.21303,16.23409
1,5,5,Beam 2 (chemistry),wgx+N536+E40,13.89224,0.313947,0.69074,1512.07,29.04302,13.58268
1,5,5,Beam 2 (chemistry),vmj+N536+E32,14.490234,0.313903,0.67796,1605.66,22.09702,19.14457
1,5,5,Beam 2 (chemistry),wkg+N9+E40,14.827416,0.362796,0.65674,1683.69,19.77126,14.23159
1,5,5,Beam 2 (chemistry),wkm+N9+E47,10.914293,0.243841,0.7584,1178.21,48.01051,47.0073
1,5,5,Beam 2 (chemistry),wiv+N9+E163,21.001373,0.562858,0.49078,2447.22,13.72332,8.89208
1,5,5,Beam 2 (chemistry),wil+N9+E61,16.169288,0.437285,0.58308,1931.92,20.16763,17.22106
1,5,5,Beam 2 (chemistry),wmb+N536+E179,15.234741,0.37486,0.65192,1695.7,18.94854,16.30423
1,5,5,Beam 2 (chemistry),soj+N536+E61,18.520818,0.470643,0.55108,2072.39,15.73856,9.25609
1,5,5,Beam 3 (metal only),wmu+N9+E222,13.649902,0.440398,0.58862,1978.05,19.94402,16.57135
1,5,5,Beam 3 (metal only),sxe+N536+E61,13.311543,0.337544,0.66224,1626.28,23.44483,12.56584
1,5,5,Beam 3 (metal only),whx+N536+E4,11.900664,0.298217,0.70124,1610.03,18.17915,14.43603
1,5,5,Beam 3 (metal only),kag+N536+E7,6.419696,0.252211,0.77022,1252.25,24.82438,23.70095
1,5,5,Beam 3 (metal only),wil+N9+E218,17.24764,0.435329,0.56988,2118.61,17.34841,14.77574
1,5,5,Beam 3 (metal only),twf-e+N536+E36,7.806245,0.21948,0.78078,1186.39,43.36565,23.55957
1,5,5,Beam 3 (metal only),rkf+N9+E2,9.602263,0.265638,0.73596,1329.6,23.11029,16.70519
1,5,5,Beam 3 (metal only),reo-e+N536+E222,10.765118,0.313795,0.69276,1593.3,32.27345,10.66555
1,5,5,Beam 3 (metal only),sng+N9+E7,6.183141,0.252935,0.77174,1201.37,29.40818,17.80808
1,5,5,Beam 4 (random baseline),wkf+N438+E179,18.389282,0.49109,0.5627,1955.93,15.54248,12.1756
1,5,5,Beam 4 (random baseline),vbx+N702+E95,24.11732,0.581313,0.45152,2333.05,14.89653,8.37608
1,5,5,Beam 4 (random baseline),umq+N276+E147,8.365749,0.227137,0.77786,1166.91,25.17405,23.74316
1,5,5,Beam 4 (random baseline),wkq+N234+E40,14.730235,0.28483,0.67358,1573.83,20.70907,17.95038
1,5,5,Beam 4 (random baseline),ecj+N664+E92,25.969254,0.554086,0.47772,2225.89,14.06877,11.01765
1,5,5,Beam 4 (random baseline),vcf+N14+E104,11.711667,0.57231,0.60882,1734.59,15.26997,12.245
1,5,5,Beam 4 (random baseline),tsi+N635+E49,24.204117,0.585133,0.44114,2185.64,11.18942,9.39689
1,5,5,Beam 4 (random baseline),whr+N643+E119,14.536918,0.517542,0.55782,1938.15,20.85708,19.64473
1,5,5,Beam 4 (random baseline),whz+N447+E162,25.683275,0.569461,0.42492,2178.04,11.98239,8.54986
1,5,5,Beam 4 (random baseline),ecm+N212+E221,23.614091,0.615897,0.39874,2473.74,12.30123,7.91047
1,6,6,Beam 1 (full hypothesis),bcs+N9+E179,26.717388,0.801339,0.31954,2531.13,9.90272,6.10003
1,6,6,Beam 1 (full hypothesis),wif+N536+E179,32.756889,0.741374,0.323,2901.87,8.86794,5.1871
1,6,6,Beam 1 (full hypothesis),cap+N536+E179,29.343514,0.786798,0.33084,2506.17,9.9096,6.9886
1,6,6,Beam 1 (full hypothesis),cap+N536+E163,29.279967,0.8433,0.30928,2614.5,9.13429,7.74234
1,6,6,Beam 1 (full hypothesis),wid+N9+E163,26.156314,0.839545,0.30984,2504.98,10.01669,5.36836
1,6,6,Beam 1 (full hypothesis),rob+N9+E61,27.374777,0.738818,0.32082,2697.22,9.21151,5.30666
1,6,6,Beam 1 (full hypothesis),cap+N9+E47,29.795093,0.755155,0.31722,2551.65,9.87953,6.59561
1,6,6,Beam 1 (full hypothesis),rob+N536+E163,31.249396,0.799219,0.30456,2730.31,9.78565,5.79443
1,6,6,Beam 1 (full hypothesis),wif+N536+E163,32.803783,0.812683,0.28502,2956.54,8.19049,4.99052
1,6,6,Beam 1 (full hypothesis),rob+N9+E40,29.111484,0.689868,0.3655,2728.71,9.73294,6.44433
1,6,6,Beam 2 (chemistry),smf+N9+E32,11.71358,0.269658,0.72952,1219.92,42.31833,40.88161
1,6,6,Beam 2 (chemistry),vda+N536+E47,15.398491,0.331976,0.66622,1673.57,17.46838,11.86781
1,6,6,Beam 2 (chemistry),snh+N9+E61,17.056331,0.516529,0.52762,1951.86,20.26631,8.31185
1,6,6,Beam 2 (chemistry),whl+N9+E179,13.643967,0.378255,0.6604,1491.4,28.7634,27.22547
1,6,6,Beam 2 (chemistry),wgw+N9+E40,14.173652,0.350857,0.65582,1670.19,17.47699,14.75732
1,6,6,Beam 2 (chemistry),smc+N9+E32,16.036436,0.363107,0.62342,1861.69,18.99063,12.10703
1,6,6,Beam 2 (chemistry),wmj+N9+E163,17.151204,0.500615,0.55966,1997.16,18.91811,13.89513
1,6,6,Beam 2 (chemistry),wkg+N9+E61,14.425314,0.388394,0.62268,1871.59,18.07533,11.54142
1,6,6,Beam 2 (chemistry),wmd+N536+E179,19.983755,0.521775,0.53576,2040.87,14.87578,11.58988
1,6,6,Beam 3 (metal only),wjb+N9+E12,6.68656,0.193126,0.8068,1027.94,41.93475,38.02075
1,6,6,Beam 3 (metal only),wko+N9+E21,8.726005,0.247727,0.75082,1268.86,25.88563,22.56059
1,6,6,Beam 3 (metal only),sml+N536+E3,17.276438,0.421841,0.611,1886.77,20.61331,19.69973
1,6,6,Beam 3 (metal only),wmi+N9+E47,12.624606,0.294731,0.70486,1447.72,24.10768,14.76058
1,6,6,Beam 3 (metal only),lcy-e+N536+E30,10.93944,0.283089,0.70674,1594.28,21.6717,17.37099
1,6,6,Beam 3 (metal only),wmz+N9+E30,15.875922,0.420953,0.57204,2252.99,15.68761,11.38903
1,6,6,Beam 3 (metal only),cap+N536+E36,17.492269,0.490737,0.52394,2276.19,12.46164,10.20976
1,6,6,Beam 3 (metal only),sxi+N536+E3,13.519713,0.338566,0.68604,1535.06,20.31309,14.89811
1,6,6,Beam 3 (metal only),whb+N9+E47,14.542183,0.334188,0.66128,1625.24,17.27656,13.5464
1,6,6,Beam 4 (random baseline),ecj+N281+E113,17.956363,0.450025,0.56022,1945.68,15.45196,13.23999
1,6,6,Beam 4 (random baseline),kag+N475+E119,20.493981,0.814706,0.32262,2419.66,11.04493,7.72418
1,6,6,Beam 4 (random baseline),msp+N312+E14,23.187615,0.58128,0.48414,2394.48,12.64724,6.95301
1,6,6,Beam 4 (random baseline),wkh+N491+E87,13.619679,0.376668,0.61532,1780.8,18.1226,13.6489
1,6,6,Beam 4 (random baseline),fno+N206+E16,26.414961,0.790166,0.39368,2585.65,11.57805,6.20206
1,6,6,Beam 4 (random baseline),vmi+N268+E142,15.397478,0.449904,0.58954,1946.19,17.22325,12.84287
1,6,6,Beam 4 (random baseline),whz+N521+E13,23.731374,0.69012,0.39954,2551.71,10.98918,7.7437
1,6,6,Beam 4 (random baseline),pyr-e+N425+E97,11.17073,0.304869,0.7154,1408.71,23.02631,16.5124
1,6,6,Beam 4 (random baseline),snz+N560+E123,16.851354,0.412519,0.5813,2077.41,18.97197,15.86067
1,7,7,Beam 1 (full hypothesis),wid+N9+E179,27.154706,0.773202,0.33332,2606.29,8.50786,5.89266
1,7,7,Beam 1 (full hypothesis),rob+N536+E163,31.138947,0.799219,0.30456,2730.31,9.78565,5.79443
1,7,7,Beam 1 (full hypothesis),wif+N536+E179,32.873214,0.741374,0.323,2901.87,8.86794,5.1871
1,7,7,Beam 1 (full hypothesis),cap+N9+E47,29.843094,0.755155,0.31722,2551.65,9.87953,6.59561
1,7,7,Beam 1 (full hypothesis),cap+N536+E163,29.202426,0.8433,0.30928,2614.5,9.13427,7.74234
1,7,7,Beam 1 (full hypothesis),rob+N9+E61,27.329169,0.738818,0.32082,2697.22,9.21151,5.30666
1,7,7,Beam 1 (full hypothesis),wif+N536+E163,32.745998,0.812683,0.28502,2956.54,8.19049,4.99052
1,7,7,Beam 1 (full hypothesis),cap+N559+E47,34.678823,0.682064,0.27412,2666.76,7.74805,4.77854
1,7,7,Beam 1 (full hypothesis),cap+N536+E179,29.240936,0.786798,0.33084,2506.17,9.9096,6.9886
1,7,7,Beam 1 (full hypothesis),bcs+N9+E163,25.715856,0.847906,0.3163,2451.68,10.55149,6.86116
1,7,7,Beam 2 (chemistry),sny+N559+E61,9.379207,0.1892,0.78462,998.721,47.04246,46.12552
1,7,7,Beam 2 (chemistry),vcz+N536+E61,19.669313,0.481633,0.53008,2200.62,13.51443,10.40388
1,7,7,Beam 2 (chemistry),hxg+N559+E32,24.755728,0.481389,0.45008,2258.47,13.67024,7.73339
1,7,7,Beam 2 (chemistry),sxb+N536+E32,22.516512,0.449847,0.52844,2394.34,13.82406,8.09177
1,7,7,Beam 2 (chemistry),vbl+N559+E47,12.321845,0.218718,0.74106,1315.93,28.67984,16.3324
1,7,7,Beam 2 (chemistry),vmg+N9+E47,13.156357,0.308752,0.68352,1526.77,19.25925,14.29252
1,7,7,Beam 2 (chemistry),vby+N536+E163,21.199558,0.535794,0.5165,2296.94,12.40107,11.13632
1,7,7,Beam 3 (metal only),wmv+N559+E98,12.44583,0.229731,0.72346,1388.66,25.56551,21.89179
1,7,7,Beam 3 (metal only),smi+N536+E41,6.435985,0.256376,0.75926,1328.67,19.47267,18.87771
1,7,7,Beam 3 (metal only),qtz-e+N536+E22,7.908149,0.283458,0.73572,1466.98,17.57395,15.66235
1,7,7,Beam 3 (metal only),wgz+N559+E32,14.89025,0.277339,0.66334,1653.04,28.06939,11.42076
1,7,7,Beam 3 (metal only),wmb+N9+E2,8.065312,0.218739,0.77018,1205.64,26.01402,23.51417
1,7,7,Beam 3 (metal only),wnb+N559+E4,10.306102,0.203451,0.742,1432.63,23.65276,19.15358
1,7,7,Beam 3 (metal only),wid+N536+E68,22.794978,0.581432,0.50986,2234.39,16.33652,9.70395
1,7,7,Beam 3 (metal only),wmi+N536+E163,18.117986,0.480607,0.57298,2017.76,17.37044,10.00953
1,7,7,Beam 3 (metal only),whs+N536+E163,14.859845,0.394452,0.64728,1635.76,27.55292,25.68062
1,7,7,Beam 3 (metal only),who+N536+E2,11.891317,0.305338,0.6763,1638.06,18.30012,12.72495
1,7,7,Beam 4 (random baseline),ece+N132+E19,14.74404,1.10509,0.36584,1788.5,13.03388,12.73314
1,7,7,Beam 4 (random baseline),wmt+N295+E72,20.896768,0.552587,0.49654,2036.84,22.6423,20.75406
1,7,7,Beam 4 (random baseline),utk+N641+E16,6.277627,0.154643,0.83382,950.172,25.68492,24.44735
1,7,7,Beam 4 (random baseline),twf-e+N340+E223,8.721986,0.247257,0.76984,1194.71,42.20019,22.30532
1,7,7,Beam 4 (random baseline),cap+N270+E234,32.620428,0.831589,0.34112,2498.35,9.63789,6.54194
1,7,7,Beam 4 (random baseline),bcu-k+N684+E79,21.448446,0.875214,0.30328,1845.65,24.67549,4.14268
1,7,7,Beam 4 (random baseline),wmy+N6+E206,9.824803,1.89459,0.0,0.0,4.59575,2.29407
1,7,7,Beam 4 (random baseline),vcz+N366+E163,18.920591,0.569876,0.52656,1988.98,16.4949,12.13897
1,7,7,Beam 4 (random baseline),wgy+N148+E215,19.3123,0.445142,0.53282,2101.23,20.75603,19.33668
1,7,7,Beam 4 (random baseline),wnc+N33+E205,19.756652,0.617417,0.47192,2065.01,17.02974,8.40866
1,8,8,Beam 1 (full hypothesis),wif+N536+E11,33.404871,0.819484,0.2652,2979.43,7.80592,4.74545
1,8,8,Beam 1 (full hypothesis),rob+N536+E11,33.077081,0.803127,0.29208,2799.46,9.04453,5.93824
1,8,8,Beam 1 (full hypothesis),wif+N536+E234,33.437999,0.740293,0.33102,2880.13,9.97109,5.7057
1,8,8,Beam 1 (full hypothesis),wif+N536+E179,32.705848,0.741374,0.323,2901.87,8.86794,5.1871
1,8,8,Beam 1 (full hypothesis),rob+N536+E163,31.246496,0.799219,0.30456,2730.31,9.78565,5.79443
1,8,8,Beam 1 (full hypothesis),msw+N9+E11,29.571279,0.741467,0.34484,2720.58,8.23237,7.08077
1,8,8,Beam 1 (full hypothesis),cap+N536+E163,29.416706,0.8433,0.30928,2614.5,9.13429,7.74234
1,8,8,Beam 1 (full hypothesis),rob+N9+E61,27.378232,0.738818,0.32082,2697.22,9.21151,5.30666
1,8,8,Beam 1 (full hypothesis),cap+N9+E47,29.757414,0.755155,0.31722,2551.65,9.87953,6.59561
1,8,8,Beam 1 (full hypothesis),wif+N9+E234,29.902529,0.810187,0.28366,2738.24,8.49751,4.8392
1,8,8,Beam 2 (chemistry),sxi+N536+E234,15.129481,0.385809,0.64558,1698.72,20.25725,13.18198
1,8,8,Beam 2 (chemistry),skd+N9+E11,16.885071,0.478376,0.5631,1946.16,17.52929,13.57557
1,8,8,Beam 2 (chemistry),wim+N559+E11,16.212673,0.322103,0.64268,1604.37,23.52749,20.89927
1,8,8,Beam 2 (chemistry),wmg+N559+E179,14.800321,0.299715,0.6656,1599.54,27.00921,20.52005
1,8,8,Beam 2 (chemistry),soj+N536+E11,24.042396,0.591088,0.46912,2365.25,12.13669,7.26958
1,8,8,Beam 2 (chemistry),pcu+N536+E11,24.148476,0.565788,0.47868,2379.18,10.35299,8.1225
1,8,8,Beam 2 (chemistry),wgw+N559+E179,16.081541,0.330068,0.6246,1833.92,16.74754,13.41008
1,8,8,Beam 2 (chemistry),whr+N559+E163,15.370237,0.346352,0.63862,1689.58,23.37623,20.18414
1,8,8,Beam 2 (chemistry),sxa+N559+E61,20.620373,0.402665,0.52896,2275.28,11.70436,9.18152
1,8,8,Beam 3 (metal only),msw+N536+E222,19.29144,0.515907,0.51352,2342.42,11.19985,9.39266
1,8,8,Beam 3 (metal only),whv+N9+E3,13.48194,0.379755,0.6574,1617.67,17.7634,13.33661
1,8,8,Beam 3 (metal only),cap+N559+E33,30.553833,0.618641,0.2496,3187.55,7.08624,4.56252
1,8,8,Beam 3 (metal only),lcs-e+N536+E24,13.517571,0.383795,0.64142,1752.81,19.10408,15.67166
1,8,8,Beam 3 (metal only),snk+N536+E53,21.918445,0.593479,0.52362,2252.67,12.64089,10.1974
1,8,8,Beam 3 (metal only),vbm+N559+E8,17.941174,0.42362,0.54562,2244.72,13.60695,9.58008
1,8,8,Beam 3 (metal only),snr+N536+E33,8.419105,0.22524,0.7689,1265.43,33.6754,20.96132
1,8,8,Beam 3 (metal only),wmz+N9+E47,18.58332,0.42724,0.58322,1934.22,15.81747,12.12704
1,8,8,Beam 4 (random baseline),wgd+N272+E9,3.82908,0.140146,0.87518,721.904,45.57602,42.90122
1,8,8,Beam 4 (random baseline),sno+N92+E154,20.302265,0.476105,0.60958,1847.93,22.69655,20.23436
1,8,8,Beam 4 (random baseline),wna+N555+E65,12.300734,0.43844,0.60566,2030.61,19.01221,9.54825
1,8,8,Beam 4 (random baseline),wmj+N465+E142,18.789395,0.604269,0.5027,2027.36,15.69039,12.85217
1,8,8,Beam 4 (random baseline),whj+N106+E154,17.251226,0.441171,0.58286,1956.59,18.57322,10.90368
1,8,8,Beam 4 (random baseline),ecb+N375+E138,26.641783,0.989827,0.2408,2172.66,13.53185,10.40349
1,8,8,Beam 4 (random baseline),pcu+N274+E234,12.7713,0.244359,0.72266,1415.0,18.70407,13.65633
1,8,8,Beam 4 (random baseline),umo+N649+E50,10.817068,0.474451,0.64012,1576.48,21.68082,21.12665
1,8,8,Beam 4 (random baseline),vcs+N632+E166,28.902488,1.36546,0.21784,2431.91,7.39204,4.43331
1,9,9,Beam 1 (full hypothesis),rob+N536+E11,33.063885,0.803127,0.29208,2799.46,9.04453,5.93824
1,9,9,Beam 1 (full hypothesis),wif+N536+E11,33.421838,0.819484,0.2652,2979.43,7.80592,4.74545
1,9,9,Beam 1 (full hypothesis),cap+N9+E47,29.800894,0.755155,0.31722,2551.65,9.87953,6.59561
1,9,9,Beam 1 (full hypothesis),wid+N9+E11,28.652606,0.868083,0.2636,2720.47,8.4014,4.8389
1,9,9,Beam 1 (full hypothesis),wif+N9+E179,30.64536,0.811327,0.2783,2781.3,8.17929,4.79213
1,9,9,Beam 1 (full hypothesis),cap+N536+E179,29.26825,0.786798,0.33084,2506.17,9.9096,6.9886
1,9,9,Beam 1 (full hypothesis),wif+N536+E234,33.445596,0.740293,0.33102,2880.13,9.97109,5.7057
1,9,9,Beam 1 (full hypothesis),wid+N9+E179,27.063284,0.773202,0.33332,2606.29,8.50786,5.89266
1,9,9,Beam 1 (full hypothesis),wif+N9+E234,29.751184,0.810187,0.28366,2738.24,8.49751,4.8392
1,9,9,Beam 1 (full hypothesis),rob+N536+E163,31.226356,0.799219,0.30456,2730.31,9.78565,5.79443
1,9,9,Beam 2 (chemistry),wmg+N536+E179,14.812446,0.367363,0.66098,1605.82,25.45826,17.13096
1,9,9,Beam 2 (chemistry),vbv+N9+E163,14.469321,0.426072,0.61194,1769.14,21.0938,12.4059
1,9,9,Beam 2 (chemistry),wko+N9+E11,16.229239,0.455429,0.58428,1901.66,17.75388,14.66501
1,9,9,Beam 2 (chemistry),vcc+N9+E179,19.943882,0.517731,0.5189,2264.53,14.6135,8.37528
1,9,9,Beam 2 (chemistry),sni+N559+E32,17.664828,0.296205,0.63006,1933.77,21.43237,18.6459
1,9,9,Beam 2 (chemistry),kag+N536+E163,18.328727,0.503154,0.5557,2012.09,15.43326,13.72613
1,9,9,Beam 2 (chemistry),wmz+N536+E11,23.043736,0.56709,0.49082,2218.98,12.43481,9.21815
1,9,9,Beam 2 (chemistry),acs+N536+E47,13.315301,0.288633,0.70792,1489.72,19.31262,17.56588
1,9,9,Beam 2 (chemistry),bsn+N536+E47,15.03462,0.328121,0.66962,1644.06,15.3827,12.97928
1,9,9,Beam 3 (metal only),sms+N9+E96,13.914126,0.439709,0.58712,2004.52,18.46794,9.98124
1,9,9,Beam 3 (metal only),snp+N9+E209,13.102859,0.371182,0.6372,1752.48,16.68688,13.16039
1,9,9,Beam 3 (metal only),wis+N9+E7,7.644547,0.338787,0.69768,1605.02,14.74156,13.34105
1,9,9,Beam 3 (metal only),whs+N9+E163,13.742287,0.39729,0.64454,1620.52,28.50737,27.48021
1,9,9,Beam 3 (metal only),wmw+N9+E2,8.673723,0.233458,0.75826,1255.75,24.67618,22.50409
1,9,9,Beam 3 (metal only),vbs+N9+E41,8.345253,0.346271,0.68032,1714.31,17.34742,12.81045
1,9,9,Beam 3 (metal only),wie+N536+E3,18.841067,0.46906,0.57602,1988.62,15.97025,11.58785
1,9,9,Beam 3 (metal only),wkg+N536+E24,13.660226,0.389238,0.63508,1845.98,17.79616,12.37309
1,9,9,Beam 3 (metal only),sxe+N559+E4,10.66167,0.21344,0.73044,1485.66,22.84367,15.14289
1,9,9,Beam 4 (random baseline),uov+N454+E14,7.043959,0.295842,0.77478,1071.02,23.8237,18.78431
1,9,9,Beam 4 (random baseline),smp+N447+E167,18.881088,0.593515,0.386,1685.29,22.82643,8.31269
1,9,9,Beam 4 (random baseline),ect+N692+E226,14.25246,1.43468,0.05498,795.928,7.73749,4.15043
1,9,9,Beam 4 (random baseline),uoh+N557+E23,5.638719,0.147731,0.81546,1054.36,28.4184,25.76425
1,9,9,Beam 4 (random baseline),mob+N510+E72,27.387368,1.27798,0.23012,2233.31,8.49909,6.35874
1,9,9,Beam 4 (random baseline),unf+N305+E179,8.108342,0.241775,0.78042,1213.97,22.90175,15.76164
1,9,9,Beam 4 (random baseline),whm+N195+E24,8.994319,0.235795,0.77248,1201.55,28.02278,26.69076
1,9,9,Beam 4 (random baseline),wfg+N171+E49,26.096626,0.785764,0.38386,2183.18,13.5011,8.34805
1,9,9,Beam 4 (random baseline),npo+N29+E38,5.307078,0.266721,0.77574,1196.04,27.06212,26.53583
1,9,9,Beam 4 (random baseline),wit+N709+E107,12.325841,0.367631,0.66138,1690.57,22.02083,12.25428
1,10,10,Beam 1 (full hypothesis),rob+N9+E61,27.192378,0.738818,0.32082,2697.22,9.21151,5.30666
1,10,10,Beam 1 (full hypothesis),wif+N536+E179,32.750477,0.741374,0.323,2901.87,8.86794,5.1871
1,10,10,Beam 1 (full hypothesis),wif+N536+E11,33.359604,0.819484,0.2652,2979.43,7.80592,4.74545
1,10,10,Beam 1 (full hypothesis),rob+N536+E163,31.223649,0.799219,0.30456,2730.31,9.78565,5.79443
1,10,10,Beam 1 (full hypothesis),wid+N9+E11,28.603027,0.868083,0.2636,2720.47,8.4014,4.8389
1,10,10,Beam 1 (full hypothesis),rob+N536+E11,33.166844,0.803127,0.29208,2799.46,9.04453,5.93824
1,10,10,Beam 1 (full hypothesis),cap+N559+E47,34.753199,0.682064,0.27412,2666.76,7.74805,4.77854
1,10,10,Beam 1 (full hypothesis),wif+N9+E179,30.555498,0.811327,0.2783,2781.3,8.17929,4.79213
1,10,10,Beam 1 (full hypothesis),wif+N536+E163,32.611029,0.812683,0.28502,2956.54,8.19049,4.99052
1,10,10,Beam 1 (full hypothesis),rob+N536+E179,30.905473,0.715795,0.33884,3004.76,8.8763,6.03535
1,10,10,Beam 2 (chemistry),snh+N536+E47,15.695769,0.354598,0.65464,1588.16,27.85933,13.65088
1,10,10,Beam 2 (chemistry),sxj+N9+E32,14.348675,0.350071,0.64836,1619.04,21.48906,16.32855
1,10,10,Beam 2 (chemistry),vda+N536+E61,16.95485,0.428212,0.57634,2076.64,15.22189,9.89244
1,10,10,Beam 2 (chemistry),smq+N9+E47,13.088638,0.29583,0.7056,1465.47,23.94395,21.59288
1,10,10,Beam 2 (chemistry),snp+N536+E32,15.03433,0.380057,0.61654,1714.34,16.17522,13.2372
1,10,10,Beam 2 (chemistry),wmg+N559+E32,13.905066,0.247127,0.69084,1572.92,29.02817,21.39784
1,10,10,Beam 2 (chemistry),whk+N9+E40,13.362956,0.33949,0.67236,1586.05,25.01222,11.99701
1,10,10,Beam 2 (chemistry),smd+N536+E163,17.770034,0.448666,0.59422,2011.93,21.5136,19.57621
1,10,10,Beam 2 (chemistry),crs+N9+E61,10.339634,0.324764,0.69524,1283.14,24.7882,18.6944
1,10,10,Beam 3 (metal only),vmf+N536+E21,9.049341,0.234461,0.76048,1261.71,23.56562,19.14706
1,10,10,Beam 3 (metal only),wml+N559+E22,6.929815,0.197026,0.77184,1274.01,37.8236,36.06793
1,10,10,Beam 3 (metal only),smp+N9+E3,13.186907,0.35007,0.67872,1525.56,31.37931,15.54993
1,10,10,Beam 3 (metal only),vbu+N536+E30,10.230763,0.26334,0.72664,1491.08,22.98468,18.0596
1,10,10,Beam 3 (metal only),kag+N9+E82,10.250282,0.378855,0.69182,1522.5,23.20028,19.14373
1,10,10,Beam 3 (metal only),sny+N9+E22,5.938326,0.219817,0.79988,1090.29,38.56849,36.27668
1,10,10,Beam 3 (metal only),wkf+N9+E96,12.921335,0.434893,0.59204,1950.54,17.70869,13.55097
1,10,10,Beam 3 (metal only),vbt+N9+E4,11.261269,0.289433,0.71196,1617.92,22.26321,18.61394
1,10,10,Beam 3 (metal only),sxd+N536+E234,15.032841,0.380671,0.65402,1612.9,18.22031,16.39422
1,10,10,Beam 3 (metal only),why+N559+E11,17.138948,0.351486,0.59666,1915.42,14.81765,11.72145
1,10,10,Beam 4 (random baseline),whn+N554+E150,24.175319,0.532958,0.48368,2537.71,13.67344,6.48487
1,10,10,Beam 4 (random baseline),zfb+N482+E22,7.404995,0.286428,0.73724,1532.99,17.63945,12.57309
1,10,10,Beam 4 (random baseline),wjd+N286+E3,13.058534,0.373216,0.69108,1494.52,25.78719,14.57345
1,10,10,Beam 4 (random baseline),zft+N383+E203,7.435023,0.202731,0.75966,1361.66,20.50823,15.85359
1,10,10,Beam 4 (random baseline),lvt+N580+E64,6.412674,0.194654,0.81708,1043.92,21.08552,16.8389
1,10,10,Beam 4 (random baseline),vbo+N59+E175,24.732253,0.95146,0.3796,2264.96,10.79103,7.85799
1,10,10,Beam 4 (random baseline),wiv+N668+E222,10.457291,0.315625,0.681,1706.17,16.64304,13.51449
1,10,10,Beam 4 (random baseline),whn+N509+E104,15.650917,0.553883,0.59494,1944.69,16.338,10.40197
1,10,10,Beam 4 (random baseline),unx+N450+E68,11.467418,0.302583,0.70402,1584.87,21.55072,14.23635
1,10,10,Beam 4 (random baseline),wjm+N482+E23,11.860019,0.331299,0.68166,1715.56,18.60784,15.82409
2,1,1,Beam 1 (full hypothesis),lcv+N73+E163,8.204281,0.2447,0.7866,1172.25,23.70961,19.06543
2,1,1,Beam 1 (full hypothesis),uob+N237+E81,9.105449,0.246818,0.7626,1272.51,25.97088,22.12849
2,1,1,Beam 1 (full hypothesis),umq+N398+E85,10.889465,0.293084,0.719,1427.86,22.00525,19.24871
2,1,1,Beam 1 (full hypothesis),uon+N710+E16,14.700233,0.517217,0.55182,2218.28,12.56179,9.07002
2,1,1,Beam 1 (full hypothesis),umb+N327+E179,3.340157,0.219889,0.88262,538.23,56.42938,53.30032
2,1,1,Beam 1 (full hypothesis),crr+N73+E39,4.593988,0.121932,0.87682,726.769,46.58852,18.55714
2,1,1,Beam 1 (full hypothesis),ulf+N649+E163,20.210759,0.882966,0.3792,1808.0,17.08213,10.9545
2,1,1,Beam 1 (full hypothesis),umh+N317+E179,7.964399,0.201914,0.8072,1036.29,29.76013,21.67066
2,1,1,Beam 1 (full hypothesis),umm+N460+E138,5.155341,0.132832,0.86492,765.809,53.28299,50.95196
2,1,1,Beam 1 (full hypothesis),uom+N327+E61,3.711671,0.272995,0.85336,714.175,29.57943,26.68837
2,1,1,Beam 2 (chemistry),hal+N697+E131,9.303821,0.369121,0.71192,1310.9,36.10851,16.69582
2,1,1,Beam 2 (chemistry),uka+N371+E209,6.394716,0.168635,0.82694,973.606,26.3183,22.10969
2,1,1,Beam 2 (chemistry),wjg+N327+E179,5.289753,0.465819,0.74894,1169.01,20.58033,15.79741
2,1,1,Beam 2 (chemistry),uli+N237+E185,7.972817,0.554983,0.7126,1196.24,29.09326,17.70453
2,1,1,Beam 2 (chemistry),dft+N34+E96,6.498629,0.15241,0.82212,970.758,31.92924,26.73038
2,1,1,Beam 2 (chemistry),mon+N710+E16,8.20384,0.311017,0.7156,1534.54,17.77256,14.82454
2,1,1,Beam 2 (chemistry),hbo+N371+E21,4.460957,0.107832,0.88848,627.774,47.41842,27.47227
2,1,1,Beam 2 (chemistry),uou+N327+E228,3.605084,0.466156,0.77828,981.478,23.83881,17.66384
2,1,1,Beam 2 (chemistry),lcv-a+N649+E3,3.671256,0.0710646,0.9363,336.68,68.8928,58.20809
2,1,1,Beam 2 (chemistry),uos+N623+E123,7.532456,0.250665,0.75148,1356.88,22.57292,20.69223
2,1,1,Beam 3 (metal only),unb+N256+E41,3.803586,0.151779,0.8516,890.486,30.03601,21.24869
2,1,1,Beam 3 (metal only),uoa+N460+E57,4.221123,0.12318,0.87302,729.941,40.95196,39.9529
2,1,1,Beam 3 (metal only),uou+N623+E7,3.778405,0.136891,0.86586,753.819,30.60161,20.06597
2,1,1,Beam 3 (metal only),cds+N237+E33,10.791044,0.314173,0.66858,1962.21,13.51591,11.69432
2,1,1,Beam 3 (metal only),uos+N327+E4,2.957452,0.192594,0.89568,529.848,42.54867,37.58774
2,1,1,Beam 3 (metal only),umc+N256+E38,6.506859,0.310101,0.72618,1596.75,15.65692,12.31354
2,1,1,Beam 3 (metal only),uot+N276+E131,14.213124,0.512452,0.59482,1886.7,19.4565,10.47782
2,1,1,Beam 3 (metal only),ukb+N327+E119,3.424458,0.462797,0.77162,1030.7,22.34097,17.00383
2,1,1,Beam 3 (metal only),uns+N256+E185,20.697089,1.38391,0.32774,2361.73,11.2516,7.24573
2,1,1,Beam 4 (random baseline),vmk+N290+E222,20.032849,0.626052,0.4971,2508.43,11.40311,8.64322
2,1,1,Beam 4 (random baseline),umm+N561+E23,5.696418,0.1075,0.8756,694.716,53.87596,51.04795
2,1,1,Beam 4 (random baseline),sol+N696+E204,25.45965,1.09628,0.25858,2390.29,8.22549,6.11123
2,1,1,Beam 4 (random baseline),umc+N136+E38,5.283061,0.128862,0.85114,842.449,25.63547,22.13028
2,1,1,Beam 4 (random baseline),smi+N694+E59,8.643464,0.197336,0.77424,1215.81,25.47756,22.35557
2,1,1,Beam 4 (random baseline),wgy+N356+E43,16.964035,0.418418,0.57678,1772.43,25.55851,24.68489
2,1,1,Beam 4 (random baseline),vmh+N421+E186,10.606318,0.865726,0.5545,1827.7,14.5671,12.99464
2,1,1,Beam 4 (random baseline),uny+N32+E217,0.536817,2.61581,0.0,0.0,3.51939,1.44673
2,1,1,Beam 4 (random baseline),uoz+N360+E138,17.655296,0.567421,0.51912,1746.46,23.42669,22.36659
2,2,2,Beam 1 (full hypothesis),ula+N153+E206,25.945494,0.965861,0.34108,2736.47,12.1317,5.00089
2,2,2,Beam 1 (full hypothesis),ure+N327+E204,12.960423,1.41415,0.35632,2595.33,9.72551,7.07863
2,2,2,Beam 1 (full hypothesis),upb+N153+E204,24.83649,0.972824,0.36934,2500.75,10.88261,7.62016
2,2,2,Beam 1 (full hypothesis),lvt+N52+E204,28.96013,1.22697,0.17336,2365.73,7.63246,4.51165
2,2,2,Beam 1 (full hypothesis),ure+N327+E206,12.924538,1.36959,0.35884,2456.8,10.36296,7.11692
2,2,2,Beam 1 (full hypothesis),qdl+N267+E131,23.461989,1.11006,0.10818,2018.72,6.32191,3.7379
2,2,2,Beam 1 (full hypothesis),qzd+N305+E131,28.838778,1.02195,0.25968,3099.92,6.98037,4.80155
2,2,2,Beam 1 (full hypothesis),hjm+N256+E206,13.879447,1.66348,0.0,0.0,4.53244,2.16433
2,2,2,Beam 1 (full hypothesis),ukl+N327+E204,16.492553,1.94764,0.20284,2226.78,7.78574,5.47322
2,2,2,Beam 1 (full hypothesis),umv+N581+E204,0.794967,2.89752,0.0,0.0,3.2853,1.70602
2,2,2,Beam 2 (chemistry),sst+N73+E131,21.526326,0.96791,0.36644,2384.17,16.54635,5.65446
2,2,2,Beam 2 (chemistry),ukj+N327+E204,5.489939,0.750848,0.64906,1553.99,15.68536,12.17372
2,2,2,Beam 2 (chemistry),can+N327+E206,3.917042,0.417736,0.7939,874.209,35.18868,34.01282
2,2,2,Beam 2 (chemistry),ukx+N327+E204,4.309013,0.51386,0.759,1066.84,28.13442,22.03598
2,2,2,Beam 2 (chemistry),zni+N404+E185,23.8771,0.81364,0.42196,2258.36,15.08729,6.5416
2,2,2,Beam 2 (chemistry),umc+N327+E206,4.273444,0.477963,0.76954,985.971,26.14403,22.75561
2,2,2,Beam 2 (chemistry),atn+N312+E206,10.648061,0.317196,0.73982,1194.93,36.4154,24.66806
2,2,2,Beam 2 (chemistry),lcv-a+N327+E204,2.64587,0.196675,0.91138,368.872,71.9502,61.76527
2,2,2,Beam 2 (chemistry),unh+N256+E131,16.839828,0.5721,0.54172,2156.9,15.58276,13.95449
2,2,2,Beam 3 (metal only),umw+N327+E24,2.918112,0.253487,0.87028,618.408,43.84038,42.30905
2,2,2,Beam 3 (metal only),qdl+N256+E123,27.804767,0.779557,0.327,2984.07,9.07854,6.09396
2,2,2,Beam 3 (metal only),umk+N327+E11,3.048023,0.223388,0.8873,543.877,63.5335,60.38441
2,2,2,Beam 3 (metal only),und+N238+E63,14.425378,0.430167,0.58414,2096.08,15.42593,12.65882
2,2,2,Beam 3 (metal only),uop+N327+E29,5.537334,0.639881,0.68916,1379.59,16.51859,13.63142
2,2,2,Beam 3 (metal only),usf+N689+E186,13.204118,0.297295,0.68328,1656.2,20.91986,18.06251
2,2,2,Beam 3 (metal only),ict+N327+E202,4.521868,0.634689,0.7045,1321.42,26.24404,21.50796
2,2,2,Beam 3 (metal only),uou+N312+E182,14.102674,0.397602,0.65972,1629.73,18.31319,12.8717
2,2,2,Beam 3 (metal only),cds+N327+E27,4.282633,0.980994,0.57684,1845.53,13.38751,9.04583
2,2,2,Beam 3 (metal only),lcs+N153+E13,13.044773,0.505226,0.60702,2045.42,13.31588,9.41211
2,2,2,Beam 4 (random baseline),whl+N406+E16,20.045376,0.609281,0.42892,1947.67,20.01779,18.41872
2,2,2,Beam 4 (random baseline),uoa+N547+E25,13.131862,0.290654,0.68306,1481.53,26.93886,24.85876
2,2,2,Beam 4 (random baseline),lon+N292+E53,7.334383,0.184743,0.80802,1055.84,21.66548,18.59996
2,2,2,Beam 4 (random baseline),qtz-x+N560+E2,12.850242,0.299262,0.66014,1858.0,14.7819,10.09057
2,2,2,Beam 4 (random baseline),snz+N657+E212,20.630571,0.702077,0.39956,2242.55,14.99187,13.03845
2,2,2,Beam 4 (random baseline),skd+N506+E154,10.561181,0.247047,0.74588,1304.77,27.44298,26.3937
2,2,2,Beam 4 (random baseline),dia+N136+E225,3.916582,0.0707636,0.91416,492.305,36.65826,29.94614
2,2,2,Beam 4 (random baseline),sod-e+N480+E128,17.42152,0.693184,0.45456,1827.74,20.10411,6.68431
2,2,2,Beam 4 (random baseline),smv+N286+E112,12.420239,0.384254,0.68722,1492.02,35.68272,33.8919
2,3,4,Beam 1 (full hypothesis),tes+N209+E204,18.703233,1.2527,0.27952,1743.9,13.15084,8.1082
2,3,4,Beam 1 (full hypothesis),vct+N629+E204,25.552962,1.17293,0.20974,2272.06,8.15596,4.8498
2,3,4,Beam 1 (full hypothesis),hcp+N118+E204,19.446286,1.75225,0.03246,764.109,4.98237,3.19443
2,3,4,Beam 1 (full hypothesis),wki+N690+E131,20.779533,0.846738,0.38974,2291.03,10.87806,7.27895
2,3,4,Beam 1 (full hypothesis),ecm+N629+E185,18.599811,1.96574,0.13502,1712.65,7.28849,4.6793
2,3,4,Beam 1 (full hypothesis),wmk+N554+E206,19.041913,0.983951,0.35404,2134.45,14.78007,7.33722
2,3,4,Beam 1 (full hypothesis),wfd+N629+E206,18.795057,1.45364,0.0905,1665.46,6.62227,3.44433
2,3,4,Beam 1 (full hypothesis),tfs+N85+E204,27.91893,0.821237,0.36854,2612.67,11.97288,5.75005
2,3,4,Beam 1 (full hypothesis),vmt+N629+E204,22.898341,1.27421,0.1523,2133.06,6.87056,4.12537
2,3,4,Beam 1 (full hypothesis),wfp+N629+E185,23.657809,1.56373,0.25674,2149.1,9.70518,6.40234
2,3,4,Beam 2 (chemistry),vmw+N629+E204,22.496704,1.42377,0.09884,1970.34,5.85747,2.94129
2,3,4,Beam 2 (chemistry),rgd+N187+E206,13.335564,1.88518,0.02996,587.463,6.78147,3.33388
2,3,4,Beam 2 (chemistry),fcu+N118+E131,15.662655,1.71694,0.0,0.0,4.69693,2.09326
2,3,4,Beam 2 (chemistry),wmf+N696+E206,16.927202,0.772651,0.45376,2033.01,15.53168,8.26061
2,3,4,Beam 2 (chemistry),icc+N629+E206,0.830266,2.67742,0.0,0.0,3.64791,0.85789
2,3,4,Beam 2 (chemistry),hcp+N187+E131,16.381238,1.70592,0.01386,547.965,4.46197,2.53081
2,3,4,Beam 2 (chemistry),unn+N257+E204,21.430113,0.781593,0.42928,2659.63,11.90118,7.39119
2,3,4,Beam 2 (chemistry),wfm+N629+E204,22.276162,1.3135,0.16088,1898.13,8.9968,4.42943
2,3,4,Beam 2 (chemistry),fcu+N187+E204,13.579701,1.95404,0.03242,916.721,4.43101,2.54124
2,3,4,Beam 2 (chemistry),whw+N696+E206,22.924696,1.34236,0.13264,2246.65,7.63562,3.58792
2,3,4,Beam 3 (metal only),whu+N33+E159,14.279605,0.485664,0.59686,1712.66,24.5941,23.23328
2,3,4,Beam 3 (metal only),ech+N629+E79,23.254683,0.835354,0.25942,1755.15,12.8789,6.54329
2,3,4,Beam 3 (metal only),rgd+N187+E107,28.842482,0.749676,0.35374,2591.75,13.48967,5.03231
2,3,4,Beam 3 (metal only),rgd+N118+E155,24.287844,1.24359,0.2844,2373.4,12.34215,5.19498
2,3,4,Beam 3 (metal only),vbn+N554+E78,10.35153,0.282009,0.7089,1540.13,19.32288,14.58823
2,3,4,Beam 3 (metal only),teo+N629+E16,20.288454,0.725129,0.384,1915.86,16.2027,10.1906
2,3,4,Beam 3 (metal only),xii+N187+E128,9.605158,1.86409,0.02484,504.583,6.2612,2.8541
2,3,4,Beam 3 (metal only),uog+N267+E43,15.190449,0.364814,0.61922,1759.63,15.90026,13.04344
2,3,4,Beam 3 (metal only),wfk+N629+E112,23.304635,0.590423,0.43448,2307.84,13.79353,11.80914
2,3,4,Beam 3 (metal only),fcu+N187+E65,27.881274,0.838724,0.25346,2723.44,8.674,4.89622
2,3,4,Beam 4 (random baseline),wmw+N467+E11,13.694442,0.383238,0.66392,1695.3,19.99286,16.37557
2,3,4,Beam 4 (random baseline),usf+N435+E4,7.509027,0.15651,0.80506,1136.88,23.50123,20.58543
2,3,4,Beam 4 (random baseline),ums+N301+E66,6.496899,0.267267,0.72412,1397.47,23.91119,21.8471
2,3,4,Beam 4 (random baseline),sny+N541+E113,8.678957,0.24677,0.7721,1076.62,43.35402,41.60032
2,3,4,Beam 4 (random baseline),sms+N354+E18,26.280342,0.863898,0.40826,2360.13,12.0581,7.702
2,3,4,Beam 4 (random baseline),wkr+N336+E223,10.615365,0.224648,0.75456,1268.71,40.63387,33.31622
2,3,4,Beam 4 (random baseline),afi+N327+E63,3.252586,0.37399,0.82484,782.333,53.01239,50.03969
2,3,4,Beam 4 (random baseline),wif+N529+E223,26.718141,0.935101,0.1846,2451.32,8.85276,7.06662
2,3,4,Beam 4 (random baseline),snz+N197+E150,22.993287,0.582196,0.50498,2258.73,15.32091,13.55536
2,3,4,Beam 4 (random baseline),wjf+N581+E181,7.689813,0.276904,0.73028,1449.57,21.41969,18.62552
2,4,5,Beam 1 (full hypothesis),sxj+N529+E204,23.424268,1.03856,0.344,2377.87,11.63533,7.02379
2,4,5,Beam 1 (full hypothesis),rac+N624+E185,21.646036,1.28592,0.33574,2636.64,8.2704,5.85871
2,4,5,Beam 1 (full hypothesis),sxq+N568+E185,19.555191,2.23154,0.12124,1695.96,7.61518,3.90157
2,4,5,Beam 1 (full hypothesis),wmy+N465+E204,24.469266,1.27496,0.24956,2175.45,8.18161,5.56777
2,4,5,Beam 1 (full hypothesis),smn+N453+E185,23.030386,1.93361,0.17218,2187.98,8.49103,7.08161
2,4,5,Beam 1 (full hypothesis),vbw+N309+E204,26.172284,1.03741,0.31394,2574.99,9.74672,5.72904
2,4,5,Beam 1 (full hypothesis),vct+N261+E204,25.473075,1.13728,0.1926,2089.88,9.99163,5.38805
2,4,5,Beam 1 (full hypothesis),wfo+N629+E131,26.756697,1.05663,0.21704,2332.65,8.22193,4.99179
2,4,5,Beam 1 (full hypothesis),vby+N666+E206,26.819252,1.06998,0.307,2397.24,10.24972,7.62565
2,4,5,Beam 1 (full hypothesis),vmz+N138+E131,19.670935,0.835524,0.35982,2503.19,10.7511,7.31868
2,4,5,Beam 2 (chemistry),flu-e+N684+E204,18.315854,0.646345,0.52528,2051.11,20.04735,6.98559
2,4,5,Beam 2 (chemistry),whu+N273+E206,13.703062,0.646242,0.53394,1721.13,24.31771,23.10817
2,4,5,Beam 2 (chemistry),vmz+N226+E206,22.868393,1.4355,0.17894,1888.02,7.75009,5.7955
2,4,5,Beam 2 (chemistry),vmu+N138+E131,20.094127,0.825558,0.36152,2559.95,11.32868,7.26977
2,4,5,Beam 2 (chemistry),wmm+N309+E204,21.225683,1.22461,0.28078,2054.34,13.4333,9.62324
2,4,5,Beam 2 (chemistry),wkl+N465+E206,14.602831,0.896657,0.46862,1398.33,32.07736,31.73337
2,4,5,Beam 2 (chemistry),wfi+N655+E131,25.498157,0.906665,0.24338,2347.6,8.69432,4.78215
2,4,5,Beam 2 (chemistry),oof+N261+E206,23.758442,1.3142,0.1035,2024.02,5.63381,4.16501
2,4,5,Beam 2 (chemistry),snx+N666+E185,23.805372,1.58407,0.27038,2340.95,9.18482,5.70306
2,4,5,Beam 3 (metal only),wkp+N645+E182,18.211771,0.669308,0.48614,2407.6,12.75614,11.95295
2,4,5,Beam 3 (metal only),soj+N309+E204,25.929555,1.22693,0.24752,2359.39,9.3294,5.54603
2,4,5,Beam 3 (metal only),wmh+N273+E209,8.174308,0.21381,0.77748,1140.29,30.04719,25.37782
2,4,5,Beam 3 (metal only),wgv+N476+E204,5.297053,0.778577,0.6898,1299.46,23.00543,18.13508
2,4,5,Beam 3 (metal only),whf+N384+E68,14.855359,0.394296,0.6601,1596.44,26.87257,19.50134
2,4,5,Beam 3 (metal only),wmb+N666+E165,29.132772,1.01039,0.22376,2366.09,8.34327,4.62363
2,4,5,Beam 3 (metal only),tfs+N453+E120,21.57173,0.663351,0.48668,2281.06,15.73527,12.39135
2,4,5,Beam 3 (metal only),ecv+N226+E95,30.008659,1.23085,0.19062,2425.7,8.39402,3.91597
2,4,5,Beam 3 (metal only),wmb+N568+E92,24.474728,0.878929,0.3541,2306.36,10.8346,5.24219
2,4,5,Beam 4 (random baseline),sok+N214+E22,10.30188,0.309777,0.68544,1768.21,15.82914,13.10515
2,4,5,Beam 4 (random baseline),smn+N286+E134,24.630477,0.658501,0.44154,2300.07,19.27263,16.08557
2,4,5,Beam 4 (random baseline),irl+N616+E70,20.540485,0.790372,0.47396,2750.18,9.20787,7.12909
2,4,5,Beam 4 (random baseline),sxn+N379+E206,13.57155,0.957223,0.48444,1605.47,18.689,11.26352
2,4,5,Beam 4 (random baseline),uky+N454+E29,5.793516,0.201519,0.83804,816.005,38.91997,35.37283
2,4,5,Beam 4 (random baseline),xfw+N242+E223,7.512321,0.172486,0.81454,983.478,26.67719,24.32389
2,4,5,Beam 4 (random baseline),wfx+N284+E12,10.640017,0.250991,0.72344,1484.91,24.0784,15.8078
2,4,5,Beam 4 (random baseline),smd+N328+E211,22.954777,0.43851,0.50984,2051.99,20.736,18.6458
2,4,5,Beam 4 (random baseline),rac+N215+E107,8.125248,0.263488,0.7731,1240.11,20.23242,18.12312
2,5,6,Beam 1 (full hypothesis),smk+N167+E95,27.514144,0.881231,0.29188,2642.46,10.01716,7.8285
2,5,6,Beam 1 (full hypothesis),tsi+N582+E160,30.389854,0.869059,0.33126,2363.26,8.47833,6.42676
2,5,6,Beam 1 (full hypothesis),wmx+N465+E202,25.879558,1.11375,0.2699,2258.07,8.78802,5.35109
2,5,6,Beam 1 (full hypothesis),icc+N191+E68,33.995374,0.95107,0.26806,2708.07,9.06968,4.94319
2,5,6,Beam 1 (full hypothesis),reo+N329+E95,26.098611,1.27153,0.15098,2175.62,7.90917,3.66252
2,5,6,Beam 1 (full hypothesis),reo+N629+E202,30.729868,0.95822,0.23784,2636.45,7.7398,4.8591
2,5,6,Beam 1 (full hypothesis),wmc+N49+E160,30.118278,0.982855,0.22564,2505.95,7.69207,4.47566
2,5,6,Beam 1 (full hypothesis),smi+N521+E95,27.124808,0.913681,0.28976,2327.9,8.55073,5.51856
2,5,6,Beam 1 (full hypothesis),hcp+N452+E68,33.81951,0.912746,0.3122,2712.91,8.60963,5.72994
2,5,6,Beam 2 (chemistry),wki+N554+E95,22.922451,0.851924,0.3805,2272.37,11.59879,6.61174
2,5,6,Beam 2 (chemistry),vmh+N49+E104,19.024599,0.55644,0.52054,2068.05,13.46754,10.74427
2,5,6,Beam 2 (chemistry),eco+N78+E160,21.728905,0.600638,0.47522,2013.01,24.2565,21.3715
2,5,6,Beam 2 (chemistry),wko+N384+E202,21.685739,0.746958,0.42718,2290.08,12.42738,10.32787
2,5,6,Beam 2 (chemistry),sok+N309+E53,19.807707,0.554105,0.56296,2162.63,13.54178,12.16306
2,5,6,Beam 2 (chemistry),wfj+N329+E160,29.916902,0.868268,0.3363,2423.89,11.26533,7.14932
2,5,6,Beam 2 (chemistry),whn+N453+E95,23.380223,1.37401,0.13876,2039.26,8.64341,4.33408
2,5,6,Beam 2 (chemistry),thp-x+N323+E95,21.226087,1.67112,0.07252,1417.75,5.99362,2.53756
2,5,6,Beam 2 (chemistry),atn+N164+E68,8.129637,0.189766,0.8319,929.454,37.52782,28.44811
2,5,6,Beam 2 (chemistry),wip+N476+E160,5.324343,0.572352,0.75844,1000.01,33.91061,31.66614
2,5,6,Beam 3 (metal only),bcu-k+N273+E16,21.44048,0.656245,0.42666,2282.94,22.92262,7.30678
2,5,6,Beam 3 (metal only),vcu+N626+E162,24.324566,0.760018,0.27844,2230.5,9.4822,7.21006
2,5,6,Beam 3 (metal only),gsi+N257+E195,11.066852,0.347164,0.67,1803.57,15.53189,12.28038
2,5,6,Beam 3 (metal only),wmg+N666+E131,22.570235,0.862247,0.39118,2348.24,15.68728,10.48658
2,5,6,Beam 3 (metal only),wfn+N329+E34,22.423617,0.51615,0.52372,2173.92,15.7768,10.99134
2,5,6,Beam 3 (metal only),unm+N164+E81,21.082527,0.452933,0.58758,2054.83,14.16751,10.78944
2,5,6,Beam 3 (metal only),wia+N465+E189,18.279692,0.496614,0.55432,2084.7,17.46904,10.48211
2,5,6,Beam 3 (metal only),whw+N476+E70,4.564759,0.742798,0.71786,1110.38,29.65596,26.85439
2,5,6,Beam 3 (metal only),lsz+N629+E29,12.111337,1.52059,0.00492,260.209,4.15946,2.2977
2,5,6,Beam 4 (random baseline),whl+N15+E156,10.999934,0.571038,0.61104,1584.9,27.33794,26.84691
2,5,6,Beam 4 (random baseline),wmn+N334+E132,22.442352,0.957544,0.29964,2548.98,12.68414,11.11453
2,5,6,Beam 4 (random baseline),vbt+N504+E228,18.335296,0.860363,0.39932,2327.64,11.76301,10.67319
2,5,6,Beam 4 (random baseline),upb+N603+E33,8.141504,0.168083,0.79772,1080.6,24.56479,21.92254
2,5,6,Beam 4 (random baseline),lcy+N147+E127,14.746128,0.722675,0.51956,2132.37,12.71191,9.8173
2,5,6,Beam 4 (random baseline),lsz+N121+E68,34.651147,0.784948,0.3779,2725.4,8.13234,5.52994
2,5,6,Beam 4 (random baseline),whx+N379+E199,11.001915,0.676107,0.55148,1691.88,15.96497,10.47401
2,5,6,Beam 4 (random baseline),sxa+N134+E151,26.981852,0.998194,0.20868,2659.02,6.2952,4.23814
2,5,6,Beam 4 (random baseline),vmi+N146+E160,18.723495,0.695491,0.5083,2015.29,13.25684,10.39654
2,6,7,Beam 1 (full hypothesis),wmd+N560+E29,26.605894,0.852127,0.2909,2324.99,10.44001,6.72689
2,6,7,Beam 1 (full hypothesis),wgz+N666+E48,26.203316,0.992108,0.25584,2386.02,9.4214,4.7419
2,6,7,Beam 1 (full hypothesis),whn+N198+E73,26.639017,1.0838,0.19374,2443.27,8.04771,3.75114
2,6,7,Beam 1 (full hypothesis),bcu+N121+E142,34.940172,0.856855,0.2938,2886.3,7.53691,5.35373
2,6,7,Beam 1 (full hypothesis),wmc+N465+E138,27.665716,1.19329,0.14984,2399.6,6.50005,3.68067
2,6,7,Beam 1 (full hypothesis),whz+N92+E48,34.447102,1.06319,0.27174,2662.45,9.55197,4.68538
2,6,7,Beam 1 (full hypothesis),wfp+N427+E29,30.533105,1.16145,0.20562,2398.76,7.78494,4.90157
2,6,7,Beam 1 (full hypothesis),vcf+N453+E73,25.905546,0.990729,0.31438,2459.01,8.62019,5.58894
2,6,7,Beam 1 (full hypothesis),thp+N329+E73,29.867183,1.13007,0.19156,2510.55,7.25409,4.08521
2,6,7,Beam 1 (full hypothesis),snw+N384+E138,29.217333,0.932699,0.24186,2783.8,7.74754,5.45982
2,6,7,Beam 2 (chemistry),osa+N265+E24,13.146844,0.384902,0.66486,1664.91,19.22248,17.95359
2,6,7,Beam 2 (chemistry),wkh+N268+E53,13.417256,0.398443,0.67056,1681.12,19.63875,13.93525
2,6,7,Beam 2 (chemistry),wkp+N494+E98,15.499419,0.318859,0.63128,1616.24,21.73618,20.45106
2,6,7,Beam 2 (chemistry),umu+N109+E98,7.628147,0.155352,0.83586,907.353,37.06741,31.06461
2,6,7,Beam 2 (chemistry),whj+N666+E181,17.117875,0.516773,0.56142,2105.48,16.45255,9.15866
2,6,7,Beam 2 (chemistry),hcp+N297+E98,29.436414,0.628307,0.41086,2583.81,12.35789,6.06426
2,6,7,Beam 2 (chemistry),wfh+N427+E16,25.564116,1.01558,0.28314,2136.84,11.61198,7.25296
2,6,7,Beam 2 (chemistry),sxa+N453+E163,25.859126,0.713038,0.41586,2574.16,10.64561,7.17071
2,6,7,Beam 2 (chemistry),sxj+N309+E68,15.539485,0.424812,0.6528,1618.13,21.84377,15.26593
2,6,7,Beam 3 (metal only),lcv-e+N465+E131,10.708168,0.683506,0.56868,1285.49,20.90421,17.08088
2,6,7,Beam 3 (metal only),uku+N52+E131,11.505735,0.364173,0.71602,1272.78,35.77032,17.71316
2,6,7,Beam 3 (metal only),smb+N521+E123,14.229325,0.392153,0.61922,1815.98,17.84661,11.10612
2,6,7,Beam 3 (metal only),gis+N161+E37,7.070646,0.183556,0.81614,970.794,29.45361,23.4996
2,6,7,Beam 3 (metal only),smw+N453+E3,16.401558,0.412849,0.64818,1678.86,30.861,29.75029
2,6,7,Beam 3 (metal only),wkj+N476+E182,3.7558,0.626916,0.76532,920.56,47.07268,45.2735
2,6,7,Beam 3 (metal only),vbx+N309+E119,19.201768,0.652244,0.4555,2446.97,14.25632,8.80907
2,6,7,Beam 3 (metal only),rgd+N323+E96,28.314331,0.787487,0.35254,2647.28,14.35434,5.30893
2,6,7,Beam 3 (metal only),sxh+N92+E29,32.434415,1.00458,0.34128,2379.45,13.00764,5.37951
2,6,7,Beam 3 (metal only),wkp+N384+E89,22.367261,1.1775,0.12386,1657.12,8.33953,6.48185
2,6,7,Beam 4 (random baseline),wig+N105+E97,10.782451,0.264867,0.73006,1426.1,19.66723,16.86415
2,6,7,Beam 4 (random baseline),unr+N700+E224,4.278015,0.121624,0.90046,531.293,54.15406,34.4589
2,6,7,Beam 4 (random baseline),vmw+N372+E44,21.828631,0.930714,0.19242,2272.46,8.02193,5.85155
2,6,7,Beam 4 (random baseline),wmg+N640+E148,7.496777,0.218761,0.79348,1073.68,38.75383,31.78093
2,6,7,Beam 4 (random baseline),ulj+N562+E148,5.201293,0.170842,0.85006,800.487,30.52372,26.53728
2,6,7,Beam 4 (random baseline),uky+N562+E20,4.632122,0.128746,0.8867,613.35,44.05151,38.40687
2,6,7,Beam 4 (random baseline),smd+N106+E187,15.2185,0.381447,0.6124,1985.26,22.96742,19.9751
2,6,7,Beam 4 (random baseline),ith-e+N427+E199,20.403593,0.780488,0.41728,2222.75,14.69161,8.06714
2,6,7,Beam 4 (random baseline),eci+N632+E233,22.370925,0.943288,0.36656,2466.79,10.08903,8.28207
2,7,8,Beam 1 (full hypothesis),qdl+N371+E73,30.045102,1.03116,0.20386,2914.87,6.99637,4.70535
2,7,8,Beam 1 (full hypothesis),vmt+N636+E149,27.601812,0.897422,0.26052,2250.55,9.04049,5.77977
2,7,8,Beam 1 (full hypothesis),whr+N92+E138,32.639796,0.944005,0.37492,2624.9,9.75011,6.78037
2,7,8,Beam 1 (full hypothesis),whw+N666+E138,27.423592,1.13457,0.2244,2439.84,7.93591,4.6661
2,7,8,Beam 1 (full hypothesis),lsz+N427+E181,30.8528,1.02624,0.25148,2661.84,7.33331,4.89524
2,7,8,Beam 1 (full hypothesis),sme+N453+E73,30.093471,1.13235,0.24514,2585.6,6.84055,4.55005
2,7,8,Beam 1 (full hypothesis),ecv+N329+E73,30.009832,1.13063,0.18688,2600.53,7.24953,4.02565
2,7,8,Beam 1 (full hypothesis),vmz+N121+E181,33.641856,0.81717,0.31928,2813.72,8.47231,5.10511
2,7,8,Beam 1 (full hypothesis),sxh+N384+E138,27.714154,1.0005,0.22812,2573.88,8.48354,4.39767
2,7,8,Beam 1 (full hypothesis),whk+N382+E138,25.280856,0.918264,0.34522,2345.04,12.1728,6.40858
2,7,8,Beam 2 (chemistry),ece+N226+E138,22.903181,0.882256,0.39436,2152.69,13.58075,10.70419
2,7,8,Beam 2 (chemistry),lcs+N689+E142,6.668579,0.141337,0.82762,938.561,26.50069,20.56021
2,7,8,Beam 2 (chemistry),wmk+N208+E181,11.236399,0.277569,0.74706,1334.42,29.58336,17.10458
2,7,8,Beam 2 (chemistry),ecm+N587+E181,22.040269,0.541574,0.44184,2357.2,13.19149,9.66115
2,7,8,Beam 2 (chemistry),uox+N109+E73,15.295437,0.437914,0.63238,1838.41,14.72131,10.57605
2,7,8,Beam 2 (chemistry),ukw+N327+E142,4.010408,0.447055,0.78152,1034.27,29.13749,15.95411
2,7,8,Beam 2 (chemistry),who+N453+E138,27.691217,1.13349,0.24434,2479.22,8.97281,4.85773
2,7,8,Beam 2 (chemistry),wff+N329+E222,22.330141,0.581269,0.48546,2319.66,13.74699,8.56651
2,7,8,Beam 2 (chemistry),snx+N384+E142,24.106846,0.648937,0.41394,2547.95,12.26432,9.85297
2,7,8,Beam 2 (chemistry),ecg+N427+E48,22.031255,1.1547,0.25584,1873.76,14.23514,12.51487
2,7,8,Beam 3 (metal only),sst+N257+E44,9.589017,0.469285,0.6334,2021.04,21.22708,9.35549
2,7,8,Beam 3 (metal only),wgy+N384+E37,14.046363,1.18165,0.36196,1446.98,16.74204,14.69139
2,7,8,Beam 3 (metal only),umq+N164+E181,8.807176,0.224401,0.79222,1161.58,24.97855,22.0471
2,7,8,Beam 3 (metal only),vbo+N476+E123,4.15753,0.520593,0.77668,973.738,26.17069,21.96567
2,7,8,Beam 3 (metal only),vbu+N453+E82,10.192899,0.375767,0.71658,1383.08,22.5179,19.33891
2,7,8,Beam 3 (metal only),wks+N666+E89,22.807252,1.13417,0.18646,1670.05,11.90554,6.66125
2,7,8,Beam 3 (metal only),vmt+N587+E12,12.544386,0.310831,0.63878,1902.13,15.65629,10.79716
2,7,8,Beam 3 (metal only),wff+N191+E138,27.855295,0.835277,0.33214,2604.09,10.906,7.83521
2,7,8,Beam 3 (metal only),ecv+N629+E165,25.909578,1.00109,0.1678,2077.95,8.39068,4.60061
2,7,8,Beam 4 (random baseline),wmq+N106+E37,12.31193,0.532221,0.61008,1694.83,37.01337,36.24515
2,7,8,Beam 4 (random baseline),wjh+N561+E212,11.915854,0.254071,0.73358,1355.73,34.57049,33.27048
2,7,8,Beam 4 (random baseline),wmy+N548+E1,10.147,0.23607,0.74692,1266.16,22.13363,19.25031
2,7,8,Beam 4 (random baseline),whv+N37+E38,8.95453,0.477264,0.65448,1834.02,13.87518,12.7125
2,7,8,Beam 4 (random baseline),wmc+N195+E165,29.775876,0.717378,0.36158,2567.88,9.70128,6.0303
2,7,8,Beam 4 (random baseline),smj+N354+E38,15.24282,0.527343,0.64258,1832.48,17.24575,16.86168
2,7,8,Beam 4 (random baseline),wiq+N213+E165,26.6055,0.669513,0.33688,2113.24,11.50995,7.6875
2,7,8,Beam 4 (random baseline),ecp+N647+E48,21.338914,1.03587,0.30712,2046.13,13.81828,9.90427
2,7,8,Beam 4 (random baseline),wfm+N699+E72,27.921734,0.881555,0.2934,2248.23,11.10083,6.9731
2,8,9,Beam 1 (full hypothesis),ecu+N329+E73,27.631435,1.18465,0.16828,2431.39,6.31292,3.88256
2,8,9,Beam 1 (full hypothesis),bsn+N453+E149,32.550761,0.967783,0.31234,2742.68,7.4682,5.46361
2,8,9,Beam 1 (full hypothesis),tsi+N587+E138,30.03372,0.864134,0.19498,2722.36,6.6982,4.47021
2,8,9,Beam 1 (full hypothesis),sda+N354+E149,30.865929,1.34393,0.1892,2407.12,6.34337,4.53755
2,8,9,Beam 1 (full hypothesis),qtz-x+N666+E181,31.785702,0.866879,0.2774,3092.31,7.8225,4.46127
2,8,9,Beam 1 (full hypothesis),thp+N191+E138,29.031941,0.909134,0.30836,2486.09,11.65423,5.90383
2,8,9,Beam 1 (full hypothesis),wfo+N427+E138,27.40899,1.23768,0.17502,2386.47,6.98688,4.32881
2,8,9,Beam 1 (full hypothesis),bcg+N226+E142,29.200234,0.817703,0.36362,2602.23,10.18594,6.54449
2,8,9,Beam 1 (full hypothesis),hcp+N187+E142,30.956599,1.01602,0.2249,2545.31,8.33152,4.5164
2,8,9,Beam 1 (full hypothesis),smn+N529+E48,28.942296,0.889013,0.29104,2733.21,9.41874,7.35191
2,8,9,Beam 2 (chemistry),sxg+N508+E142,13.677467,0.386898,0.61346,1968.7,19.01149,11.30035
2,8,9,Beam 2 (chemistry),wfp+N226+E222,17.91032,0.506236,0.56838,2019.94,16.65885,10.87544
2,8,9,Beam 2 (chemistry),uks+N109+E61,7.13995,0.153231,0.8464,848.628,43.77171,31.97287
2,8,9,Beam 2 (chemistry),mon+N327+E48,3.997681,0.412679,0.79386,923.774,30.17045,26.29065
2,8,9,Beam 2 (chemistry),wmb+N453+E61,14.620341,0.412246,0.63126,1760.74,18.10019,14.5494
2,8,9,Beam 2 (chemistry),sxk+N666+E149,24.360791,0.876879,0.37438,2307.75,10.17751,7.21403
2,8,9,Beam 2 (chemistry),sou+N329+E48,22.071179,1.33969,0.09214,1630.24,7.43329,3.24327
2,8,9,Beam 2 (chemistry),ecd+N431+E73,22.325428,0.771383,0.30082,2234.24,12.24618,10.04785
2,8,9,Beam 2 (chemistry),ilc+N427+E138,3.103588,2.12885,0.0,0.0,3.47542,1.47978
2,8,9,Beam 2 (chemistry),vct+N629+E181,23.935642,0.599961,0.43758,2377.43,13.16837,7.89569
2,8,9,Beam 3 (metal only),afw+N256+E41,3.594694,0.136958,0.86554,802.855,26.75651,19.73936
2,8,9,Beam 3 (metal only),pcu+N666+E38,11.778469,0.502403,0.60166,2052.12,11.839,8.51947
2,8,9,Beam 3 (metal only),wfd+N587+E151,26.589363,0.805379,0.1974,2441.92,8.04062,4.49206
2,8,9,Beam 3 (metal only),mer+N164+E12,4.667871,0.112016,0.88462,676.6,47.21021,33.7139
2,8,9,Beam 3 (metal only),uoy+N327+E96,3.123424,0.270644,0.85588,691.132,29.93798,23.82704
2,8,9,Beam 3 (metal only),wfh+N121+E131,24.977377,1.31343,0.2104,1914.87,9.20933,6.03537
2,8,9,Beam 3 (metal only),wfl+N226+E66,29.231752,1.08672,0.3401,2503.59,8.66504,6.26249
2,8,9,Beam 3 (metal only),wnc+N384+E185,18.685485,1.48236,0.32604,1997.53,13.43047,6.5389
2,8,9,Beam 3 (metal only),vbs+N453+E218,14.69468,0.408559,0.62612,1810.49,17.00565,13.14498
2,8,9,Beam 3 (metal only),hcp+N297+E22,18.828889,0.543056,0.54292,2453.99,14.55791,8.401
2,8,9,Beam 4 (random baseline),pts-e+N254+E134,11.188161,0.328405,0.69964,1342.61,24.63714,20.3344
2,8,9,Beam 4 (random baseline),sow+N305+E159,19.593311,0.584459,0.48832,2486.08,11.22209,8.62651
2,8,9,Beam 4 (random baseline),ukv+N534+E24,7.091713,0.207635,0.80962,1091.12,28.62872,26.15644
2,8,9,Beam 4 (random baseline),wmy+N540+E80,17.894779,0.361797,0.60082,1841.19,15.85075,13.42356
2,8,9,Beam 4 (random baseline),ecp+N381+E108,16.135101,1.43558,0.11282,1263.44,9.13211,6.5935
2,8,9,Beam 4 (random baseline),sou+N462+E182,24.407544,1.27239,0.18182,2298.19,7.71792,4.86149
2,8,9,Beam 4 (random baseline),afi+N73+E68,5.790053,0.169171,0.8601,777.509,50.70798,46.09848
2,8,9,Beam 4 (random baseline),whj+N678+E217,24.028894,0.505056,0.4449,2216.96,15.48819,9.38849
2,8,9,Beam 4 (random baseline),umo+N184+E209,4.654219,0.0967418,0.89156,597.96,55.59688,52.03333
2,9,10,Beam 1 (full hypothesis),vmz+N363+E142,30.132257,0.89724,0.2437,2747.15,8.0176,4.92353
2,9,10,Beam 1 (full hypothesis),bsn+N541+E48,27.237844,0.934709,0.2391,2628.65,8.46268,4.35751
2,9,10,Beam 1 (full hypothesis),wfh+N550+E138,24.397662,1.11252,0.24508,2150.51,11.18842,5.65688
2,9,10,Beam 1 (full hypothesis),hcp+N297+E181,31.29986,0.896986,0.29976,2696.46,11.17409,5.2962
2,9,10,Beam 1 (full hypothesis),xii+N118+E61,26.420313,1.01603,0.20604,2184.16,9.19054,4.94493
2,9,10,Beam 1 (full hypothesis),sol+N630+E48,25.387233,1.01848,0.24266,2511.1,8.76063,5.1381
2,9,10,Beam 1 (full hypothesis),wfo+N369+E138,25.820618,1.20444,0.15084,2288.97,7.79569,3.46964
2,9,10,Beam 1 (full hypothesis),wfo+N550+E48,27.715322,1.13295,0.17478,2328.07,8.04065,3.70736
2,9,10,Beam 1 (full hypothesis),vcv+N629+E138,25.751057,0.982787,0.2452,2144.1,9.65565,5.83732
2,9,10,Beam 2 (chemistry),ukf+N267+E113,8.113778,0.191514,0.78132,1181.22,23.6768,18.28596
2,9,10,Beam 2 (chemistry),whx+N49+E96,12.498058,0.449275,0.60544,1448.84,17.52931,13.6481
2,9,10,Beam 2 (chemistry),uoc+N127+E176,4.977018,0.108205,0.87988,644.884,30.89671,28.42912
2,9,10,Beam 2 (chemistry),smv+N354+E224,15.072638,0.397819,0.6511,1636.93,39.28072,37.68488
2,9,10,Beam 2 (chemistry),whw+N309+E181,11.95618,0.410862,0.65188,1526.73,20.13497,18.7057
2,9,10,Beam 2 (chemistry),reo-e+N630+E149,17.942087,0.559938,0.576,1942.7,24.57803,9.2709
2,9,10,Beam 2 (chemistry),wfd+N550+E149,26.700843,1.0974,0.23328,2310.93,9.63935,5.12295
2,9,10,Beam 2 (chemistry),teo+N642+E224,20.839405,0.611739,0.4327,2216.21,17.22684,10.34005
2,9,10,Beam 2 (chemistry),bcg+N191+E138,31.618238,0.980491,0.28184,2481.2,8.12482,6.00309
2,9,10,Beam 2 (chemistry),ech+N261+E155,17.291966,0.71456,0.50816,2044.43,18.89077,8.68295
2,9,10,Beam 3 (metal only),sxa+N690+E167,24.06179,0.98398,0.11502,2248.99,6.33658,3.93326
2,9,10,Beam 3 (metal only),vme+N180+E233,14.430404,0.452053,0.58942,1823.2,16.75769,11.67449
2,9,10,Beam 3 (metal only),ecf+N550+E12,11.983879,0.346711,0.66306,1758.81,20.37545,9.66555
2,9,10,Beam 3 (metal only),wmm+N521+E47,13.4529,0.284401,0.70922,1311.36,36.80855,34.71392
2,9,10,Beam 3 (metal only),wkm+N630+E166,15.682363,0.558189,0.58744,1851.87,27.82373,26.66433
2,9,10,Beam 3 (metal only),wfe+N138+E43,14.566705,0.525261,0.55308,1900.43,22.17135,15.18524
2,9,10,Beam 3 (metal only),wkn+N354+E167,18.149472,0.938033,0.33362,1522.96,24.24069,23.49285
2,9,10,Beam 3 (metal only),ecq+N121+E47,18.02498,0.358099,0.66676,1501.71,43.28733,42.26942
2,9,10,Beam 3 (metal only),lsz+N629+E34,31.274017,0.695885,0.30964,2843.83,8.64076,5.86583
2,9,10,Beam 4 (random baseline),uow+N697+E224,9.63445,0.249272,0.73842,1376.99,25.05205,20.58575
2,9,10,Beam 4 (random baseline),umx+N113+E120,10.467156,0.342532,0.6894,1591.31,22.57306,18.18606
2,9,10,Beam 4 (random baseline),cbo+N689+E187,5.422039,0.0958647,0.88324,637.777,42.56902,28.70303
2,9,10,Beam 4 (random baseline),ecq+N544+E97,13.381533,0.307378,0.6847,1403.49,43.04351,42.23244
2,9,10,Beam 4 (random baseline),snk+N638+E108,25.610778,0.701712,0.39606,2624.4,11.17166,8.47286
2,9,10,Beam 4 (random baseline),osc+N14+E233,9.132804,0.556166,0.62794,1557.75,21.25598,17.34213
2,9,10,Beam 4 (random baseline),whd+N568+E87,12.023908,0.324418,0.67002,1528.36,32.43037,22.29563
2,9,10,Beam 4 (random baseline),osb+N337+E166,28.108451,1.28956,0.20396,2486.18,7.03372,4.65318
2,9,10,Beam 4 (random baseline),umg+N385+E29,16.137102,0.468389,0.61246,1894.48,15.66718,12.33201
2,9,10,Beam 4 (random baseline),uov+N2+E182,11.4587,0.252412,0.73512,1402.28,21.25562,18.34872
2,10,11,Beam 1 (full hypothesis),sxh+N85+E128,28.433998,0.828385,0.29766,2396.38,12.37566,5.3853
2,10,11,Beam 1 (full hypothesis),unx+N580+E128,25.103771,0.976111,0.32368,2786.17,10.62218,5.48256
2,10,11,Beam 1 (full hypothesis),whv+N309+E48,27.920002,0.885322,0.29412,2563.28,9.64712,6.09925
2,10,11,Beam 1 (full hypothesis),fcu+N323+E113,31.494423,0.787702,0.3202,2906.03,11.06251,4.96585
2,10,11,Beam 1 (full hypothesis),sos+N655+E138,25.359313,0.809272,0.22732,2432.1,8.99002,6.18579
2,10,11,Beam 1 (full hypothesis),pyr-e+N684+E48,27.176635,0.96037,0.23236,2515.89,9.46061,4.72128
2,10,11,Beam 1 (full hypothesis),lhb+N191+E48,32.656048,1.01459,0.22236,2594.4,8.04092,4.41117
2,10,11,Beam 1 (full hypothesis),vmw+N389+E138,27.271477,1.03894,0.19752,2283.14,8.31197,6.16849
2,10,11,Beam 1 (full hypothesis),wmf+N77+E48,26.775635,1.34316,0.23546,2317.19,10.5801,4.90737
2,10,11,Beam 2 (chemistry),rob+N143+E80,17.491024,0.397188,0.60268,2058.91,13.70234,9.7793
2,10,11,Beam 2 (chemistry),pyc+N166+E142,19.207582,0.625286,0.46556,1965.86,19.7085,12.55314
2,10,11,Beam 2 (chemistry),son+N240+E95,21.448518,1.11627,0.0928,1843.55,6.26816,4.67378
2,10,11,Beam 2 (chemistry),wmv+N309+E201,17.855305,0.518759,0.5608,2052.82,17.24966,14.03931
2,10,11,Beam 2 (chemistry),whg+N630+E80,8.808903,0.248909,0.76492,1219.48,32.23774,17.02851
2,10,11,Beam 2 (chemistry),wji+N109+E176,7.867319,0.198693,0.80068,1075.65,34.47275,32.59295
2,10,11,Beam 2 (chemistry),wmx+N77+E102,15.106314,2.96943,0.07852,1354.83,6.66728,3.64186
2,10,11,Beam 2 (chemistry),ect+N629+E128,24.311369,0.903288,0.2761,2096.73,13.08528,9.32965
2,10,11,Beam 2 (chemistry),fcu+N323+E142,33.987719,0.970754,0.25244,2811.45,8.09692,4.68271
2,10,11,Beam 3 (metal only),ecl+N141+E22,11.849653,0.347398,0.66532,1760.0,18.22808,12.44636
2,10,11,Beam 3 (metal only),unx+N238+E228,16.692886,0.714876,0.4425,2436.51,11.74102,7.37427
2,10,11,Beam 3 (metal only),wil+N77+E37,19.86431,1.31047,0.36198,2052.27,13.45498,11.2434
2,10,11,Beam 3 (metal only),wib+N341+E18,29.168027,0.920669,0.2694,2552.31,7.72856,5.33016
2,10,11,Beam 3 (metal only),whd+N273+E102,16.417126,1.66861,0.29072,1802.33,13.26351,7.70872
2,10,11,Beam 3 (metal only),rob+N354+E224,31.160389,0.868169,0.2806,2739.16,8.1265,5.14998
2,10,11,Beam 3 (metal only),whs+N309+E186,18.478133,0.727382,0.4738,1973.56,19.37988,18.54149
2,10,11,Beam 3 (metal only),ecp+N655+E79,22.711712,0.795798,0.22254,1826.97,11.32615,8.21157
2,10,11,Beam 3 (metal only),wid+N630+E21,15.101095,0.418948,0.60882,2055.59,14.90278,9.15181
2,10,11,Beam 3 (metal only),vmz+N191+E22,12.297854,0.385038,0.6473,1943.59,13.62792,11.08373
2,10,11,Beam 4 (random baseline),smn+N494+E21,11.893358,0.273542,0.67268,1591.06,19.31413,17.79372
2,10,11,Beam 4 (random baseline),wna+N306+E86,18.329022,0.555638,0.52298,2313.37,17.72101,7.78886
2,10,11,Beam 4 (random baseline),wil+N148+E166,25.442097,1.13661,0.152,2065.37,7.45176,4.79987
2,10,11,Beam 4 (random baseline),umm+N520+E184,11.874839,0.334808,0.70206,1415.02,31.49713,30.05534
2,10,11,Beam 4 (random baseline),sxg+N197+E107,13.822071,0.384299,0.662,1701.14,22.99142,10.39724
2,10,11,Beam 4 (random baseline),vbs+N646+E16,21.003747,0.799686,0.44594,2069.17,12.5901,8.58919
2,10,11,Beam 4 (random baseline),vcu+N586+E86,22.763235,0.678691,0.39382,2526.76,10.88616,8.82524
2,10,11,Beam 4 (random baseline),wit+N668+E57,15.88935,0.554239,0.51064,2441.02,13.78321,8.75976
2,10,11,Beam 4 (random baseline),smc+N608+E113,10.178402,0.344616,0.71566,1306.28,23.73779,16.61208
2,10,11,Beam 4 (random baseline),sol+N690+E181,18.62138,0.531235,0.51984,2378.19,11.79055,8.13654
3,1,1,Beam 1 (full hypothesis),fcu+N419+E138,22.525581,1.59421,0.11394,1638.61,7.50347,2.67407
3,1,1,Beam 1 (full hypothesis),xii+N95+E25,23.143148,1.11322,0.1723,2003.08,10.80926,3.18631
3,1,1,Beam 1 (full hypothesis),xii+N565+E32,27.72588,0.56127,0.4416,2318.96,19.63759,9.09496
3,1,1,Beam 1 (full hypothesis),fcu+N419+E16,23.115692,1.37935,0.12272,1827.05,8.24346,2.64992
3,1,1,Beam 1 (full hypothesis),fcu+N95+E48,18.844974,1.33829,0.07132,1596.48,5.80213,2.28598
3,1,1,Beam 1 (full hypothesis),rgd+N565+E142,27.063166,0.608682,0.441,2207.24,17.57368,11.23254
3,1,1,Beam 1 (full hypothesis),xii+N419+E23,27.217076,1.20688,0.21638,2263.44,9.13539,4.54069
3,1,1,Beam 1 (full hypothesis),thp-x+N95+E73,25.564987,1.06566,0.20704,2325.7,8.52939,4.15339
3,1,1,Beam 1 (full hypothesis),fcu+N565+E138,32.026204,0.917512,0.22178,2404.26,8.7073,4.30551
3,1,1,Beam 1 (full hypothesis),rgd+N95+E138,24.514834,1.07117,0.20608,2353.33,9.01433,4.99045
3,1,1,Beam 2 (chemistry),thp-x+N419+E181,25.562271,1.26696,0.17394,2150.8,8.12897,3.5504
3,1,1,Beam 2 (chemistry),hcp+N95+E98,26.714634,0.590503,0.41856,2530.95,11.71245,7.58129
3,1,1,Beam 2 (chemistry),xii+N565+E138,29.318089,0.993409,0.19744,2223.88,10.23248,5.03934
3,1,1,Beam 2 (chemistry),hcp+N419+E61,29.225653,0.839958,0.31798,2580.83,11.52328,6.68005
3,1,1,Beam 2 (chemistry),xii+N95+E179,26.976207,0.713772,0.36948,2570.47,15.38623,7.21205
3,1,1,Beam 2 (chemistry),hcp+N565+E181,28.061115,0.632316,0.41288,2329.68,11.36334,6.94392
3,1,1,Beam 2 (chemistry),xii+N419+E92,10.046789,2.21325,0.0,0.0,5.18108,1.69081
3,1,1,Beam 2 (chemistry),xii+N95+E123,24.495655,0.785886,0.33922,2540.05,16.17885,6.84417
3,1,1,Beam 2 (chemistry),xii+N565+E82,21.733158,0.615342,0.4983,2051.48,18.59817,10.65056
3,1,1,Beam 2 (chemistry),thp-x+N95+E209,20.015055,0.505954,0.51128,2273.76,14.03404,8.80191
3,1,1,Beam 3 (metal only),thp-x+N419+E27,21.48355,1.98568,0.09506,2008.52,5.98756,3.0422
3,1,1,Beam 3 (metal only),hcp+N95+E47,25.557785,0.546632,0.47676,2310.33,12.75457,7.96407
3,1,1,Beam 3 (metal only),hcp+N419+E234,31.462123,0.929101,0.3118,2529.99,10.43274,5.58024
3,1,1,Beam 3 (metal only),xii+N95+E81,27.845059,0.858749,0.28498,2592.69,14.41307,4.76227
3,1,1,Beam 3 (metal only),fcu+N419+E119,26.710383,1.28055,0.16674,2492.22,8.04611,3.29465
3,1,1,Beam 3 (metal only),hcp+N565+E204,29.99949,1.05449,0.21942,2206.1,9.88757,5.10119
3,1,1,Beam 3 (metal only),rgd+N95+E82,17.740346,0.597043,0.536,2136.86,19.61535,10.72912
3,1,1,Beam 3 (metal only),rgd+N419+E22,18.457541,0.676871,0.48912,2503.39,18.35966,6.95917
3,1,1,Beam 3 (metal only),hcp+N565+E209,20.36239,0.437536,0.56546,1897.4,17.25899,10.44381
3,1,1,Beam 3 (metal only),hcp+N95+E225,16.959318,0.459626,0.54254,2196.43,14.7244,8.79615
3,1,1,Beam 4 (random baseline),umx+N697+E212,11.841596,0.589871,0.53148,2089.64,14.44254,12.2187
3,1,1,Beam 4 (random baseline),vmh+N49+E73,25.918239,1.08552,0.18598,2421.62,7.17898,3.98932
3,1,1,Beam 4 (random baseline),pcu+N86+E163,19.065228,0.505082,0.55058,2140.74,11.55001,8.56512
3,1,1,Beam 4 (random baseline),whi+N180+E40,16.220858,0.340993,0.64456,1673.24,22.23223,19.20696
3,1,1,Beam 4 (random baseline),sxb+N232+E33,10.228541,0.313155,0.67838,1790.08,14.90329,11.46645
3,1,1,Beam 4 (random baseline),umw+N292+E25,12.479656,0.258494,0.70632,1457.43,25.12545,23.23281
3,1,1,Beam 4 (random baseline),wmx+N155+E204,25.33765,1.61391,0.18544,2328.6,8.34462,4.85932
3,1,1,Beam 4 (random baseline),bsn+N379+E195,20.053987,0.726472,0.46884,2356.84,11.42513,8.98079
3,1,1,Beam 4 (random baseline),eca+N673+E177,21.127499,0.463813,0.51524,1987.4,15.58144,14.01217
3,1,1,Beam 4 (random baseline),wie+N472+E147,21.203877,0.539258,0.53112,2279.08,13.6255,7.57478
3,2,2,Beam 1 (full hypothesis),qtz-x+N14+E73,24.812103,1.29544,0.21084,2711.95,6.94651,4.35186
3,2,2,Beam 1 (full hypothesis),ecc+N21+E138,23.416747,1.41456,0.20064,2163.91,9.17718,4.92014
3,2,2,Beam 1 (full hypothesis),thp-x+N565+E16,31.239933,0.884173,0.24166,2314.19,9.53314,5.56037
3,2,2,Beam 1 (full hypothesis),tsi+N21+E73,24.269289,1.28347,0.24296,2305.69,8.32785,5.33825
3,2,2,Beam 1 (full hypothesis),fcu+N565+E206,28.321682,1.09992,0.18614,2458.92,7.98976,3.77075
3,2,2,Beam 1 (full hypothesis),thp-x+N95+E92,27.098068,1.05143,0.20282,2471.7,8.42015,3.98636
3,2,2,Beam 1 (full hypothesis),nfc+N50+E226,27.378885,0.801191,0.21864,2118.22,9.28619,5.4628
3,2,2,Beam 1 (full hypothesis),osb+N241+E73,26.313364,1.22402,0.27712,2426.34,10.96499,5.14012
3,2,2,Beam 1 (full hypothesis),fcu+N95+E14,28.541415,1.02987,0.21398,2582.83,8.68212,3.78911
3,2,2,Beam 1 (full hypothesis),fcu+N565+E185,25.472433,1.5061,0.16678,2199.45,7.98437,3.28981
3,2,2,Beam 2 (chemistry),sme+N15+E47,11.807016,0.409797,0.68016,1504.01,18.7635,12.78661
3,2,2,Beam 2 (chemistry),lta+N50+E24,4.152271,0.0607718,0.92112,464.255,77.16242,37.31752
3,2,2,Beam 2 (chemistry),rgd+N95+E179,25.660713,0.635837,0.42656,2518.15,16.185,5.70447
3,2,2,Beam 2 (chemistry),smt+N14+E84,17.903309,0.804044,0.46564,1837.07,19.50694,17.795
3,2,2,Beam 2 (chemistry),yyz+N50+E3,4.049346,0.0592237,0.92712,380.033,50.57188,47.74314
3,2,2,Beam 2 (chemistry),hcp+N95+E3,26.690226,0.664479,0.40654,2534.13,11.2545,6.59781
3,2,2,Beam 2 (chemistry),wmv+N14+E48,14.183137,0.815558,0.47326,2034.36,16.6509,12.86
3,2,2,Beam 2 (chemistry),hcp+N565+E11,29.50905,0.614021,0.4286,2268.78,12.00706,7.90907
3,2,2,Beam 2 (chemistry),rgd+N95+E181,24.162367,0.703901,0.38664,2631.65,15.02523,5.1709
3,2,2,Beam 2 (chemistry),uov+N50+E11,6.738971,0.112642,0.85454,801.292,30.71485,28.66233
3,2,2,Beam 3 (metal only),mer+N50+E89,10.510304,0.172312,0.7935,1055.08,37.69922,24.43235
3,2,2,Beam 3 (metal only),wfj+N21+E68,19.419895,0.714185,0.51022,2065.41,15.8841,10.68078
3,2,2,Beam 3 (metal only),fcu+N95+E48,18.551327,1.33829,0.07132,1596.48,5.80213,2.28598
3,2,2,Beam 3 (metal only),una+N50+E47,5.001093,0.0733151,0.90702,512.401,65.32485,64.20958
3,2,2,Beam 3 (metal only),vbm+N14+E204,18.685482,1.0255,0.39298,2449.97,10.92741,7.73077
3,2,2,Beam 3 (metal only),rgd+N95+E3,23.871894,0.597348,0.46532,2381.97,16.55552,6.57064
3,2,2,Beam 3 (metal only),uoi+N50+E40,6.471017,0.104649,0.86924,720.558,37.44231,35.78505
3,2,2,Beam 3 (metal only),wme+N14+E18,13.374862,0.742283,0.519,1872.53,19.58614,9.33631
3,2,2,Beam 3 (metal only),xii+N95+E70,23.3806,1.15409,0.20528,2454.72,11.99896,3.97395
3,2,2,Beam 3 (metal only),mer+N50+E182,6.6213,0.127658,0.84976,798.116,38.64473,28.7972
3,2,2,Beam 4 (random baseline),lcx+N653+E224,20.890998,0.865076,0.39856,2036.65,18.33954,6.02929
3,2,2,Beam 4 (random baseline),bcg+N175+E59,12.684451,0.323491,0.6578,1709.49,16.62616,13.68827
3,2,2,Beam 4 (random baseline),eci+N692+E48,27.431647,0.892393,0.2483,2338.3,9.63696,5.98942
3,2,2,Beam 4 (random baseline),unj+N52+E155,6.238336,0.200572,0.84832,749.566,37.33642,32.99964
3,2,2,Beam 4 (random baseline),fcu+N469+E53,32.87086,1.05951,0.28254,2729.27,8.73963,5.08264
3,2,2,Beam 4 (random baseline),wmk+N274+E165,23.716312,0.493236,0.46992,2065.45,18.44662,8.59162
3,2,2,Beam 4 (random baseline),ukj+N449+E181,8.060213,0.212124,0.77934,1215.87,20.18667,16.26402
3,2,2,Beam 4 (random baseline),umd+N238+E20,5.239914,0.111735,0.8676,743.685,38.00888,32.83428
3,2,2,Beam 4 (random baseline),wgx+N634+E195,18.960636,0.667084,0.47372,2125.88,16.39371,9.72455
3,3,3,Beam 1 (full hypothesis),une+N409+E89,28.633749,0.894889,0.2702,2315.3,10.64461,5.38578
3,3,3,Beam 1 (full hypothesis),smi+N15+E202,21.1908,1.44941,0.23276,2166.69,9.27914,4.73988
3,3,3,Beam 1 (full hypothesis),wma+N674+E226,21.036344,1.59253,0.1596,2011.46,7.93666,3.89217
3,3,3,Beam 1 (full hypothesis),wha+N577+E84,25.39767,1.2293,0.14712,2033.59,7.4553,4.2072
3,3,3,Beam 1 (full hypothesis),whz+N77+E138,25.807973,1.1679,0.3255,2532.27,11.60111,5.71115
3,3,3,Beam 1 (full hypothesis),snp+N666+E185,22.2055,1.91936,0.17586,2039.45,7.24799,4.33828
3,3,3,Beam 1 (full hypothesis),hxg+N309+E120,27.383269,1.13689,0.16872,2430.19,7.17802,3.79185
3,3,3,Beam 1 (full hypothesis),wmb+N453+E95,25.63032,1.11934,0.26138,2323.46,8.38533,5.76578
3,3,3,Beam 1 (full hypothesis),thp+N427+E14,31.091446,1.03976,0.26316,2699.79,8.89123,5.05156
3,3,3,Beam 1 (full hypothesis),wid+N630+E73,24.575516,1.27094,0.1801,2274.19,7.2918,4.13295
3,3,3,Beam 2 (chemistry),vbo+N14+E53,10.394197,0.497252,0.6684,1505.02,19.20335,14.5105
3,3,3,Beam 2 (chemistry),vbv+N690+E12,7.59047,0.229838,0.76642,1275.37,28.48872,14.73227
3,3,3,Beam 2 (chemistry),sxg+N568+E96,15.713816,0.498269,0.54806,2158.34,16.38953,9.23813
3,3,3,Beam 2 (chemistry),can+N112+E186,11.54714,0.312556,0.67818,1672.66,19.06022,15.99072
3,3,3,Beam 2 (chemistry),vmk+N116+E61,18.07747,0.520171,0.55234,2212.3,13.10524,9.42497
3,3,3,Beam 2 (chemistry),umw+N327+E70,3.464907,0.457487,0.7905,926.95,33.91727,31.65487
3,3,3,Beam 2 (chemistry),vbv+N630+E23,9.905522,0.33214,0.71106,1528.1,21.87198,13.52208
3,3,3,Beam 2 (chemistry),sxn+N666+E226,19.681934,1.05608,0.3282,1687.97,13.88237,8.97417
3,3,3,Beam 2 (chemistry),wio+N674+E73,15.226718,0.8974,0.47726,2149.81,13.31995,9.48083
3,3,3,Beam 3 (metal only),snz+N508+E119,16.837327,0.520961,0.49324,2483.53,14.62452,12.06163
3,3,3,Beam 3 (metal only),umk+N580+E131,10.833694,0.482067,0.67394,1526.64,30.96702,29.09021
3,3,3,Beam 3 (metal only),wki+N384+E8,14.965561,0.481807,0.59376,1921.47,17.13393,12.92895
3,3,3,Beam 3 (metal only),smq+N666+E132,21.287693,0.824784,0.43074,2342.04,13.25942,10.12645
3,3,3,Beam 3 (metal only),snq+N14+E165,15.161182,0.757054,0.50882,1679.76,20.53494,19.52892
3,3,3,Beam 3 (metal only),whe+N37+E186,17.562388,0.777746,0.48236,2114.28,16.30865,13.46326
3,3,3,Beam 3 (metal only),vbp+N568+E138,25.603661,1.0279,0.29856,2385.97,10.35051,5.84642
3,3,3,Beam 3 (metal only),ukn+N50+E185,6.653059,0.21716,0.83458,851.741,50.10798,45.99985
3,3,3,Beam 3 (metal only),sxo+N309+E186,15.082701,0.716701,0.49908,1794.66,16.24097,13.18469
3,3,3,Beam 3 (metal only),wkq+N77+E12,11.303061,0.432631,0.67298,1738.32,19.20489,17.40478
3,3,3,Beam 4 (random baseline),qtz-a+N524+E165,8.791424,0.209286,0.78236,944.661,27.9914,25.2902
3,3,3,Beam 4 (random baseline),wfg+N656+E79,23.736577,0.91017,0.25648,2243.18,11.07108,6.13798
3,3,3,Beam 4 (random baseline),qtz-x+N108+E1,11.392977,0.270736,0.7217,1511.28,15.99886,13.05461
3,3,3,Beam 4 (random baseline),reo+N352+E179,19.849214,0.433435,0.5574,2025.76,18.33343,9.96049
3,3,3,Beam 4 (random baseline),whd+N250+E223,8.470991,0.219912,0.78528,1128.68,39.22485,30.87384
3,3,3,Beam 4 (random baseline),umg+N2+E89,18.957641,0.364207,0.59784,1806.73,21.44017,15.30088
3,3,3,Beam 4 (random baseline),wma+N37+E47,14.798985,0.36098,0.67292,1593.1,20.56395,17.47646
3,3,3,Beam 4 (random baseline),thp+N625+E145,17.870597,1.07888,0.42568,2356.32,12.62916,8.77906
3,3,3,Beam 4 (random baseline),upc+N288+E22,5.310504,0.213871,0.7912,1186.06,26.77327,16.58112
3,4,4,Beam 1 (full hypothesis),lhb+N550+E14,32.207737,0.930733,0.28916,2721.41,7.85233,4.90838
3,4,4,Beam 1 (full hypothesis),lsz+N191+E131,29.31778,1.21245,0.21234,2369.52,6.49708,5.44939
3,4,4,Beam 1 (full hypothesis),bcs+N690+E228,27.762403,1.00898,0.25666,3200.6,7.10941,5.00167
3,4,4,Beam 1 (full hypothesis),lhb+N67+E29,29.865136,1.26674,0.16874,2429.06,6.63549,3.72143
3,4,4,Beam 1 (full hypothesis),wha+N77+E14,29.733256,1.34364,0.2322,2647.45,9.89089,4.29618
3,4,4,Beam 1 (full hypothesis),acs+N630+E206,25.521645,1.24879,0.2092,2568.68,6.43885,5.36535
3,4,4,Beam 1 (full hypothesis),eca+N550+E138,27.44054,1.18939,0.17148,2529.42,6.39348,4.09238
3,4,4,Beam 1 (full hypothesis),oof+N191+E206,29.684646,1.18172,0.23188,2546.35,8.10644,5.43754
3,4,4,Beam 1 (full hypothesis),rob+N287+E142,32.042293,0.950579,0.24468,2830.98,7.10536,5.0315
3,4,4,Beam 1 (full hypothesis),vbq+N59+E73,27.673118,1.05304,0.28724,2525.78,8.56511,5.70528
3,4,4,Beam 2 (chemistry),uol+N76+E163,7.648924,0.166863,0.82292,967.032,25.83223,23.1227
3,4,4,Beam 2 (chemistry),whr+N148+E138,23.864475,0.721058,0.35706,2343.78,12.27254,9.44605
3,4,4,Beam 2 (chemistry),wki+N593+E218,12.410929,0.287487,0.69546,1577.53,20.79228,14.67991
3,4,4,Beam 2 (chemistry),vmx+N629+E68,25.205508,0.620378,0.45824,2325.69,12.24489,9.19415
3,4,4,Beam 2 (chemistry),whg+N309+E142,19.419509,0.570109,0.514,2092.52,20.43877,10.03692
3,4,4,Beam 2 (chemistry),ecf+N121+E206,24.12034,1.47102,0.15194,1827.28,8.75921,3.32892
3,4,4,Beam 2 (chemistry),wmn+N630+E73,16.098278,0.619702,0.5361,1963.56,19.6733,17.34766
3,4,4,Beam 2 (chemistry),wmr+N77+E185,8.925819,2.95315,0.17662,686.725,16.34136,15.01006
3,4,4,Beam 2 (chemistry),lcx+N550+E234,27.315378,0.823349,0.35082,2242.81,12.57166,5.38765
3,4,4,Beam 2 (chemistry),rgd+N187+E149,21.633101,1.40873,0.12258,1461.14,8.76607,3.37158
3,4,4,Beam 3 (metal only),wmd+N560+E4,13.928368,0.311546,0.6695,1810.95,17.73804,15.8887
3,4,4,Beam 3 (metal only),can+N184+E95,10.761246,0.295155,0.73044,1393.93,29.74148,26.94661
3,4,4,Beam 3 (metal only),ukg+N87+E147,18.048627,0.416612,0.56672,2219.49,12.56676,9.21255
3,4,4,Beam 3 (metal only),ecc+N550+E12,13.371247,0.386913,0.62734,1938.43,15.06446,11.33156
3,4,4,Beam 3 (metal only),ilc+N121+E206,1.151243,2.46328,0.0,0.0,3.31088,1.20066
3,4,4,Beam 3 (metal only),wmh+N630+E202,13.945699,0.572946,0.59024,1827.93,18.91127,13.87093
3,4,4,Beam 3 (metal only),smc+N309+E11,20.520766,0.490831,0.55694,2101.5,15.58578,8.5783
3,4,4,Beam 3 (metal only),ecr+N629+E11,25.719529,0.608773,0.43242,2350.48,12.59811,9.42923
3,4,4,Beam 3 (metal only),sxk+N77+E201,21.228286,0.930432,0.42298,2359.93,12.19798,8.21734
3,4,4,Beam 3 (metal only),hcp+N118+E23,29.098684,0.733689,0.36592,2792.08,9.09124,5.4234
3,4,4,Beam 4 (random baseline),wfa+N360+E212,16.622319,0.65858,0.47474,1764.95,18.82788,17.20686
3,4,4,Beam 4 (random baseline),ukr+N395+E50,2.664375,0.418077,0.83244,741.428,43.89141,33.87774
3,4,4,Beam 4 (random baseline),vmh+N509+E61,12.286084,0.390194,0.67392,1606.9,17.5629,14.16958
3,4,4,Beam 4 (random baseline),whf+N533+E85,24.040429,0.643932,0.4092,1958.11,17.19355,11.95814
3,4,4,Beam 4 (random baseline),ukm+N109+E39,5.324151,0.125934,0.85752,833.686,30.17304,20.35616
3,4,4,Beam 4 (random baseline),unp+N304+E107,9.741591,0.28478,0.73548,1457.63,20.45719,19.00326
3,4,4,Beam 4 (random baseline),crr+N215+E45,9.171488,0.527354,0.66772,1710.44,21.29446,10.51206
3,4,4,Beam 4 (random baseline),wnb+N696+E186,13.881855,0.559617,0.55796,1779.93,17.1612,12.9607
3,4,4,Beam 4 (random baseline),twf-e+N125+E7,5.915552,0.224491,0.80148,1086.62,40.28655,24.10982
3,4,4,Beam 4 (random baseline),whr+N205+E156,13.056838,0.389217,0.62418,1784.0,21.80514,20.20079
3,5,5,Beam 1 (full hypothesis),ecv+N550+E149,30.018419,1.05707,0.2284,2645.43,8.38296,4.70251
3,5,5,Beam 1 (full hypothesis),sow+N153+E120,28.150229,0.989549,0.25166,2721.12,6.75512,5.06291
3,5,5,Beam 1 (full hypothesis),wiu+N554+E204,28.453893,1.03941,0.29288,2779.47,8.96653,4.96135
3,5,5,Beam 1 (full hypothesis),vmu+N67+E14,31.976355,1.09933,0.24702,2780.13,7.74897,4.95778
3,5,5,Beam 1 (full hypothesis),vmu+N38+E14,32.30003,0.984794,0.23654,2687.53,6.88684,4.81933
3,5,5,Beam 1 (full hypothesis),sme+N105+E25,32.295097,0.948424,0.26294,2649.66,8.64901,5.0711
3,5,5,Beam 1 (full hypothesis),sxa+N690+E95,27.162352,1.00913,0.24994,2570.28,7.79092,5.09548
3,5,5,Beam 1 (full hypothesis),qtz-x+N569+E204,31.190728,1.05089,0.21824,2699.38,6.38006,5.03653
3,5,5,Beam 2 (chemistry),smf+N541+E2,6.000106,0.150467,0.84682,781.726,54.67847,53.92977
3,5,5,Beam 2 (chemistry),wkw+N249+E36,11.827406,0.301525,0.68906,1511.09,29.828,28.25262
3,5,5,Beam 2 (chemistry),xii+N565+E179,29.108683,0.638164,0.40922,2296.37,16.21512,7.26472
3,5,5,Beam 2 (chemistry),smi+N630+E68,15.037355,0.45784,0.63036,1793.41,17.27668,12.56514
3,5,5,Beam 2 (chemistry),wif+N309+E47,29.142903,0.712022,0.35494,2515.15,12.05962,9.29253
3,5,5,Beam 2 (chemistry),bcu+N550+E222,22.411658,0.576078,0.47096,2591.27,8.93858,7.03293
3,5,5,Beam 2 (chemistry),vcf+N77+E179,17.807096,0.589633,0.57342,1918.46,15.56943,11.24069
3,5,5,Beam 2 (chemistry),ecb+N629+E218,23.514348,0.521952,0.47968,2379.76,14.41946,12.45805
3,5,5,Beam 2 (chemistry),rgd+N118+E201,26.227528,1.00145,0.23274,2388.46,11.86307,4.10342
3,5,5,Beam 2 (chemistry),ecd+N632+E185,14.540061,2.37803,0.17458,1352.59,11.07082,7.7755
3,5,5,Beam 3 (metal only),wmt+N366+E29,15.098252,0.570671,0.56846,1605.62,22.85039,19.96465
3,5,5,Beam 3 (metal only),wmg+N286+E29,18.21583,0.641587,0.5375,1855.18,22.4615,17.7424
3,5,5,Beam 3 (metal only),ecc+N550+E38,18.907696,0.665271,0.4869,2507.1,10.03147,8.49921
3,5,5,Beam 3 (metal only),smf+N630+E228,8.314988,0.411363,0.72208,1131.71,42.93298,42.42277
3,5,5,Beam 3 (metal only),sny+N309+E23,9.588248,0.256467,0.76724,1195.15,40.49048,39.72339
3,5,5,Beam 3 (metal only),thp-x+N565+E61,26.228907,0.566236,0.45014,2297.71,13.28164,8.64184
3,5,5,Beam 3 (metal only),ecj+N629+E149,26.082249,1.15064,0.1641,2165.24,8.28672,5.45606
3,5,5,Beam 3 (metal only),hcp+N118+E68,31.974499,0.820794,0.35358,2630.15,9.80479,5.23571
3,5,5,Beam 4 (random baseline),ecs+N212+E39,7.055347,0.183519,0.81188,978.046,51.03869,48.87654
3,5,5,Beam 4 (random baseline),wlq+N206+E37,17.761144,0.724389,0.50702,2465.21,14.8685,13.71739
3,5,5,Beam 4 (random baseline),whz+N144+E89,22.72768,1.29605,0.15254,1780.62,8.05991,4.97737
3,5,5,Beam 4 (random baseline),vmt+N369+E65,20.342296,0.578911,0.45284,2362.37,11.95373,8.71962
3,5,5,Beam 4 (random baseline),vmg+N205+E179,16.642287,0.413533,0.59972,2003.51,14.41019,10.80906
3,5,5,Beam 4 (random baseline),wkn+N382+E92,19.921338,0.736816,0.48078,1818.53,27.40937,26.10557
3,5,5,Beam 4 (random baseline),wfm+N427+E80,23.096369,0.637741,0.45894,2253.31,13.86014,9.98081
3,5,5,Beam 4 (random baseline),sda+N634+E142,27.042766,1.11129,0.1828,2507.46,6.87487,4.23348
3,5,5,Beam 4 (random baseline),vbf+N383+E225,6.270645,0.162356,0.82416,1004.02,23.41477,20.58206
3,6,6,Beam 1 (full hypothesis),sda+N630+E73,27.932607,1.03117,0.26084,2814.81,7.50958,4.92162
3,6,6,Beam 1 (full hypothesis),rob+N287+E201,31.202133,0.977157,0.2382,2800.96,7.04253,5.06264
3,6,6,Beam 1 (full hypothesis),dmp+N115+E206,30.897534,1.0954,0.2313,3116.23,7.55462,4.90968
3,6,6,Beam 1 (full hypothesis),lvt+N115+E84,35.748923,0.967727,0.2086,2596.47,8.00898,5.19006
3,6,6,Beam 1 (full hypothesis),hxg+N690+E14,24.791449,0.976859,0.25718,2312.87,9.16365,5.02187
3,6,6,Beam 1 (full hypothesis),osb+N550+E123,30.970052,0.888721,0.2729,2837.63,8.07749,5.02799
3,6,6,Beam 1 (full hypothesis),wff+N629+E95,25.289695,1.12846,0.19994,2063.93,9.23236,5.22467
3,6,6,Beam 1 (full hypothesis),vcz+N16+E186,27.437471,0.978718,0.32106,2762.93,7.83071,5.26075
3,6,6,Beam 1 (full hypothesis),rob+N36+E73,30.887271,1.02413,0.23068,3023.31,6.50947,5.27843
3,6,6,Beam 2 (chemistry),unu+N461+E209,6.604151,0.174033,0.81088,1045.87,23.91022,16.13589
3,6,6,Beam 2 (chemistry),wkq+N16+E16,26.359491,0.85789,0.34664,2517.64,10.20981,8.95874
3,6,6,Beam 2 (chemistry),wir+N77+E89,23.719149,1.36105,0.15098,1821.15,9.70532,3.95584
3,6,6,Beam 2 (chemistry),vmg+N630+E14,21.292527,0.665799,0.47122,2480.95,9.75027,7.51057
3,6,6,Beam 2 (chemistry),thp-x+N187+E29,22.768393,1.41265,0.10438,1673.9,7.10727,3.53094
3,6,6,Beam 2 (chemistry),ecj+N550+E96,22.19611,0.623577,0.4562,2362.91,12.77208,11.12922
3,6,6,Beam 2 (chemistry),whe+N309+E201,18.712819,0.554393,0.52506,2171.18,17.3189,11.95852
3,6,6,Beam 2 (chemistry),ilc+N629+E204,2.697757,2.37729,0.0,0.0,3.71555,1.14253
3,6,6,Beam 2 (chemistry),hcp+N118+E222,27.992733,0.734464,0.36094,2725.92,10.38459,5.33394
3,6,6,Beam 2 (chemistry),cag+N461+E48,14.528396,0.421761,0.59902,2094.2,17.06787,10.95166
3,6,6,Beam 3 (metal only),ure+N257+E41,13.945267,0.490731,0.54364,2514.01,10.52481,8.81337
3,6,6,Beam 3 (metal only),wfh+N699+E228,21.317333,0.944911,0.3529,1893.47,13.8187,10.78539
3,6,6,Beam 3 (metal only),wip+N77+E119,11.905899,0.73894,0.57128,1675.86,17.3371,14.12512
3,6,6,Beam 3 (metal only),smw+N630+E95,21.133983,0.894835,0.39016,2171.09,16.62615,15.10279
3,6,6,Beam 3 (metal only),wim+N309+E53,13.605944,0.392145,0.69148,1447.2,29.05883,26.46655
3,6,6,Beam 3 (metal only),wfg+N550+E96,20.195191,0.569791,0.49448,2339.35,14.04449,9.89369
3,6,6,Beam 3 (metal only),ecs+N629+E53,19.198531,0.504602,0.58866,1740.74,27.15574,23.0675
3,6,6,Beam 3 (metal only),sxk+N560+E92,22.578847,0.629128,0.42984,2319.86,14.18387,7.81023
3,6,6,Beam 3 (metal only),wma+N593+E4,11.309983,0.264614,0.71908,1465.04,19.59637,17.41381
3,6,6,Beam 3 (metal only),whh+N77+E228,24.454348,1.526,0.20854,2521.8,8.5148,3.83259
3,6,6,Beam 4 (random baseline),pcb+N562+E64,3.607608,0.0898021,0.91784,442.582,46.23368,41.84594
3,6,6,Beam 4 (random baseline),uov+N551+E102,11.560302,0.533074,0.67484,1475.94,20.03764,16.07918
3,6,6,Beam 4 (random baseline),wky+N659+E11,16.522356,0.564111,0.57052,1866.11,15.23428,12.81216
3,6,6,Beam 4 (random baseline),wgz+N553+E226,20.672786,0.523189,0.49984,1998.82,19.21721,8.74037
3,6,6,Beam 4 (random baseline),sxh+N198+E9,6.358197,0.254927,0.76846,1267.63,25.08044,14.24758
3,6,6,Beam 4 (random baseline),vby+N213+E12,10.127117,0.223424,0.72522,1523.65,17.55171,12.66008
3,6,6,Beam 4 (random baseline),vbv+N560+E204,20.641049,0.745493,0.43346,2282.58,14.58954,6.88157
3,6,6,Beam 4 (random baseline),whm+N135+E211,21.313361,0.708931,0.38436,1917.13,16.53803,14.34329
3,6,6,Beam 4 (random baseline),wif+N366+E189,15.134462,1.26984,0.17612,1225.18,10.96308,9.93237
3,7,7,Beam 1 (full hypothesis),vmw+N70+E48,28.846048,1.01792,0.2779,2450.84,8.82643,5.16609
3,7,7,Beam 1 (full hypothesis),snk+N667+E29,32.480886,1.15445,0.26442,2699.08,8.06551,5.37716
3,7,7,Beam 1 (full hypothesis),wib+N59+E85,31.445872,1.01413,0.23788,2671.77,7.81176,4.76935
3,7,7,Beam 1 (full hypothesis),wkf+N309+E84,28.059395,0.971635,0.24564,2159.63,9.90706,5.06698
3,7,7,Beam 1 (full hypothesis),wgw+N630+E89,27.953875,0.917498,0.2582,2344.12,9.59048,5.35268
3,7,7,Beam 1 (full hypothesis),sxp+N309+E228,24.900145,1.18487,0.24074,2556.47,7.8595,4.96604
3,7,7,Beam 1 (full hypothesis),ecf+N550+E25,28.935772,1.00939,0.23914,2254.36,9.91039,4.7684
3,7,7,Beam 1 (full hypothesis),wkg+N77+E25,28.129792,1.27417,0.25552,2264.67,9.95283,5.07937
3,7,7,Beam 1 (full hypothesis),vby+N554+E204,28.690198,1.03849,0.29762,2775.95,9.11406,5.35916
3,7,7,Beam 1 (full hypothesis),sxc+N384+E16,31.107362,0.841149,0.28062,2709.72,7.57298,5.47645
3,7,7,Beam 2 (chemistry),vmf+N560+E40,12.027266,0.258035,0.72632,1380.59,24.34661,16.68947
3,7,7,Beam 2 (chemistry),sod-e+N309+E24,11.204858,0.316113,0.71158,1412.26,33.58456,13.56244
3,7,7,Beam 2 (chemistry),uof+N215+E218,7.260916,0.221145,0.79714,1143.99,23.8323,20.38999
3,7,7,Beam 2 (chemistry),smv+N666+E206,19.870913,1.06249,0.35434,1846.09,21.20236,20.2707
3,7,7,Beam 2 (chemistry),vbw+N77+E81,21.425552,0.728679,0.50596,2124.12,15.44161,8.64354
3,7,7,Beam 2 (chemistry),wkg+N630+E163,12.733751,0.368083,0.6833,1622.66,19.55016,16.51016
3,7,7,Beam 2 (chemistry),vby+N568+E32,17.176338,0.392108,0.5927,2116.68,15.7166,10.11196
3,7,7,Beam 2 (chemistry),ece+N629+E222,15.698346,0.413496,0.60676,1732.68,20.2045,19.08651
3,7,7,Beam 2 (chemistry),wgy+N453+E163,17.144912,0.812938,0.46318,1598.26,21.87222,20.79918
3,7,7,Beam 2 (chemistry),tes+N550+E147,23.160998,0.635924,0.4596,2147.93,16.28123,13.67619
3,7,7,Beam 3 (metal only),whw+N278+E30,8.785941,0.293015,0.75548,1166.94,28.71567,27.16437
3,7,7,Beam 3 (metal only),vmk+N384+E24,17.360568,0.477283,0.54868,2257.43,11.54954,9.50076
3,7,7,Beam 3 (metal only),unp+N581+E12,4.378031,0.136594,0.8563,837.671,28.28335,23.91645
3,7,7,Beam 3 (metal only),vmk+N568+E48,18.109527,1.57564,0.03334,811.88,5.13407,2.49833
3,7,7,Beam 3 (metal only),smi+N77+E96,15.645508,0.641812,0.5513,2017.7,14.02804,11.42284
3,7,7,Beam 3 (metal only),eco+N629+E166,21.965465,0.800762,0.35762,2008.23,18.37413,15.85776
3,7,7,Beam 3 (metal only),vmj+N476+E147,4.678242,0.493336,0.7826,946.225,30.71037,28.1065
3,7,7,Beam 3 (metal only),wfk+N550+E202,25.209707,1.08496,0.28498,2344.57,9.96037,8.20411
3,7,7,Beam 3 (metal only),whj+N309+E38,10.751269,0.435075,0.64072,1864.58,17.892,11.6258
3,7,7,Beam 3 (metal only),sxb+N630+E53,17.970279,0.556966,0.56192,2215.08,12.16331,10.01454
3,7,7,Beam 4 (random baseline),sny+N560+E166,13.058967,0.351164,0.6838,1388.73,35.6741,35.10338
3,7,7,Beam 4 (random baseline),umc+N395+E226,5.893429,0.706532,0.68568,1360.85,24.23775,14.66786
3,7,7,Beam 4 (random baseline),wme+N640+E53,9.610403,0.309294,0.75412,1246.82,31.38429,14.65457
3,7,7,Beam 4 (random baseline),vmt+N362+E35,16.504541,0.407001,0.59986,1918.13,16.96129,9.53967
3,7,7,Beam 4 (random baseline),rkf+N309+E4,9.270567,0.258491,0.752,1264.47,19.81788,18.52354
3,7,7,Beam 4 (random baseline),vmf+N674+E165,18.767358,1.0641,0.37762,1905.29,14.35819,11.07191
3,7,7,Beam 4 (random baseline),ecf+N507+E212,19.581423,0.831418,0.31182,1818.68,10.76905,6.36971
3,7,7,Beam 4 (random baseline),umc+N359+E165,14.986376,0.34407,0.6096,1671.02,15.85298,12.35329
3,8,8,Beam 1 (full hypothesis),sme+N666+E73,29.416902,0.949056,0.31084,2659.28,8.22824,5.31248
3,8,8,Beam 1 (full hypothesis),wfo+N629+E131,28.523603,0.991056,0.26168,2448.17,8.78252,5.22428
3,8,8,Beam 1 (full hypothesis),qdl+N73+E92,29.763947,1.1807,0.19628,2699.59,6.54608,4.99879
3,8,8,Beam 1 (full hypothesis),smi+N384+E138,26.679374,0.979123,0.24308,2513.57,7.86912,4.85957
3,8,8,Beam 1 (full hypothesis),tsi+N427+E16,30.571938,1.06794,0.22224,2561.54,6.90185,4.79913
3,8,8,Beam 1 (full hypothesis),who+N568+E186,26.013901,1.10594,0.26248,2575.54,8.56758,5.24872
3,8,8,Beam 1 (full hypothesis),acs+N630+E204,27.098508,1.21844,0.2441,2482.85,7.58676,5.3833
3,8,8,Beam 1 (full hypothesis),vms+N550+E85,30.600996,0.953644,0.27154,2411.22,8.75876,5.30979
3,8,8,Beam 1 (full hypothesis),msp+N420+E149,28.373017,1.1464,0.30638,2739.56,8.77178,4.77136
3,8,8,Beam 1 (full hypothesis),sme+N666+E92,31.323614,0.949151,0.30432,2710.02,8.98978,5.17885
3,8,8,Beam 2 (chemistry),wfp+N389+E32,22.687338,0.46448,0.51766,2252.87,15.67833,10.03753
3,8,8,Beam 2 (chemistry),umc+N238+E204,14.586299,0.55039,0.55562,2113.36,12.11269,9.1031
3,8,8,Beam 2 (chemistry),wiq+N453+E209,11.844641,0.328386,0.69562,1509.66,20.91867,17.04408
3,8,8,Beam 2 (chemistry),whv+N77+E39,6.714405,0.212372,0.81606,1010.33,27.89058,20.95979
3,8,8,Beam 2 (chemistry),smg+N356+E138,18.388566,0.53076,0.48838,2043.45,15.90573,13.59426
3,8,8,Beam 2 (chemistry),cap+N476+E40,9.88769,0.924235,0.57722,1828.22,15.15829,11.54618
3,8,8,Beam 2 (chemistry),soj+N630+E222,15.103012,0.476425,0.57296,2197.46,12.85294,9.59881
3,8,8,Beam 2 (chemistry),wfg+N550+E12,12.932135,0.369923,0.64504,1875.82,18.13337,11.95905
3,8,8,Beam 2 (chemistry),lcy-e+N666+E179,15.423142,0.387634,0.658,1661.31,20.00263,14.29961
3,8,8,Beam 3 (metal only),uoz+N257+E27,7.568173,0.480022,0.64882,1900.47,16.4973,16.16477
3,8,8,Beam 3 (metal only),eci+N550+E70,29.848395,1.15277,0.24428,2721.32,7.63232,5.04955
3,8,8,Beam 3 (metal only),ecn+N352+E24,18.940529,0.436857,0.52716,2280.03,11.91617,8.16016
3,8,8,Beam 3 (metal only),smh+N666+E131,15.39869,0.693623,0.55126,1496.6,24.0103,23.08005
3,8,8,Beam 3 (metal only),ukf+N327+E81,3.892582,0.353636,0.8165,826.95,29.75224,23.52135
3,8,8,Beam 3 (metal only),vme+N384+E163,17.514686,0.469286,0.5716,2017.21,14.16859,10.20576
3,8,8,Beam 3 (metal only),who+N309+E142,23.773091,0.683766,0.41914,2482.74,10.8983,7.02518
3,8,8,Beam 3 (metal only),tes+N427+E2,12.422563,0.32817,0.69006,1541.53,26.30936,20.37351
3,8,8,Beam 3 (metal only),smn+N453+E234,19.656345,0.502277,0.57202,2082.75,13.38081,10.98544
3,8,8,Beam 3 (metal only),wgz+N568+E95,26.959653,1.18391,0.20636,2288.29,9.17385,4.40393
3,8,8,Beam 4 (random baseline),whv+N366+E11,14.36546,0.388567,0.6432,1775.12,17.04448,12.89329
3,8,8,Beam 4 (random baseline),vbt+N421+E156,10.30425,0.6531,0.61634,1729.37,19.05447,17.287
3,8,8,Beam 4 (random baseline),vmy+N543+E87,17.638727,0.431391,0.5435,1930.25,17.34678,14.06248
3,8,8,Beam 4 (random baseline),tzs+N219+E51,7.123638,0.226477,0.78136,1125.78,28.32222,24.84104
3,8,8,Beam 4 (random baseline),wfl+N69+E44,21.562603,0.79239,0.39964,2620.24,10.69704,7.65107
3,8,8,Beam 4 (random baseline),ulh+N115+E202,11.166532,0.386802,0.69702,1569.75,23.84712,15.68087
3,8,8,Beam 4 (random baseline),uma+N492+E36,4.130992,0.089664,0.8857,672.15,45.10469,42.71406
3,8,8,Beam 4 (random baseline),fnw+N332+E27,7.569188,0.287826,0.76594,1205.06,30.91608,29.0054
3,8,8,Beam 4 (random baseline),cag+N359+E147,8.974211,0.169816,0.78962,1140.03,27.43729,15.56844
3,8,8,Beam 4 (random baseline),uom+N257+E182,12.088027,0.558239,0.58044,2218.08,11.88415,8.67473
3,9,9,Beam 1 (full hypothesis),who+N309+E149,29.401199,1.03822,0.25212,2648.6,8.43734,5.08173
3,9,9,Beam 1 (full hypothesis),vmk+N630+E131,25.492149,1.1678,0.24216,2475.28,8.0869,5.02568
3,9,9,Beam 1 (full hypothesis),qzd+N257+E204,28.706044,0.96981,0.30438,3116.77,7.19506,4.9395
3,9,9,Beam 1 (full hypothesis),sxp+N309+E228,24.943333,1.18487,0.24074,2556.47,7.8595,4.96604
3,9,9,Beam 1 (full hypothesis),sxa+N630+E149,29.30365,1.07144,0.2449,2694.91,7.40252,5.08727
3,9,9,Beam 1 (full hypothesis),ecn+N389+E16,32.039251,0.955989,0.19838,2693.65,7.18163,4.73788
3,9,9,Beam 1 (full hypothesis),ske+N467+E89,31.47168,0.939338,0.21438,2516.23,8.46868,4.99495
3,9,9,Beam 1 (full hypothesis),ecv+N629+E48,26.071971,0.882982,0.2259,2379.89,9.2494,5.07591
3,9,9,Beam 1 (full hypothesis),vmk+N529+E73,28.994641,0.919779,0.3065,2882.07,7.86975,5.09373
3,9,9,Beam 1 (full hypothesis),qzd+N580+E16,29.870637,0.915791,0.30468,2971.29,7.96716,5.41129
3,9,9,Beam 2 (chemistry),wmh+N590+E201,16.935729,0.520416,0.55558,2038.81,17.55105,11.27176
3,9,9,Beam 2 (chemistry),wko+N576+E204,20.851177,0.985722,0.40326,2453.58,10.41491,6.70927
3,9,9,Beam 2 (chemistry),wmy+N309+E85,22.989558,0.725437,0.42182,2070.0,12.00041,8.89628
3,9,9,Beam 2 (chemistry),wmv+N77+E40,14.352635,0.432798,0.67424,1558.37,21.23818,17.68429
3,9,9,Beam 2 (chemistry),wfi+N550+E96,18.945918,0.548716,0.50686,2253.63,13.73981,9.43728
3,9,9,Beam 2 (chemistry),thp-x+N187+E163,30.047419,0.935283,0.26804,2486.85,10.29526,5.67214
3,9,9,Beam 2 (chemistry),xii+N118+E209,26.438109,0.858976,0.29158,2280.76,12.09489,6.09218
3,9,9,Beam 2 (chemistry),wii+N554+E181,14.360458,0.415286,0.63198,1833.36,22.8456,21.93293
3,9,9,Beam 3 (metal only),wmj+N554+E39,5.96092,0.146815,0.8358,912.7,35.43872,29.09936
3,9,9,Beam 3 (metal only),wib+N309+E132,27.25103,0.947409,0.32058,2768.34,8.35359,6.07605
3,9,9,Beam 3 (metal only),skd+N77+E3,20.366177,0.644093,0.53516,2194.07,12.6236,10.93112
3,9,9,Beam 3 (metal only),wki+N630+E96,9.611544,0.315766,0.71356,1513.0,23.07264,18.13279
3,9,9,Beam 3 (metal only),tes+N550+E30,14.764071,0.363778,0.64222,1887.97,22.85266,18.44241
3,9,9,Beam 3 (metal only),thp-x+N118+E23,28.348838,0.776656,0.34258,2723.68,10.17017,6.03735
3,9,9,Beam 3 (metal only),rgd+N187+E151,22.04152,1.20961,0.12586,1743.16,8.74689,2.87786
3,9,9,Beam 4 (random baseline),lta+N32+E72,6.677735,0.234811,0.79466,1094.64,42.34089,22.19175
3,9,9,Beam 4 (random baseline),vda+N657+E66,24.838665,0.671035,0.43238,2610.44,9.04508,7.44355
3,9,9,Beam 4 (random baseline),sxj+N139+E45,10.25751,0.668934,0.5854,1769.3,16.91443,12.87083
3,9,9,Beam 4 (random baseline),flu-e+N167+E28,6.966265,0.170864,0.8186,956.71,42.96878,15.69703
3,9,9,Beam 4 (random baseline),wms+N36+E182,18.871214,1.19071,0.34504,2026.35,14.29747,13.78706
3,9,9,Beam 4 (random baseline),vmz+N337+E40,23.401205,0.572813,0.50942,2197.79,13.06428,10.21945
3,9,9,Beam 4 (random baseline),vmh+N491+E160,23.909671,0.781418,0.4132,2134.66,11.6895,8.04611
3,9,9,Beam 4 (random baseline),wkg+N526+E86,11.770784,0.435046,0.6381,1771.84,18.86748,14.85667
3,9,9,Beam 4 (random baseline),smq+N568+E224,21.642209,0.595948,0.45204,2339.8,15.52111,10.25663
3,10,10,Beam 1 (full hypothesis),ecn+N550+E186,29.144653,1.04634,0.27474,2584.28,7.82903,5.04484
3,10,10,Beam 1 (full hypothesis),wib+N77+E85,31.286188,1.23706,0.22666,2615.46,8.21806,4.78288
3,10,10,Beam 1 (full hypothesis),wie+N467+E206,24.004198,1.22829,0.22654,2456.31,7.26688,5.43345
3,10,10,Beam 1 (full hypothesis),sxb+N630+E131,25.632367,1.12423,0.2477,2565.72,6.82738,5.10871
3,10,10,Beam 1 (full hypothesis),uon+N580+E48,25.093146,0.936699,0.3081,2827.36,7.44182,5.19721
3,10,10,Beam 1 (full hypothesis),osd+N331+E149,30.963958,1.05147,0.19472,2519.96,7.49829,5.19125
3,10,10,Beam 1 (full hypothesis),vbo+N85+E204,29.226712,1.04379,0.2507,2485.55,8.73348,5.21154
3,10,10,Beam 1 (full hypothesis),wmx+N105+E186,29.328911,1.0811,0.26252,2877.72,8.42615,4.75763
3,10,10,Beam 1 (full hypothesis),wha+N690+E131,26.768015,1.05713,0.23282,2625.37,7.36198,4.85708
3,10,10,Beam 1 (full hypothesis),tsi+N38+E85,30.958765,0.998036,0.19882,2481.6,6.86838,4.76491
3,10,10,Beam 2 (chemistry),snq+N286+E39,5.611187,0.143618,0.86168,765.53,44.83003,43.04356
3,10,10,Beam 2 (chemistry),whc+N529+E96,13.518737,0.410834,0.62508,1859.53,18.15953,14.87806
3,10,10,Beam 2 (chemistry),reo-e+N309+E226,23.049421,1.28259,0.1711,1760.7,10.45363,4.52234
3,10,10,Beam 2 (chemistry),ecd+N629+E14,23.458084,0.664483,0.441,2134.34,15.64746,12.08313
3,10,10,Beam 2 (chemistry),oof+N550+E185,20.793405,2.24618,0.07772,1740.51,5.94639,3.01175
3,10,10,Beam 2 (chemistry),hcp+N187+E89,0.573324,1.88314,0.0,0.0,3.03227,0.80711
3,10,10,Beam 2 (chemistry),wks+N630+E84,22.753239,0.669299,0.45728,2013.37,19.66137,16.25565
3,10,10,Beam 2 (chemistry),wha+N59+E29,28.739949,1.18293,0.22136,2353.4,8.56456,5.18773
3,10,10,Beam 2 (chemistry),whk+N696+E85,23.303641,0.590939,0.46694,2191.02,12.93853,7.75915
3,10,10,Beam 3 (metal only),vmd+N684+E61,13.626158,0.340774,0.66244,1686.74,20.2825,18.03575
3,10,10,Beam 3 (metal only),ume+N127+E225,3.651036,0.0632622,0.92396,422.112,41.44192,38.8327
3,10,10,Beam 3 (metal only),wmz+N77+E36,10.638253,0.414303,0.6876,1614.77,17.7276,12.36785
3,10,10,Beam 3 (metal only),wii+N630+E37,10.654236,0.476428,0.66996,1589.81,30.27293,29.42204
3,10,10,Beam 3 (metal only),wfg+N550+E234,23.324985,0.580985,0.4991,2224.59,15.00689,11.37937
3,10,10,Beam 3 (metal only),rgd+N118+E68,29.197975,0.82074,0.3548,2534.82,14.30136,6.40364
3,10,10,Beam 3 (metal only),xii+N187+E131,4.574538,2.12555,0.0,0.0,4.5914,1.56687
3,10,10,Beam 3 (metal only),vda+N16+E182,26.906679,1.1264,0.30522,2778.15,8.50022,5.95439
3,10,10,Beam 3 (metal only),soj+N593+E226,26.16142,0.996361,0.20208,2055.67,9.9524,5.24647
3,10,10,Beam 3 (metal only),smg+N77+E179,16.074404,0.521191,0.61834,1754.27,18.50313,15.18004
3,10,10,Beam 4 (random baseline),atn+N385+E82,5.146839,0.163101,0.867,737.498,44.88189,35.30359
3,10,10,Beam 4 (random baseline),ukv+N719+E9,4.039489,0.0890926,0.90346,550.322,58.59488,57.21304
3,10,10,Beam 4 (random baseline),gan+N332+E32,7.88133,0.201878,0.79624,1091.51,23.75442,18.43324
3,10,10,Beam 4 (random baseline),lcs-a+N390+E204,8.478569,0.425104,0.70408,1285.58,25.20236,16.41922
3,10,10,Beam 4 (random baseline),vbl+N195+E175,18.617675,0.550399,0.5514,2054.15,15.69488,9.19974
3,10,10,Beam 4 (random baseline),vmb+N651+E165,23.485858,0.688542,0.41482,2290.38,11.41578,9.03732
3,10,10,Beam 4 (random baseline),smm+N295+E57,18.774619,0.476298,0.55802,2275.21,15.13564,12.82591
3,10,10,Beam 4 (random baseline),wmt+N221+E92,14.19001,0.793721,0.57162,1858.58,23.66053,22.19598
3,10,10,Beam 4 (random baseline),cdt+N606+E119,8.392405,0.197231,0.75728,1388.24,20.50099,18.81069
4,1,1,Beam 1 (full hypothesis),qdl+N237+E166,26.87652,0.705881,0.39334,3027.6,8.13267,6.01022
4,1,1,Beam 1 (full hypothesis),sne+N167+E222,11.222441,0.318791,0.67734,1683.01,19.17709,13.0892
4,1,1,Beam 1 (full hypothesis),mmt+N710+E181,6.712114,0.290013,0.734,1466.93,17.42486,13.11575
4,1,1,Beam 1 (full hypothesis),umk+N557+E63,8.059177,0.228609,0.74664,1308.96,31.74496,29.49366
4,1,1,Beam 1 (full hypothesis),whu+N465+E181,14.651938,0.471266,0.60692,1615.46,24.10604,22.88504
4,1,1,Beam 1 (full hypothesis),bcu-k+N666+E234,15.444988,0.400954,0.6505,1682.82,29.88869,13.37269
4,1,1,Beam 1 (full hypothesis),tsi+N329+E181,25.36568,0.706576,0.42428,2352.89,11.31078,8.46134
4,1,1,Beam 1 (full hypothesis),sow+N649+E95,25.410417,1.40731,0.13322,2044.05,6.43137,3.60642
4,1,1,Beam 1 (full hypothesis),npo+N317+E61,5.914004,0.163385,0.83544,850.617,37.52311,36.63827
4,1,1,Beam 2 (chemistry),uoq+N398+E222,5.014345,0.157296,0.8374,922.181,38.19462,37.09041
4,1,1,Beam 2 (chemistry),wks+N589+E234,16.687618,0.427948,0.62492,1770.08,21.20889,16.34516
4,1,1,Beam 2 (chemistry),vbx+N465+E61,16.10913,0.404591,0.6127,1852.56,20.81428,11.88336
4,1,1,Beam 2 (chemistry),sni+N481+E166,20.843836,0.629788,0.4904,2274.43,15.40938,14.28413
4,1,1,Beam 2 (chemistry),wmo+N666+E149,24.64745,0.775049,0.4256,2370.54,13.67745,9.60598
4,1,1,Beam 2 (chemistry),vmx+N431+E166,29.320089,0.763872,0.27714,2710.76,7.19546,5.49865
4,1,1,Beam 2 (chemistry),uka+N710+E142,7.660229,0.309792,0.72394,1459.5,21.11537,17.65731
4,1,1,Beam 2 (chemistry),wfg+N329+E96,23.856933,0.640593,0.44182,2413.55,14.08203,8.0007
4,1,1,Beam 2 (chemistry),wma+N167+E142,19.892717,0.552861,0.49428,2263.22,12.76895,9.04923
4,1,1,Beam 2 (chemistry),unc+N276+E61,6.95708,0.194737,0.79786,1115.46,25.22216,22.9546
4,1,1,Beam 3 (metal only),und+N317+E184,20.941936,0.633005,0.46926,2057.41,14.72198,12.95525
4,1,1,Beam 3 (metal only),whr+N406+E41,7.286808,0.233132,0.73988,1456.76,22.01352,21.10132
4,1,1,Beam 3 (metal only),whj+N465+E98,14.556355,0.341683,0.66118,1611.75,22.37717,14.26848
4,1,1,Beam 3 (metal only),wne+N334+E24,13.40502,0.385361,0.62834,1924.38,20.66982,16.63607
4,1,1,Beam 3 (metal only),whu+N589+E82,10.260241,0.345926,0.73564,1317.4,31.67851,30.7345
4,1,1,Beam 3 (metal only),lsz+N329+E228,20.016172,1.5872,0.0404,1522.94,4.8084,2.56723
4,1,1,Beam 3 (metal only),uon+N710+E66,10.592911,0.590031,0.56334,2198.06,12.23151,9.2535
4,1,1,Beam 3 (metal only),vmd+N666+E23,13.840652,0.399149,0.63998,1905.93,14.99487,13.15716
4,1,1,Beam 3 (metal only),vmg+N343+E14,22.04782,0.670058,0.4582,2253.46,10.19244,8.08583
4,1,1,Beam 3 (metal only),unc+N557+E38,4.691987,0.182585,0.7759,1298.76,19.04832,18.56452
4,1,1,Beam 4 (random baseline),eci+N692+E126,15.449431,0.338865,0.62888,1795.23,17.44131,14.29993
4,1,1,Beam 4 (random baseline),umf+N435+E101,4.462035,0.0780098,0.89502,603.726,37.69204,32.81287
4,1,1,Beam 4 (random baseline),unp+N263+E48,9.318279,0.196928,0.77386,1119.35,24.57002,18.35317
4,1,1,Beam 4 (random baseline),sml+N392+E38,8.631097,0.320344,0.69114,1722.61,18.84404,17.55156
4,1,1,Beam 4 (random baseline),snl+N55+E209,9.931769,0.216609,0.7509,1314.78,22.26241,16.6064
4,1,1,Beam 4 (random baseline),uoo+N282+E228,14.263111,0.40611,0.60144,2051.44,14.7682,10.16958
4,1,1,Beam 4 (random baseline),sxg+N343+E52,27.228993,1.00821,0.25038,2443.78,10.21718,4.47362
4,1,1,Beam 4 (random baseline),icc+N426+E53,18.398172,1.78146,0.06494,1310.23,6.06584,3.18358
4,1,1,Beam 4 (random baseline),gie+N450+E158,6.392434,0.25051,0.76564,1280.25,25.98778,21.32797
4,1,1,Beam 4 (random baseline),vbr+N37+E71,25.889337,0.919081,0.36146,2237.07,10.19419,7.53361
4,2,2,Beam 1 (full hypothesis),mmt+N317+E138,21.872623,0.661647,0.4489,2375.72,9.68492,7.67155
4,2,2,Beam 1 (full hypothesis),wil+N406+E73,22.383225,0.963171,0.23064,1992.17,9.92094,8.39285
4,2,2,Beam 1 (full hypothesis),wff+N66+E63,22.347185,0.993246,0.3633,2294.51,10.04834,7.99483
4,2,2,Beam 1 (full hypothesis),sxd+N666+E166,23.607921,0.745279,0.4513,2293.48,9.55857,8.18937
4,2,2,Beam 1 (full hypothesis),vcv+N329+E138,26.02971,1.19719,0.17722,2238.87,8.60472,4.09728
4,2,2,Beam 1 (full hypothesis),sxh+N92+E73,31.879795,1.01078,0.33982,2655.02,11.9366,5.67554
4,2,2,Beam 1 (full hypothesis),ecn+N226+E63,33.165595,1.04233,0.30458,2515.48,9.87403,5.4209
4,2,2,Beam 1 (full hypothesis),reo+N121+E63,28.115206,0.984733,0.33984,2084.96,11.47887,5.43186
4,2,2,Beam 1 (full hypothesis),teo+N629+E138,22.058535,0.822317,0.33672,2138.17,11.61433,7.14611
4,2,2,Beam 1 (full hypothesis),ilc+N544+E234,31.974823,0.846502,0.25172,2824.51,7.67642,4.84625
4,2,2,Beam 2 (chemistry),umv+N113+E234,8.91273,0.241388,0.77242,1220.49,24.21286,14.71661
4,2,2,Beam 2 (chemistry),ecl+N149+E138,20.967152,1.21748,0.10792,1639.19,7.60447,3.17415
4,2,2,Beam 2 (chemistry),wfd+N121+E63,30.742055,1.13148,0.2225,2416.13,7.86598,5.09034
4,2,2,Beam 2 (chemistry),tes+N431+E73,23.460979,0.821957,0.28674,2170.08,11.02256,8.37123
4,2,2,Beam 2 (chemistry),whm+N589+E73,20.287647,0.70793,0.4777,1988.86,16.67753,14.76777
4,2,2,Beam 2 (chemistry),rob+N533+E166,31.296009,0.954602,0.14226,2641.05,5.78166,3.69918
4,2,2,Beam 2 (chemistry),smu+N208+E166,13.398323,0.352223,0.68992,1575.1,20.65183,14.68048
4,2,2,Beam 2 (chemistry),upc+N327+E73,6.085839,0.781383,0.63638,1581.0,25.27637,12.14747
4,2,2,Beam 2 (chemistry),snv+N92+E63,22.4137,0.829163,0.51362,1697.25,22.38668,14.70186
4,2,2,Beam 2 (chemistry),who+N465+E73,25.67903,1.11688,0.22676,2368.48,8.08561,4.22826
4,2,2,Beam 3 (metal only),vmy+N326+E13,22.089599,1.11157,0.26452,1925.8,10.04033,6.71321
4,2,2,Beam 3 (metal only),vcf+N170+E33,9.52085,0.189543,0.76558,1347.32,19.65803,16.22937
4,2,2,Beam 3 (metal only),wfa+N390+E201,12.988348,0.418838,0.60914,1986.09,15.89907,14.1105
4,2,2,Beam 3 (metal only),rac+N164+E81,17.863693,0.38846,0.63986,1901.02,14.414,10.02882
4,2,2,Beam 3 (metal only),vcu+N226+E68,22.924726,0.575165,0.54956,2102.1,15.38957,12.36509
4,2,2,Beam 3 (metal only),whx+N533+E61,11.740682,0.263573,0.7212,1239.0,27.71338,20.55885
4,2,2,Beam 3 (metal only),wih+N406+E185,15.593821,1.46086,0.32308,1684.05,17.43104,16.40587
4,2,2,Beam 3 (metal only),wia+N666+E228,18.44303,0.789741,0.45752,2290.76,15.36442,8.11582
4,2,2,Beam 3 (metal only),wmz+N453+E14,26.987769,0.899561,0.36312,2414.7,9.74919,6.16792
4,2,2,Beam 3 (metal only),whf+N384+E95,20.639563,0.906023,0.34494,2056.2,15.63286,8.97347
4,2,2,Beam 4 (random baseline),snz+N667+E53,21.527666,0.664837,0.54842,2166.27,18.01132,13.34487
4,2,2,Beam 4 (random baseline),vby+N14+E120,12.534736,0.688338,0.53438,2015.89,14.15818,11.33198
4,2,2,Beam 4 (random baseline),tsi+N462+E113,21.722534,0.568603,0.47076,2285.28,11.83803,9.71333
4,2,2,Beam 4 (random baseline),cdl+N562+E2,7.644283,0.256858,0.7647,1285.85,20.87174,16.66153
4,2,2,Beam 4 (random baseline),vbv+N392+E149,18.082055,0.468774,0.57212,2105.15,18.08257,9.35953
4,2,2,Beam 4 (random baseline),ukp+N700+E149,6.693193,0.26906,0.81928,944.178,29.68477,26.1602
4,2,2,Beam 4 (random baseline),crb+N115+E112,7.418357,0.215785,0.79316,1164.58,22.58668,20.11334
4,2,2,Beam 4 (random baseline),una+N215+E79,17.055224,0.552322,0.55568,1956.99,23.37578,22.811
4,2,2,Beam 4 (random baseline),reo-e+N548+E234,15.569625,0.416581,0.62124,1714.26,27.33499,10.8984
4,3,3,Beam 1 (full hypothesis),sxd+N384+E166,27.977128,0.888123,0.31898,2567.74,7.28813,5.41543
4,3,3,Beam 1 (full hypothesis),whn+N406+E166,29.781936,0.904529,0.1928,2812.92,6.67504,4.00027
4,3,3,Beam 1 (full hypothesis),sow+N385+E63,30.300473,0.914319,0.29974,2990.65,7.55683,4.74402
4,3,3,Beam 1 (full hypothesis),sda+N481+E73,26.671777,1.14989,0.18368,2334.11,7.28836,4.51485
4,3,3,Beam 1 (full hypothesis),ecf+N329+E73,25.098084,0.989619,0.30604,2108.41,12.13118,6.02576
4,3,3,Beam 1 (full hypothesis),vme+N666+E63,28.269312,0.875144,0.34792,2761.26,9.11361,6.43696
4,3,3,Beam 1 (full hypothesis),ecm+N427+E166,28.071676,1.05279,0.29598,2474.29,9.40718,5.23937
4,3,3,Beam 1 (full hypothesis),wmx+N465+E166,26.602736,1.00738,0.28482,2398.35,9.35012,6.05184
4,3,3,Beam 1 (full hypothesis),rob+N453+E166,33.729674,1.1166,0.21566,3099.08,6.18096,4.69355
4,3,3,Beam 1 (full hypothesis),wfo+N226+E138,31.590781,1.09786,0.23788,2561.45,8.92487,4.08986
4,3,3,Beam 2 (chemistry),umu+N697+E189,7.826813,0.219638,0.78142,1169.08,27.58809,25.15355
4,3,3,Beam 2 (chemistry),nsp+N427+E234,19.294867,0.54853,0.5567,1857.93,20.51906,17.131
4,3,3,Beam 2 (chemistry),und+N29+E73,15.507538,0.559746,0.53172,2230.44,12.96586,12.25866
4,3,3,Beam 2 (chemistry),wkl+N465+E107,14.139418,0.40308,0.6446,1473.57,34.15662,33.25135
4,3,3,Beam 2 (chemistry),sod+N385+E189,7.770528,0.210475,0.79898,1094.4,31.40283,15.64083
4,3,3,Beam 2 (chemistry),wjd+N384+E35,11.92411,0.32229,0.68762,1561.58,23.88114,13.25066
4,3,3,Beam 2 (chemistry),pcu+N406+E107,15.320172,0.348201,0.62154,1840.11,14.45969,10.26739
4,3,3,Beam 2 (chemistry),soj+N92+E107,21.52824,0.514103,0.5818,2113.2,13.60535,9.06444
4,3,3,Beam 2 (chemistry),vmg+N208+E73,13.978046,0.364467,0.67878,1632.34,17.21694,15.13037
4,3,3,Beam 2 (chemistry),wif+N334+E234,10.61778,1.55633,0.02342,657.762,5.41956,3.18629
4,3,3,Beam 3 (metal only),wfg+N412+E63,25.921295,0.989882,0.3099,2418.68,11.4434,7.60964
4,3,3,Beam 3 (metal only),uot+N385+E162,13.940871,0.588571,0.54114,2123.93,16.69517,9.79543
4,3,3,Beam 3 (metal only),wjh+N539+E19,7.817422,0.395887,0.68774,1567.09,26.90513,25.69508
4,3,3,Beam 3 (metal only),wmk+N453+E50,21.086225,1.00716,0.37554,2222.61,11.86397,6.78977
4,3,3,Beam 3 (metal only),sny+N406+E217,16.327419,0.660619,0.3971,1595.4,19.59128,18.34191
4,3,3,Beam 3 (metal only),sxk+N384+E34,15.163296,0.357479,0.64644,1703.55,20.6591,14.28687
4,3,3,Beam 3 (metal only),wfn+N204+E107,13.806983,0.419333,0.63072,1476.74,22.28203,16.92436
4,3,3,Beam 3 (metal only),tfs+N465+E87,12.535566,0.33106,0.64802,1723.36,22.1036,16.8178
4,3,3,Beam 3 (metal only),bcu+N226+E126,18.979284,0.429531,0.58388,2086.4,13.91515,10.47326
4,3,3,Beam 4 (random baseline),vcv+N103+E211,16.682321,0.434858,0.59076,1678.64,21.9806,19.19405
4,3,3,Beam 4 (random baseline),vmw+N362+E203,16.76505,0.393511,0.56218,2147.29,15.1582,11.5321
4,3,3,Beam 4 (random baseline),uoe+N512+E148,6.762374,0.131687,0.836,885.79,33.59582,32.13991
4,3,3,Beam 4 (random baseline),gsi+N624+E68,15.083206,0.478429,0.5934,2027.82,14.13381,9.43004
4,3,3,Beam 4 (random baseline),wip+N684+E215,10.3579,0.319862,0.70846,1291.65,21.36108,19.13523
4,3,3,Beam 4 (random baseline),whg+N694+E130,17.495929,0.452821,0.55316,1906.07,20.81126,8.29778
4,3,3,Beam 4 (random baseline),upb+N500+E20,5.431455,0.117624,0.85726,730.394,30.53478,27.952
4,3,3,Beam 4 (random baseline),wmi+N589+E14,25.790416,0.733843,0.43488,2380.61,11.40081,7.5309
4,3,3,Beam 4 (random baseline),yyz+N461+E63,7.632155,0.317026,0.73826,1285.68,20.00124,18.01138
4,4,4,Beam 1 (full hypothesis),sol+N309+E63,30.035622,1.07437,0.22786,2654.14,7.97361,4.86501
4,4,4,Beam 1 (full hypothesis),msw+N630+E63,28.341678,1.16432,0.19894,2763.35,5.75676,5.1138
4,4,4,Beam 1 (full hypothesis),vmw+N121+E166,32.355577,1.02077,0.28614,2404.19,9.04016,5.73381
4,4,4,Beam 1 (full hypothesis),sxp+N354+E166,33.290845,1.10885,0.28298,2896.48,10.25254,5.14917
4,4,4,Beam 1 (full hypothesis),sxc+N422+E63,30.283739,1.02246,0.22414,2748.19,7.27742,5.13895
4,4,4,Beam 1 (full hypothesis),wie+N341+E63,27.316861,1.06762,0.1901,2500.01,7.02901,4.28582
4,4,4,Beam 1 (full hypothesis),wfm+N348+E166,27.779251,1.1963,0.19898,2391.72,7.85584,5.00069
4,4,4,Beam 1 (full hypothesis),fcu+N706+E63,31.628704,1.0194,0.2511,2464.93,9.17604,4.94789
4,4,4,Beam 1 (full hypothesis),vmz+N191+E166,32.4102,0.93922,0.2871,2724.53,7.61804,5.6717
4,4,4,Beam 2 (chemistry),wiv+N183+E189,16.251467,0.440785,0.57826,2006.48,14.14518,11.41471
4,4,4,Beam 2 (chemistry),vmk+N287+E166,30.436018,0.934367,0.31218,2782.29,7.80133,5.9342
4,4,4,Beam 2 (chemistry),wkm+N77+E107,13.400425,0.435973,0.67846,1540.07,38.47116,37.13424
4,4,4,Beam 2 (chemistry),ulf+N513+E35,8.007218,0.214002,0.78382,863.628,39.29798,31.01621
4,4,4,Beam 2 (chemistry),whe+N613+E63,19.996794,0.462129,0.52358,1946.5,16.86909,12.42955
4,4,4,Beam 2 (chemistry),umj+N263+E35,4.985319,0.0932019,0.88912,595.907,34.24178,31.37998
4,4,4,Beam 2 (chemistry),wna+N309+E35,14.053131,0.381594,0.6413,1817.09,21.02747,10.4593
4,4,4,Beam 2 (chemistry),wji+N109+E63,17.856455,0.454777,0.61894,1946.37,19.83634,19.30036
4,4,4,Beam 2 (chemistry),osb+N191+E63,30.299578,0.862743,0.36446,2510.74,9.45804,6.62974
4,4,4,Beam 3 (metal only),wmo+N480+E234,15.960034,0.400323,0.62322,1756.76,19.72114,13.00356
4,4,4,Beam 3 (metal only),uks+N2+E52,10.730114,0.230058,0.74644,1224.15,29.9435,18.94854
4,4,4,Beam 3 (metal only),umg+N310+E3,7.412794,0.177225,0.81846,1002.13,25.39164,21.33195
4,4,4,Beam 3 (metal only),dia-a+N603+E176,15.097395,0.400301,0.5915,1681.71,20.65294,13.54294
4,4,4,Beam 3 (metal only),sda+N613+E11,20.33214,0.386622,0.57578,1927.33,12.83326,10.0545
4,4,4,Beam 3 (metal only),dei+N115+E147,6.877501,0.156963,0.84898,819.979,37.51637,30.87875
4,4,4,Beam 3 (metal only),wkj+N630+E51,10.621026,0.908776,0.4704,1938.85,15.97412,15.09305
4,4,4,Beam 3 (metal only),wfn+N121+E166,26.962341,1.05207,0.28036,2186.91,11.12402,5.70994
4,4,4,Beam 3 (metal only),sxb+N309+E79,25.321738,1.02488,0.15258,2219.98,6.6803,5.11163
4,4,4,Beam 3 (metal only),lvt+N164+E179,31.644087,0.8825,0.30806,2101.99,9.61185,9.19817
4,4,4,Beam 4 (random baseline),ung+N256+E66,11.344448,0.463774,0.65762,1788.16,19.22246,18.02625
4,4,4,Beam 4 (random baseline),smm+N286+E53,14.383146,0.447305,0.66644,1624.55,22.36014,19.01617
4,4,4,Beam 4 (random baseline),dgq+N191+E219,18.218635,0.451927,0.56722,2079.08,20.36973,10.14691
4,4,4,Beam 4 (random baseline),uos+N376+E102,9.959634,0.527396,0.70656,1356.83,25.90537,22.40058
4,4,4,Beam 4 (random baseline),unb+N93+E14,8.435441,0.168887,0.79728,1079.24,29.43182,19.02023
4,4,4,Beam 4 (random baseline),ecf+N140+E206,20.582767,1.33592,0.22166,1674.33,10.51561,4.74275
4,4,4,Beam 4 (random baseline),uoh+N156+E217,17.363576,0.53306,0.51436,2125.04,17.8539,16.26741
4,4,4,Beam 4 (random baseline),smr+N92+E25,26.635668,0.778636,0.45884,2079.4,15.14625,13.7062
4,4,4,Beam 4 (random baseline),snp+N30+E36,5.423747,0.254298,0.82686,896.653,31.19914,28.80968
4,4,4,Beam 4 (random baseline),sxe+N213+E234,16.136842,0.327234,0.65076,1621.85,19.4407,12.8652
4,5,5,Beam 1 (full hypothesis),wfn+N588+E63,23.614288,1.08068,0.21976,1954.11,9.44147,5.42873
4,5,5,Beam 1 (full hypothesis),ecn+N141+E63,32.474426,0.938261,0.22116,2794.72,8.09753,5.37931
4,5,5,Beam 1 (full hypothesis),icc+N191+E189,30.374118,1.00972,0.1997,2490.25,8.30759,4.4042
4,5,5,Beam 1 (full hypothesis),sou+N26+E63,27.048419,0.904957,0.29794,2645.42,9.56978,5.37065
4,5,5,Beam 1 (full hypothesis),soj+N354+E63,29.901924,1.20169,0.27016,2461.81,8.09162,5.85919
4,5,5,Beam 1 (full hypothesis),lsz+N142+E63,26.881542,1.16755,0.2497,2538.44,7.38637,5.15942
4,5,5,Beam 1 (full hypothesis),qtz-e+N134+E166,22.994132,1.06582,0.2956,2237.39,8.27151,5.78052
4,5,5,Beam 1 (full hypothesis),ecm+N166+E166,27.017395,0.975811,0.24976,2461.37,8.5978,5.13422
4,5,5,Beam 1 (full hypothesis),wmi+N77+E63,25.972296,1.20447,0.31858,2558.71,10.14817,5.4634
4,5,5,Beam 1 (full hypothesis),wfd+N38+E166,29.194365,1.02869,0.24314,2494.13,7.55502,4.93954
4,5,5,Beam 2 (chemistry),yyz+N184+E166,6.440305,0.187644,0.82152,932.93,26.47489,24.471
4,5,5,Beam 2 (chemistry),wks+N613+E189,14.867896,0.311803,0.6487,1649.21,23.2987,16.32207
4,5,5,Beam 2 (chemistry),ecd+N262+E166,23.163449,0.648256,0.40884,2110.36,14.73642,11.48899
4,5,5,Beam 2 (chemistry),ecd+N369+E189,22.617551,0.625681,0.46064,2299.81,15.49058,12.08862
4,5,5,Beam 2 (chemistry),une+N164+E107,10.678735,0.25369,0.7476,1371.55,21.75126,14.38221
4,5,5,Beam 2 (chemistry),whq+N501+E35,6.122629,0.169954,0.84504,807.733,41.84198,36.34897
4,5,5,Beam 2 (chemistry),reo-e+N540+E166,25.422811,0.565164,0.44698,2150.37,20.77346,5.61337
4,5,5,Beam 2 (chemistry),hjm+N200+E107,21.625172,0.387813,0.55126,2367.11,11.09479,7.20506
4,5,5,Beam 2 (chemistry),wkq+N630+E35,9.304116,0.274792,0.75492,1249.3,26.84151,24.66572
4,5,5,Beam 3 (metal only),umx+N2+E218,6.196315,0.116688,0.85674,822.308,33.86813,30.56532
4,5,5,Beam 3 (metal only),wgz+N55+E215,16.452322,0.350172,0.612,1855.3,20.29884,11.5238
4,5,5,Beam 3 (metal only),wia+N478+E190,14.200426,0.320215,0.63558,1757.26,18.06362,14.05017
4,5,5,Beam 3 (metal only),umr+N424+E166,8.334184,0.18185,0.798,1038.88,32.49323,31.22364
4,5,5,Beam 3 (metal only),sne+N501+E149,14.757315,0.492065,0.6065,1755.82,20.12951,13.64912
4,5,5,Beam 3 (metal only),eco+N629+E132,22.231536,0.868101,0.33794,2109.55,15.82348,13.09262
4,5,5,Beam 3 (metal only),snq+N354+E149,22.962802,0.835785,0.4624,1977.58,18.35244,16.55817
4,5,5,Beam 3 (metal only),thp+N121+E81,34.889323,0.801238,0.34214,2609.0,9.60536,6.07191
4,5,5,Beam 3 (metal only),smg+N77+E184,27.228772,1.24083,0.27436,2220.87,10.10434,6.3141
4,5,5,Beam 4 (random baseline),whg+N645+E113,12.829182,0.322617,0.68532,1582.03,28.74262,11.64839
4,5,5,Beam 4 (random baseline),afi+N263+E151,6.481253,0.135306,0.8369,833.188,50.62227,48.35433
4,5,5,Beam 4 (random baseline),pbp+N611+E40,2.970629,0.0419485,0.95384,270.571,78.37593,49.94594
4,5,5,Beam 4 (random baseline),vba+N184+E112,16.954405,0.409941,0.5766,2218.83,12.84603,9.70055
4,5,5,Beam 4 (random baseline),wmz+N659+E166,23.242838,1.18876,0.27704,2369.78,9.87485,4.91801
4,5,5,Beam 4 (random baseline),sod+N454+E102,6.396217,0.349117,0.79888,980.282,38.71296,19.96632
4,5,5,Beam 4 (random baseline),ukd+N112+E81,8.565604,0.189541,0.78176,1186.34,20.87331,17.1724
4,5,5,Beam 4 (random baseline),cha+N238+E150,7.174745,0.156267,0.82348,970.235,34.88179,21.85137
4,6,6,Beam 1 (full hypothesis),cap+N309+E234,30.822482,0.931287,0.24382,2540.49,7.76501,5.40498
4,6,6,Beam 1 (full hypothesis),thp-x+N56+E234,30.695064,0.987503,0.24854,2449.62,9.52674,5.04879
4,6,6,Beam 1 (full hypothesis),rgd+N187+E189,27.586953,0.907962,0.27834,2381.99,11.85298,5.20791
4,6,6,Beam 1 (full hypothesis),ilc+N171+E234,33.370236,1.03803,0.24674,2874.48,7.54994,4.99684
4,6,6,Beam 1 (full hypothesis),thp-x+N118+E11,31.147104,0.929302,0.24718,2531.64,9.4224,4.48323
4,6,6,Beam 1 (full hypothesis),hcp+N177+E61,30.86865,0.839388,0.2871,2631.71,9.9016,4.83507
4,6,6,Beam 1 (full hypothesis),ilc+N389+E107,31.835479,0.862337,0.2234,2731.25,7.5646,4.86268
4,6,6,Beam 1 (full hypothesis),xii+N118+E32,28.484219,0.921808,0.21928,2342.3,10.22076,4.90767
4,6,6,Beam 1 (full hypothesis),cds+N164+E32,25.874548,0.834299,0.20066,2791.28,6.69882,5.66911
4,6,6,Beam 1 (full hypothesis),lsz+N632+E234,31.351381,1.01045,0.29198,2557.8,8.36141,5.35242
4,6,6,Beam 2 (chemistry),lhb+N692+E107,24.505166,0.519356,0.49158,2298.54,11.72348,7.5894
4,6,6,Beam 2 (chemistry),wfe+N550+E189,18.788995,0.538916,0.53494,2015.59,18.65391,8.78728
4,6,6,Beam 2 (chemistry),wnc+N554+E11,15.099567,0.387475,0.64522,1760.25,19.31898,12.32126
4,6,6,Beam 2 (chemistry),whb+N309+E47,12.244958,0.26548,0.72848,1369.99,26.36267,17.16648
4,6,6,Beam 2 (chemistry),ukh+N109+E47,7.785009,0.158069,0.83902,886.889,29.84586,18.3817
4,6,6,Beam 2 (chemistry),vbs+N630+E35,10.872285,0.342967,0.69302,1542.7,19.56763,13.6811
4,6,6,Beam 2 (chemistry),pcu+N77+E11,20.538852,0.660962,0.53306,2139.59,11.21361,9.41693
4,6,6,Beam 2 (chemistry),wkw+N191+E47,13.873412,0.262979,0.73932,1332.68,40.48831,39.78975
4,6,6,Beam 2 (chemistry),thp-x+N118+E40,30.609245,0.709685,0.37386,2559.7,11.58115,6.53461
4,6,6,Beam 2 (chemistry),fcu+N323+E61,32.321399,0.710706,0.36206,2898.32,9.59852,5.63092
4,6,6,Beam 3 (metal only),smu+N593+E87,11.428263,0.25842,0.70292,1564.75,20.82928,14.78138
4,6,6,Beam 3 (metal only),uof+N164+E20,6.246621,0.133302,0.85646,808.019,30.07797,26.85246
4,6,6,Beam 3 (metal only),lhb+N121+E21,16.53334,0.395338,0.61378,1942.21,14.24284,10.38793
4,6,6,Beam 3 (metal only),wkm+N630+E223,7.952212,0.204658,0.79572,1090.64,44.51954,43.60516
4,6,6,Beam 3 (metal only),wfo+N550+E110,17.418795,0.517769,0.54102,2199.14,12.71206,9.82188
4,6,6,Beam 3 (metal only),lhb+N629+E203,19.418349,0.406196,0.5344,2330.63,11.98509,7.94352
4,6,6,Beam 3 (metal only),hcp+N118+E24,28.622287,0.745063,0.3534,2797.64,9.07414,5.72009
4,6,6,Beam 3 (metal only),fcu+N187+E24,28.990965,0.784005,0.34066,2771.68,9.68945,5.08572
4,6,6,Beam 3 (metal only),sno+N684+E35,10.294179,0.276798,0.73592,1330.71,29.56788,26.99945
4,6,6,Beam 4 (random baseline),sne+N560+E188,17.301522,0.354242,0.61722,1930.71,17.93429,11.43264
4,6,6,Beam 4 (random baseline),sni+N36+E147,20.38533,0.549686,0.5221,2079.26,16.70317,15.04034
4,6,6,Beam 4 (random baseline),whb+N479+E179,16.407797,0.486004,0.60858,1849.53,17.72083,12.37887
4,6,6,Beam 4 (random baseline),ecb+N352+E24,20.673705,0.459125,0.51266,2329.39,16.04667,13.94538
4,6,6,Beam 4 (random baseline),wfa+N292+E151,14.052485,0.316145,0.62166,1866.73,17.84549,15.78996
4,6,6,Beam 4 (random baseline),vbq+N274+E3,14.023619,0.264082,0.70478,1428.03,22.01807,16.71326
4,6,6,Beam 4 (random baseline),whk+N314+E234,15.049485,0.326973,0.67104,1577.7,24.25597,12.12879
4,6,6,Beam 4 (random baseline),uke+N90+E194,4.287586,0.110959,0.88518,656.652,32.0132,21.41937
4,6,6,Beam 4 (random baseline),wmj+N568+E11,19.160467,0.547129,0.53294,2075.97,17.66556,13.24666
4,7,7,Beam 1 (full hypothesis),thp-x+N177+E107,29.234092,0.870377,0.30858,2473.83,10.20345,5.62661
4,7,7,Beam 1 (full hypothesis),ilc+N191+E107,34.372548,0.825243,0.26336,2977.14,7.70932,5.21339
4,7,7,Beam 1 (full hypothesis),ecn+N632+E189,29.470302,0.90982,0.34552,2527.51,9.7611,5.44808
4,7,7,Beam 1 (full hypothesis),thp-x+N118+E189,30.22278,0.917164,0.2612,2564.8,9.50521,5.02447
4,7,7,Beam 1 (full hypothesis),lsz+N331+E107,31.011697,0.727421,0.3213,2806.43,8.37521,5.59038
4,7,7,Beam 1 (full hypothesis),lsz+N121+E234,33.927265,0.806911,0.32646,2587.18,8.86436,5.42849
4,7,7,Beam 1 (full hypothesis),hcp+N118+E189,32.106074,0.888546,0.2669,2719.57,8.40846,4.81074
4,7,7,Beam 1 (full hypothesis),xii+N297+E61,30.167501,0.998342,0.2259,2359.86,9.97005,4.6706
4,7,7,Beam 1 (full hypothesis),xii+N118+E40,28.754893,0.955434,0.24086,2207.31,10.46582,5.02057
4,7,7,Beam 1 (full hypothesis),wfl+N166+E11,31.31145,0.778119,0.32218,2539.04,9.84168,5.846
4,7,7,Beam 2 (chemistry),uov+N238+E35,6.69427,0.175212,0.80996,1044.88,24.28861,22.68772
4,7,7,Beam 2 (chemistry),vcf+N77+E35,13.302716,0.485784,0.64446,1691.36,17.23572,13.92751
4,7,7,Beam 2 (chemistry),neb+N109+E35,8.429752,0.21038,0.79152,1152.42,17.15358,15.52148
4,7,7,Beam 2 (chemistry),wfh+N121+E189,25.31591,0.653758,0.45336,2182.71,15.26569,11.02132
4,7,7,Beam 2 (chemistry),wfm+N655+E107,21.885284,0.468521,0.48632,2241.54,14.48849,10.5055
4,7,7,Beam 2 (chemistry),lhb+N166+E40,25.833586,0.528428,0.48714,2338.55,11.53216,8.4099
4,7,7,Beam 2 (chemistry),sxc+N630+E107,13.144994,0.385838,0.64614,1849.36,14.5683,11.48624
4,7,7,Beam 2 (chemistry),ecr+N550+E40,21.274118,0.484215,0.5565,2019.28,15.4266,12.60331
4,7,7,Beam 2 (chemistry),lhb+N629+E11,30.554659,0.648919,0.37522,2699.14,8.97532,5.55757
4,7,7,Beam 3 (metal only),sng+N494+E33,11.226087,0.222576,0.71806,1430.74,31.81788,15.98285
4,7,7,Beam 3 (metal only),vbr+N77+E49,17.413804,0.531296,0.5833,1763.03,17.18654,11.67897
4,7,7,Beam 3 (metal only),wgw+N696+E223,10.068576,0.241214,0.73506,1378.32,22.20042,15.40995
4,7,7,Beam 3 (metal only),vcz+N354+E36,11.54628,0.337145,0.71582,1522.45,17.37653,14.45843
4,7,7,Beam 3 (metal only),smd+N593+E104,12.265029,0.314167,0.69902,1538.75,27.8686,24.61269
4,7,7,Beam 3 (metal only),ecc+N655+E179,20.571873,0.446189,0.51846,2164.97,14.22516,11.02221
4,7,7,Beam 3 (metal only),nsp+N550+E87,16.149045,0.415804,0.58814,1815.12,23.3663,20.44253
4,7,7,Beam 3 (metal only),kag+N630+E145,9.047112,0.399837,0.68746,1557.41,22.11788,20.60295
4,7,7,Beam 3 (metal only),sou+N629+E154,25.386287,0.578765,0.42962,2367.41,12.78445,8.12986
4,7,7,Beam 3 (metal only),vbt+N309+E7,6.298032,0.237135,0.79014,1161.16,24.54896,23.11841
4,7,7,Beam 4 (random baseline),ecn+N653+E10,7.753874,0.287556,0.7473,1391.18,20.95375,14.9368
4,7,7,Beam 4 (random baseline),crs+N122+E212,15.126678,0.699819,0.53868,1723.03,18.05667,12.83391
4,7,7,Beam 4 (random baseline),whg+N65+E182,17.244267,1.01669,0.37988,2301.8,13.19822,6.61384
4,7,7,Beam 4 (random baseline),snb+N480+E102,10.256927,1.48528,0.45752,1069.51,22.81541,16.6893
4,7,7,Beam 4 (random baseline),wio+N382+E162,24.654,1.1697,0.21986,2480.61,8.48867,4.39457
4,7,7,Beam 4 (random baseline),sme+N278+E8,16.385335,0.606093,0.5727,2055.42,13.73651,9.31736
4,7,7,Beam 4 (random baseline),uni+N305+E87,5.347131,0.147299,0.84512,876.472,29.96976,28.32702
4,7,7,Beam 4 (random baseline),ecr+N229+E123,21.474098,0.681189,0.46998,2151.63,13.71808,11.11276
4,7,7,Beam 4 (random baseline),vmy+N642+E233,15.07114,0.570386,0.53494,1953.27,17.24922,14.2331
4,8,8,Beam 1 (full hypothesis),ilc+N369+E61,32.365462,0.820106,0.27024,2825.4,7.37464,4.83825
4,8,8,Beam 1 (full hypothesis),ilc+N550+E32,31.20583,0.784069,0.28262,2618.2,7.92481,5.3563
4,8,8,Beam 1 (full hypothesis),ilc+N692+E234,33.53871,0.789063,0.288,2766.97,7.46356,5.24621
4,8,8,Beam 1 (full hypothesis),lsz+N140+E234,32.017603,0.89052,0.26562,2645.48,7.17851,5.51462
4,8,8,Beam 1 (full hypothesis),lsz+N331+E234,32.500376,0.825313,0.29636,2554.53,8.13513,5.8181
4,8,8,Beam 1 (full hypothesis),hjm+N153+E234,34.203324,0.81052,0.2906,3024.28,8.7503,4.88962
4,8,8,Beam 1 (full hypothesis),cap+N286+E40,30.125475,1.00071,0.23832,2634.47,7.84131,6.16374
4,8,8,Beam 1 (full hypothesis),bcg+N331+E234,32.473671,0.746295,0.3335,2741.26,8.27402,5.4707
4,8,8,Beam 1 (full hypothesis),thp-x+N118+E61,29.58374,0.76062,0.32662,2627.41,10.93871,6.43619
4,8,8,Beam 1 (full hypothesis),ilc+N375+E61,31.447474,0.722152,0.30452,2666.09,8.73863,5.16201
4,8,8,Beam 2 (chemistry),wmb+N392+E47,10.02834,0.208686,0.7783,1175.43,27.46569,22.46758
4,8,8,Beam 2 (chemistry),uno+N524+E61,14.353753,0.320441,0.65926,1671.09,26.77012,11.755
4,8,8,Beam 2 (chemistry),uoq+N109+E61,7.506097,0.173141,0.82218,996.446,40.301,37.55026
4,8,8,Beam 2 (chemistry),wil+N630+E61,11.761043,0.330639,0.69502,1541.55,25.03908,22.85937
4,8,8,Beam 2 (chemistry),wfe+N629+E40,16.964497,0.355888,0.64804,1656.88,24.89416,11.12781
4,8,8,Beam 2 (chemistry),whp+N309+E234,14.304763,0.355296,0.67762,1567.35,23.9321,19.8637
4,8,8,Beam 2 (chemistry),wmo+N77+E32,13.421938,0.38613,0.6861,1528.23,25.2079,18.16949
4,8,8,Beam 2 (chemistry),vmv+N550+E32,20.892699,0.457803,0.5416,2183.35,16.07976,8.63739
4,8,8,Beam 2 (chemistry),ecf+N121+E40,23.171048,0.477893,0.55682,2007.81,17.67699,9.74348
4,8,8,Beam 2 (chemistry),fcu+N187+E32,32.20612,0.716801,0.32124,2735.66,11.32305,4.31202
4,8,8,Beam 3 (metal only),uog+N455+E36,4.071663,0.0827675,0.90142,539.448,36.76992,31.84283
4,8,8,Beam 3 (metal only),tes+N209+E12,12.124169,0.319835,0.68064,1635.59,24.7777,19.22099
4,8,8,Beam 3 (metal only),uma+N164+E179,8.983022,0.201249,0.8108,995.65,34.89113,28.05687
4,8,8,Beam 3 (metal only),wfp+N121+E30,18.898059,0.417999,0.58308,2176.78,15.56384,11.77472
4,8,8,Beam 3 (metal only),sno+N630+E225,6.656448,0.184814,0.82022,997.641,35.44732,32.93602
4,8,8,Beam 3 (metal only),ecs+N629+E218,17.410017,0.383646,0.61406,1766.33,26.76121,25.29283
4,8,8,Beam 3 (metal only),wjd+N77+E234,16.767659,0.538973,0.60904,1857.56,17.26239,11.47907
4,8,8,Beam 3 (metal only),lhb+N550+E222,20.254482,0.561675,0.48236,2465.09,11.21321,7.75971
4,8,8,Beam 3 (metal only),sxd+N309+E218,13.08867,0.332082,0.67344,1661.23,17.43474,15.37806
4,8,8,Beam 3 (metal only),xii+N297+E4,31.963284,0.804422,0.32424,2833.91,9.69286,5.76345
4,8,8,Beam 4 (random baseline),icc+N389+E30,28.541868,0.906874,0.19524,2509.21,8.79669,4.61502
4,8,8,Beam 4 (random baseline),hal+N307+E40,4.84752,0.0896745,0.89252,597.534,62.08147,30.44023
4,8,8,Beam 4 (random baseline),bcs+N540+E63,31.109045,0.936426,0.13478,2493.07,6.52861,3.70965
4,8,8,Beam 4 (random baseline),wnc+N278+E31,7.958604,0.362032,0.74076,1341.08,24.39255,15.1739
4,8,8,Beam 4 (random baseline),sxk+N645+E202,22.202031,0.646328,0.48124,2350.79,13.9393,7.80925
4,8,8,Beam 4 (random baseline),uma+N164+E136,7.533521,0.180082,0.82862,943.351,35.09367,27.10802
4,8,8,Beam 4 (random baseline),pcu+N139+E82,11.981305,0.482785,0.63204,1861.44,13.33922,10.90979
4,8,8,Beam 4 (random baseline),whs+N173+E34,12.405999,0.351464,0.7048,1435.73,31.70905,30.86529
4,8,8,Beam 4 (random baseline),irl+N161+E65,6.743169,0.15257,0.80924,1066.1,20.94238,18.77684
4,8,8,Beam 4 (random baseline),afw+N112+E14,8.79517,0.209835,0.76132,1253.71,19.6737,16.2325
4,9,9,Beam 1 (full hypothesis),thp-x+N712+E218,28.993347,0.805968,0.3061,2580.32,10.62999,5.22692
4,9,9,Beam 1 (full hypothesis),cap+N645+E218,31.60548,0.838108,0.24286,2675.59,8.57599,4.83632
4,9,9,Beam 1 (full hypothesis),wfl+N426+E218,27.297893,0.714754,0.386,2679.44,11.36287,6.31186
4,9,9,Beam 1 (full hypothesis),lsz+N38+E3,31.353942,0.769521,0.3312,2638.4,8.33823,6.61023
4,9,9,Beam 1 (full hypothesis),xii+N297+E36,27.663096,0.718955,0.39384,2562.39,11.43388,6.48891
4,9,9,Beam 1 (full hypothesis),hxg+N354+E98,29.42212,0.757535,0.36278,2506.53,13.09482,5.91283
4,9,9,Beam 1 (full hypothesis),lcx+N121+E3,28.572782,0.726113,0.40834,2169.76,15.54051,5.39306
4,9,9,Beam 1 (full hypothesis),xii+N118+E12,23.817445,0.702869,0.38866,2421.68,12.77992,6.54382
4,9,9,Beam 1 (full hypothesis),bcg+N331+E61,28.901966,0.648923,0.38532,2491.66,10.21049,6.6076
4,9,9,Beam 1 (full hypothesis),xii+N187+E82,24.742321,1.04453,0.28772,2342.22,12.07462,6.26341
4,9,9,Beam 2 (chemistry),ecf+N699+E3,17.710988,0.402236,0.62912,1659.8,21.31555,13.01378
4,9,9,Beam 2 (chemistry),smt+N630+E61,9.295733,0.257555,0.75648,1278.89,28.97484,25.91239
4,9,9,Beam 2 (chemistry),uoc+N164+E98,8.02409,0.164843,0.82436,955.928,23.34787,19.58762
4,9,9,Beam 2 (chemistry),sxe+N309+E82,10.982023,0.368414,0.70356,1486.43,22.89632,14.71954
4,9,9,Beam 2 (chemistry),ech+N629+E47,16.558738,0.323362,0.66102,1627.31,26.15215,15.00445
4,9,9,Beam 2 (chemistry),wfj+N121+E209,18.51575,0.424842,0.59466,1921.39,18.27859,14.02227
4,9,9,Beam 2 (chemistry),rob+N77+E82,14.474404,0.583968,0.60258,1991.73,14.46495,9.6403
4,9,9,Beam 2 (chemistry),ecl+N550+E82,17.187239,0.561154,0.56722,2056.39,16.86979,12.08034
4,9,9,Beam 2 (chemistry),hcp+N118+E218,28.637314,0.701152,0.3775,2652.17,10.76925,6.03783
4,9,9,Beam 2 (chemistry),rgd+N297+E12,21.640457,0.524829,0.52216,2373.86,18.34317,7.60475
4,9,9,Beam 3 (metal only),vda+N508+E33,8.128791,0.243125,0.72238,1602.48,17.47384,13.23355
4,9,9,Beam 3 (metal only),uoz+N164+E21,5.99791,0.137555,0.85904,826.569,30.3207,28.9767
4,9,9,Beam 3 (metal only),vbw+N678+E82,9.16239,0.23257,0.781,1139.93,28.94638,18.01351
4,9,9,Beam 3 (metal only),vbs+N77+E2,9.854764,0.325517,0.73352,1346.64,22.76447,17.76145
4,9,9,Beam 3 (metal only),ecv+N121+E21,15.807466,0.386474,0.61442,1945.6,14.86691,13.34643
4,9,9,Beam 3 (metal only),ecj+N550+E21,14.94891,0.391762,0.62262,1890.32,17.38004,14.42746
4,9,9,Beam 3 (metal only),smi+N309+E61,16.225859,0.406304,0.61132,1882.29,16.9095,12.82659
4,9,9,Beam 3 (metal only),thp+N629+E22,13.185629,0.405082,0.6044,2084.36,14.36084,9.80614
4,9,9,Beam 3 (metal only),thp-x+N187+E32,32.132252,0.715442,0.31616,2801.61,11.03391,5.55121
4,9,9,Beam 3 (metal only),thp-x+N118+E82,23.718227,0.798733,0.41278,2462.8,13.95359,7.43187
4,9,9,Beam 4 (random baseline),vme+N290+E45,17.117751,0.864712,0.486,2311.86,10.54326,8.58452
4,9,9,Beam 4 (random baseline),reo-e+N506+E22,5.837705,0.193369,0.81632,1047.4,39.44152,18.52058
4,9,9,Beam 4 (random baseline),who+N240+E173,12.226755,1.18461,0.0,0.0,5.82754,2.38068
4,9,9,Beam 4 (random baseline),nfb+N513+E86,9.112826,0.217397,0.74594,1209.9,44.14245,16.68461
4,9,9,Beam 4 (random baseline),sxa+N6+E85,3.071181,1.48845,0.0,0.0,2.6233,1.6035
4,9,9,Beam 4 (random baseline),wmn+N354+E108,24.328434,1.44007,0.1324,1829.73,10.18793,4.69928
4,9,9,Beam 4 (random baseline),tsi+N249+E228,26.308688,1.17201,0.18744,2302.93,6.96924,4.14052
4,9,9,Beam 4 (random baseline),umj+N346+E31,4.655168,0.20908,0.83998,912.403,25.11226,21.97158
4,9,9,Beam 4 (random baseline),unb+N301+E38,5.131315,0.196137,0.76518,1262.6,26.87258,24.72427
4,9,9,Beam 4 (random baseline),uoa+N618+E97,4.65851,0.0871438,0.89908,554.642,48.8701,47.38306
4,10,10,Beam 1 (full hypothesis),hxg+N354+E61,30.43772,0.872092,0.31702,2640.79,9.09263,6.08365
4,10,10,Beam 1 (full hypothesis),xii+N297+E35,31.632538,0.94707,0.27722,2486.52,9.10316,5.28122
4,10,10,Beam 1 (full hypothesis),fcu+N118+E234,31.575261,0.842285,0.31456,2563.74,10.38443,5.6258
4,10,10,Beam 1 (full hypothesis),ilc+N326+E107,30.621423,0.825652,0.27424,2635.73,8.19938,4.95409
4,10,10,Beam 1 (full hypothesis),ukl+N164+E234,34.309718,0.803227,0.30226,2796.52,10.24678,5.30624
4,10,10,Beam 1 (full hypothesis),fcu+N177+E107,30.332606,0.8677,0.30744,2550.3,9.87179,5.48696
4,10,10,Beam 1 (full hypothesis),cap+N366+E234,30.436634,0.909345,0.2455,2668.08,7.31921,5.90436
4,10,10,Beam 1 (full hypothesis),hcp+N712+E234,30.43143,0.81361,0.3383,2552.68,9.39433,5.99618
4,10,10,Beam 1 (full hypothesis),cap+N645+E234,30.293723,0.964188,0.2178,2370.08,8.3262,6.19708
4,10,10,Beam 1 (full hypothesis),fcu+N452+E61,30.792564,0.797059,0.31156,2727.99,9.77525,4.95607
4,10,10,Beam 2 (chemistry),ull+N76+E47,6.520388,0.11972,0.8629,755.139,47.38028,25.22975
4,10,10,Beam 2 (chemistry),uog+N109+E40,8.320598,0.181517,0.81526,993.991,25.73144,21.45761
4,10,10,Beam 2 (chemistry),ecg+N629+E40,20.746325,0.408491,0.58204,1928.95,25.84966,24.27894
4,10,10,Beam 2 (chemistry),vmt+N191+E234,19.660388,0.451077,0.59822,1953.6,17.18723,12.32707
4,10,10,Beam 2 (chemistry),rgd+N323+E40,30.659546,0.701102,0.39726,2469.77,16.36126,5.64295
4,10,10,Beam 2 (chemistry),hcp+N118+E40,31.289493,0.692932,0.38218,2563.59,12.23806,5.86807
4,10,10,Beam 2 (chemistry),hcp+N187+E234,31.151197,0.846761,0.30542,2608.17,9.65999,5.01187
4,10,10,Beam 2 (chemistry),sow+N207+E234,13.643651,0.297767,0.71498,1438.61,18.38627,14.77029
4,10,10,Beam 2 (chemistry),snz+N354+E107,20.900192,0.553656,0.5573,2061.82,18.95519,16.90361
4,10,10,Beam 2 (chemistry),ecp+N629+E61,19.873569,0.46037,0.53364,2051.36,21.45273,16.91456
4,10,10,Beam 3 (metal only),whp+N392+E136,8.531582,0.21595,0.77924,1192.99,28.12858,24.64638
4,10,10,Beam 3 (metal only),yyz+N164+E34,5.620269,0.118767,0.87954,647.101,35.04715,33.87547
4,10,10,Beam 3 (metal only),xii+N297+E218,29.560696,0.981721,0.24132,2370.22,10.62621,5.07527
4,10,10,Beam 3 (metal only),wfi+N121+E32,22.914222,0.472635,0.52488,2194.01,14.06293,9.0098
4,10,10,Beam 3 (metal only),ecm+N629+E209,16.986336,0.391231,0.59794,1889.35,16.30382,13.85407
4,10,10,Beam 3 (metal only),fcu+N118+E97,26.107374,0.579597,0.44746,2438.17,12.3,7.34991
4,10,10,Beam 3 (metal only),rgd+N187+E20,23.355778,0.532985,0.4888,2270.71,17.87886,7.79943
4,10,10,Beam 3 (metal only),wil+N690+E176,16.206824,0.44681,0.58626,1976.51,20.26176,15.61353
4,10,10,Beam 3 (metal only),gsi+N164+E97,7.575732,0.164733,0.82306,1016.26,22.93223,20.70583
4,10,10,Beam 3 (metal only),rgd+N323+E209,25.983437,0.618488,0.45178,2353.92,16.59094,6.88233
4,10,10,Beam 4 (random baseline),ukb+N376+E215,6.519833,0.185018,0.82592,907.718,27.25512,22.93252
4,10,10,Beam 4 (random baseline),crs+N341+E204,24.218559,0.920052,0.35848,2536.04,10.65392,5.8356
4,10,10,Beam 4 (random baseline),tes+N249+E216,21.605697,0.882925,0.28118,1885.75,12.26728,9.28484
4,10,10,Beam 4 (random baseline),smi+N480+E49,21.513433,0.523477,0.4745,2079.63,12.95383,9.98143
4,10,10,Beam 4 (random baseline),mdf+N461+E131,25.966684,1.24064,0.16348,2161.34,7.55485,6.62818
4,10,10,Beam 4 (random baseline),uog+N503+E156,6.932828,0.147614,0.8208,918.534,28.01289,24.03291
4,10,10,Beam 4 (random baseline),wki+N116+E85,21.065293,0.754214,0.48044,1990.1,13.65981,10.40836
4,10,10,Beam 4 (random baseline),qtz+N688+E101,8.609391,0.195346,0.7551,1261.06,16.30607,15.35536
4,10,10,Beam 4 (random baseline),wkj+N14+E10,5.457795,0.179889,0.85302,723.229,52.63187,50.40085
4,10,10,Beam 4 (random baseline),win+N295+E20,10.853507,0.223232,0.75162,1299.08,31.0776,26.96513
5,1,2,Beam 1 (full hypothesis),kag+N14+E48,15.908285,0.874243,0.43582,2065.01,14.38746,13.03946
5,1,2,Beam 1 (full hypothesis),wmb+N14+E186,11.347802,0.756945,0.5443,1737.99,16.77619,14.72672
5,1,2,Beam 1 (full hypothesis),wmk+N15+E228,9.762134,0.790847,0.5479,1604.0,19.3635,17.06867
5,1,2,Beam 1 (full hypothesis),qtz-x+N15+E48,18.383347,1.56651,0.10012,1949.63,6.23289,3.80811
5,1,2,Beam 1 (full hypothesis),sxb+N15+E186,21.486314,1.18537,0.29056,2587.9,7.50797,5.84084
5,1,2,Beam 1 (full hypothesis),wkp+N15+E186,15.29093,0.926062,0.44616,2111.37,12.72136,10.98408
5,1,2,Beam 1 (full hypothesis),wmz+N14+E186,20.331002,1.30295,0.28332,2172.98,9.70269,7.57666
5,1,2,Beam 1 (full hypothesis),vmi+N14+E228,10.833145,0.856613,0.50478,1775.87,15.77342,13.25733
5,1,2,Beam 1 (full hypothesis),smd+N15+E186,13.578217,0.768706,0.52762,1943.91,21.90747,18.15843
5,1,2,Beam 1 (full hypothesis),whv+N14+E48,19.379903,1.03124,0.34244,2348.69,10.14672,6.90706
5,1,2,Beam 2 (chemistry),wmf+N14+E228,10.770729,0.818853,0.52114,1780.89,17.80963,9.63329
5,1,2,Beam 2 (chemistry),wiv+N14+E186,15.198519,0.884784,0.45702,2187.34,11.39785,8.40387
5,1,2,Beam 2 (chemistry),snh+N14+E186,13.688408,0.945382,0.46332,1829.56,19.98853,9.40619
5,1,2,Beam 2 (chemistry),who+N15+E228,14.513352,1.11736,0.37068,2024.28,12.50503,9.47456
5,1,2,Beam 2 (chemistry),wkf+N14+E186,12.14746,0.779439,0.53242,1816.89,14.92056,13.01989
5,1,2,Beam 2 (chemistry),snf+N15+E186,9.902348,0.797966,0.54986,1449.51,17.3094,13.84333
5,1,2,Beam 2 (chemistry),cap+N14+E228,6.685486,2.28437,0.0,0.0,3.90858,1.94033
5,1,2,Beam 2 (chemistry),whc+N14+E48,14.747292,0.835257,0.46724,1916.11,17.76312,14.0116
5,1,2,Beam 2 (chemistry),vcz+N14+E228,19.210862,1.25492,0.28236,2539.71,7.66576,4.87024
5,1,2,Beam 2 (chemistry),wmo+N15+E186,12.812029,0.877742,0.48452,1838.85,20.1722,17.75292
5,1,2,Beam 3 (metal only),vmg+N14+E165,23.328479,1.14796,0.26158,2372.17,8.65654,5.53328
5,1,2,Beam 3 (metal only),whl+N14+E8,8.958317,0.493682,0.67772,1389.58,28.03779,27.64405
5,1,2,Beam 3 (metal only),vmj+N14+E119,10.094359,0.670069,0.5628,1827.63,14.98074,13.59083
5,1,2,Beam 3 (metal only),pcu+N14+E68,14.305335,0.613648,0.5691,1982.03,12.21706,8.71243
5,1,2,Beam 3 (metal only),vbm+N14+E185,18.042393,1.30073,0.39144,2130.75,11.95256,7.54528
5,1,2,Beam 3 (metal only),vby+N15+E63,20.959525,1.11807,0.32634,2411.63,9.1674,6.56311
5,1,2,Beam 3 (metal only),wib+N15+E222,7.359508,0.477168,0.70282,1022.37,28.6824,23.67682
5,1,2,Beam 3 (metal only),wgz+N15+E4,8.26992,0.341452,0.73826,1328.3,27.87403,14.9838
5,1,2,Beam 3 (metal only),bcs+N14+E38,10.702729,0.724012,0.54028,2180.6,11.7881,8.19837
5,1,2,Beam 3 (metal only),whb+N15+E92,22.480117,1.25634,0.2565,2469.08,8.96557,5.00511
5,1,2,Beam 4 (random baseline),wkq+N467+E66,15.644918,0.697772,0.51626,2258.5,13.70429,12.4874
5,1,2,Beam 4 (random baseline),wij+N339+E102,17.241966,2.07659,0.253,1659.29,12.95746,11.16571
5,1,2,Beam 4 (random baseline),why+N568+E184,29.67603,1.01103,0.25444,2373.65,8.98275,5.40644
5,1,2,Beam 4 (random baseline),npo+N371+E61,5.726095,0.146134,0.8517,815.944,35.12047,32.32495
5,1,2,Beam 4 (random baseline),sxe+N590+E81,18.439446,0.475953,0.57164,2041.22,17.12737,8.47568
5,1,2,Beam 4 (random baseline),sma+N116+E50,19.869227,1.02281,0.38234,2454.24,10.46811,9.48767
5,1,2,Beam 4 (random baseline),wgz+N179+E7,5.585577,0.214963,0.80594,1047.36,33.31574,18.16712
5,2,3,Beam 1 (full hypothesis),vbl+N15+E138,19.288464,1.1443,0.31236,2389.16,9.48896,7.11349
5,2,3,Beam 1 (full hypothesis),smb+N15+E142,22.587458,1.08421,0.29898,2646.39,10.93105,6.75734
5,2,3,Beam 1 (full hypothesis),vbs+N14+E89,21.645877,1.10683,0.28162,1929.17,10.67253,6.45131
5,2,3,Beam 1 (full hypothesis),pcu+N14+E166,23.224992,1.09245,0.32308,2744.02,8.23154,4.9289
5,2,3,Beam 1 (full hypothesis),sme+N14+E63,22.635375,1.34016,0.21088,2537.99,7.68104,5.03978
5,2,3,Beam 1 (full hypothesis),bsn+N14+E138,20.563985,1.06494,0.32876,2564.54,9.79631,7.24665
5,2,3,Beam 1 (full hypothesis),wia+N15+E204,21.090442,1.5577,0.17118,2267.73,7.22742,3.91787
5,2,3,Beam 1 (full hypothesis),wha+N14+E166,20.377337,1.129,0.31778,2590.17,10.59821,6.11003
5,2,3,Beam 1 (full hypothesis),acs+N14+E25,26.028903,1.17085,0.23948,2525.67,7.89153,4.51224
5,2,3,Beam 2 (chemistry),wkj+N15+E96,7.015866,0.364195,0.74488,1062.13,37.11911,34.96829
5,2,3,Beam 2 (chemistry),wks+N14+E179,10.514889,0.429466,0.68322,1420.26,28.72744,24.03625
5,2,3,Beam 2 (chemistry),sxi+N15+E225,6.095885,0.240609,0.80952,929.918,34.92587,28.18911
5,2,3,Beam 2 (chemistry),wgy+N14+E32,9.113962,0.299721,0.75284,1163.73,41.08802,38.34313
5,2,3,Beam 2 (chemistry),whd+N14+E85,14.027667,0.658754,0.56166,1648.01,25.97941,17.74078
5,2,3,Beam 2 (chemistry),vbu+N15+E3,9.208086,0.395757,0.7158,1266.77,22.62264,18.09011
5,2,3,Beam 2 (chemistry),whu+N14+E68,8.524479,0.356897,0.75166,1159.46,34.20406,32.84362
5,2,3,Beam 2 (chemistry),qtz-x+N14+E39,7.228489,0.295678,0.75352,1272.76,17.7476,13.73661
5,2,3,Beam 3 (metal only),snm+N14+E68,8.971395,0.379186,0.7359,1217.42,30.1705,29.12888
5,2,3,Beam 3 (metal only),sxc+N15+E182,21.337031,1.32563,0.25688,2843.39,7.42713,5.05963
5,2,3,Beam 3 (metal only),who+N14+E84,22.333694,1.02331,0.34088,2118.31,11.03289,7.25837
5,2,3,Beam 3 (metal only),cap+N14+E201,18.231993,1.63384,0.08002,1855.87,5.32714,3.75527
5,2,3,Beam 3 (metal only),rob+N14+E142,18.249561,0.841099,0.42374,2492.9,11.01623,6.03393
5,2,3,Beam 3 (metal only),bcs+N14+E201,17.506574,0.830798,0.44328,2449.51,10.15454,7.0327
5,2,3,Beam 3 (metal only),wmh+N15+E2,6.288004,0.2459,0.79924,971.171,33.93584,24.33938
5,2,3,Beam 3 (metal only),smh+N15+E73,9.094239,0.646007,0.62818,1148.24,34.39081,33.16479
5,2,3,Beam 4 (random baseline),sxk+N92+E104,19.964655,0.527797,0.6054,1936.33,17.55805,11.6139
5,2,3,Beam 4 (random baseline),fce+N671+E38,7.747996,0.348273,0.72358,1480.55,29.95354,16.55411
5,2,3,Beam 4 (random baseline),vbr+N494+E18,25.790244,0.740149,0.3125,2032.03,9.90979,7.60304
5,2,3,Beam 4 (random baseline),ula+N539+E166,13.514231,0.511198,0.56264,2266.25,15.87252,7.33125
5,2,3,Beam 4 (random baseline),wne+N494+E112,21.274735,0.409705,0.5242,2059.61,18.35774,14.55941
5,2,3,Beam 4 (random baseline),tes+N653+E28,9.815041,0.35041,0.73638,1296.81,30.87131,25.57064
5,2,3,Beam 4 (random baseline),wmj+N657+E218,13.041853,0.295637,0.6786,1612.34,23.13428,19.00797
5,2,3,Beam 4 (random baseline),wmu+N590+E20,11.129155,0.267418,0.72412,1479.16,28.07529,24.84919
5,2,3,Beam 4 (random baseline),vda+N220+E98,15.334784,0.409925,0.63012,1818.75,15.98678,12.46581
5,2,3,Beam 4 (random baseline),skd+N334+E16,28.388353,0.920162,0.23734,2655.69,7.12916,5.52525
5,3,4,Beam 1 (full hypothesis),soj+N14+E63,18.508557,1.0966,0.34436,2402.28,9.83648,7.35588
5,3,4,Beam 1 (full hypothesis),wis+N15+E63,18.89913,1.15963,0.3165,2334.29,11.03889,6.28459
5,3,4,Beam 1 (full hypothesis),vbx+N14+E226,19.052985,1.2137,0.2832,2049.32,10.90121,6.25012
5,3,4,Beam 1 (full hypothesis),sxg+N14+E226,20.332485,1.31104,0.22898,2079.16,11.29747,5.73375
5,3,4,Beam 1 (full hypothesis),osc+N14+E226,19.76533,1.24737,0.29488,1942.92,10.69416,7.38655
5,3,4,Beam 1 (full hypothesis),rob+N14+E166,23.240412,1.08496,0.32712,2734.33,9.04451,5.09784
5,3,4,Beam 1 (full hypothesis),snw+N15+E63,19.790182,1.14447,0.32656,2441.01,9.35255,6.51727
5,3,4,Beam 1 (full hypothesis),vmk+N15+E81,26.474181,1.19319,0.22976,2634.82,8.0324,4.30391
5,3,4,Beam 1 (full hypothesis),sme+N15+E63,22.873008,1.18573,0.30324,2575.49,9.52804,5.29405
5,3,4,Beam 2 (chemistry),sxb+N15+E81,21.887304,0.86951,0.41478,2354.34,9.72295,7.9785
5,3,4,Beam 2 (chemistry),sod-e+N14+E40,7.689845,0.265885,0.80276,904.275,47.98108,23.17828
5,3,4,Beam 2 (chemistry),whf+N14+E81,11.828351,0.552761,0.62928,1537.12,27.79258,18.03664
5,3,4,Beam 2 (chemistry),whh+N15+E35,10.615155,0.482131,0.65186,1569.88,25.45397,16.29798
5,3,4,Beam 2 (chemistry),wgy+N14+E234,9.500893,0.384443,0.72432,1233.97,35.90961,33.65113
5,3,4,Beam 2 (chemistry),wit+N15+E32,12.324164,0.452484,0.64256,1582.53,21.50978,13.45033
5,3,4,Beam 2 (chemistry),pcu+N15+E166,23.788741,1.16169,0.2873,2835.99,7.52722,4.17164
5,3,4,Beam 2 (chemistry),wmu+N15+E61,9.294537,0.385515,0.7092,1353.35,26.35357,23.54513
5,3,4,Beam 2 (chemistry),wmn+N15+E32,13.604134,0.456307,0.63494,1614.37,34.07326,30.55669
5,3,4,Beam 2 (chemistry),smn+N14+E32,12.645275,0.416007,0.65302,1753.1,22.62328,21.11909
5,3,4,Beam 3 (metal only),pcu+N15+E102,16.0716,2.44088,0.0705,1779.22,4.54155,2.82199
5,3,4,Beam 3 (metal only),wir+N14+E217,17.977586,0.859179,0.3965,2183.05,14.52673,7.32885
5,3,4,Beam 3 (metal only),vbp+N15+E123,11.109004,0.589552,0.60754,1678.37,15.17501,13.30277
5,3,4,Beam 3 (metal only),cap+N14+E10,14.334902,0.505471,0.5831,2095.22,13.57061,11.29241
5,3,4,Beam 3 (metal only),sxk+N14+E184,16.83522,0.977486,0.39512,1936.87,14.85382,9.16508
5,3,4,Beam 3 (metal only),wme+N14+E27,11.3476,0.924751,0.47828,2185.45,15.85431,6.99723
5,3,4,Beam 3 (metal only),whf+N15+E22,5.174103,0.289076,0.7938,1060.86,36.43349,28.19817
5,3,4,Beam 3 (metal only),skd+N15+E31,13.21428,0.763254,0.48776,2351.07,10.02045,9.11031
5,3,4,Beam 3 (metal only),sxj+N15+E195,12.705339,0.666156,0.56292,1770.43,16.82843,12.68827
5,3,4,Beam 4 (random baseline),skd+N274+E224,19.691529,0.364896,0.56954,2098.08,14.62713,11.42763
5,3,4,Beam 4 (random baseline),smb+N643+E224,21.398835,0.56565,0.46136,2331.69,13.8773,8.23097
5,3,4,Beam 4 (random baseline),wkq+N505+E63,19.691127,0.955798,0.44136,1940.99,14.5864,11.20543
5,3,4,Beam 4 (random baseline),som+N638+E201,12.592518,0.425217,0.62484,1883.02,15.785,11.33293
5,3,4,Beam 4 (random baseline),vbt+N125+E206,19.213043,1.1084,0.33612,1879.13,12.46109,10.74384
5,3,4,Beam 4 (random baseline),umn+N385+E137,11.38824,0.292144,0.70706,1337.66,30.95598,28.71647
5,3,4,Beam 4 (random baseline),wmb+N541+E19,13.98475,0.669016,0.48866,2251.94,13.23618,11.12561
5,3,4,Beam 4 (random baseline),vbl+N406+E66,20.677232,0.716336,0.4041,2433.05,12.97453,6.55845
5,3,4,Beam 4 (random baseline),uoa+N68+E30,8.705637,0.206469,0.7643,1284.88,23.59588,21.11388
5,3,4,Beam 4 (random baseline),acs-a+N437+E194,2.909025,0.0553337,0.93778,360.512,84.02461,81.06162
5,4,5,Beam 1 (full hypothesis),sme+N14+E63,22.705756,1.34016,0.21088,2537.99,7.68104,5.03978
5,4,5,Beam 1 (full hypothesis),vmg+N15+E63,19.397557,1.17385,0.30868,2405.28,8.62202,5.86366
5,4,5,Beam 1 (full hypothesis),hxg+N14+E85,24.194216,1.2354,0.22142,2482.18,8.01342,4.72746
5,4,5,Beam 1 (full hypothesis),sxb+N14+E84,27.317723,1.1233,0.25838,2406.76,7.75318,5.08993
5,4,5,Beam 1 (full hypothesis),sme+N14+E85,26.097268,1.12771,0.26926,2576.47,8.93691,6.20989
5,4,5,Beam 1 (full hypothesis),sxc+N15+E25,25.767499,1.13547,0.27124,2547.4,9.72365,5.36774
5,4,5,Beam 1 (full hypothesis),ske+N15+E63,21.360517,1.12604,0.3198,2488.41,9.60729,6.78769
5,4,5,Beam 1 (full hypothesis),why+N14+E226,23.149247,1.21872,0.25914,2319.22,9.10268,5.91468
5,4,5,Beam 1 (full hypothesis),wia+N15+E25,24.014068,1.24661,0.22692,2333.56,8.20289,5.34941
5,4,5,Beam 1 (full hypothesis),sxd+N14+E63,21.476204,1.11843,0.3235,2594.34,9.12892,5.68662
5,4,5,Beam 2 (chemistry),wmd+N15+E40,12.241077,0.462771,0.65896,1512.35,23.58657,20.55566
5,4,5,Beam 2 (chemistry),son+N14+E166,16.016279,0.854476,0.46844,2241.41,10.35602,9.16822
5,4,5,Beam 2 (chemistry),flu-e+N14+E234,9.229559,0.381918,0.72392,1238.9,36.71585,12.73976
5,4,5,Beam 2 (chemistry),wkp+N14+E47,9.302945,0.316645,0.74586,1204.54,28.98363,26.98516
5,4,5,Beam 2 (chemistry),whf+N14+E61,8.889192,0.365426,0.72216,1259.01,35.25681,25.431
5,4,5,Beam 2 (chemistry),sms+N15+E25,19.488931,1.34267,0.21528,1961.2,12.71458,4.64175
5,4,5,Beam 2 (chemistry),vcz+N14+E63,23.277981,1.27046,0.25144,2677.72,7.66126,4.85772
5,4,5,Beam 2 (chemistry),wid+N15+E40,25.893821,0.939876,0.33002,2682.15,10.63491,5.17175
5,4,5,Beam 2 (chemistry),flu-e+N15+E61,7.724336,0.307943,0.758,1134.38,40.31835,15.78832
5,4,5,Beam 3 (metal only),wmv+N14+E39,4.737718,0.173798,0.8556,752.743,37.54507,33.46197
5,4,5,Beam 3 (metal only),bsn+N14+E43,19.504808,0.937913,0.398,2276.68,11.54042,7.92976
5,4,5,Beam 3 (metal only),sno+N14+E27,9.952389,0.848776,0.5268,1938.74,19.59661,18.19488
5,4,5,Beam 3 (metal only),whr+N15+E70,14.291606,1.04213,0.42938,1850.89,17.42756,14.91134
5,4,5,Beam 3 (metal only),wmi+N15+E151,12.499379,0.679979,0.54988,1759.54,20.4676,11.1534
5,4,5,Beam 3 (metal only),wit+N15+E228,15.142758,1.11008,0.3831,2069.05,12.6105,6.76154
5,4,5,Beam 3 (metal only),snf+N14+E186,8.7562,0.602755,0.64506,1211.34,32.94656,18.02169
5,4,5,Beam 3 (metal only),osa+N14+E24,9.526854,0.489102,0.6536,1597.08,17.82238,15.76383
5,4,5,Beam 3 (metal only),vbs+N15+E132,13.891301,0.99476,0.434,2008.16,13.76648,7.57397
5,4,5,Beam 3 (metal only),pyr-e+N14+E92,14.684709,0.992228,0.43032,1925.33,12.81895,7.86148
5,4,5,Beam 4 (random baseline),sme+N479+E199,22.744265,0.853704,0.40436,2652.22,10.25724,6.62304
5,4,5,Beam 4 (random baseline),ile+N247+E203,28.855685,0.777306,0.28896,2837.73,7.89724,5.45514
5,4,5,Beam 4 (random baseline),sni+N669+E130,15.050223,0.435656,0.59576,1804.44,20.04317,17.88452
5,4,5,Beam 4 (random baseline),sda+N273+E173,21.639105,1.16944,0.10552,2061.77,5.94162,4.52773
5,4,5,Beam 4 (random baseline),unx+N437+E141,6.27024,0.15328,0.82764,998.305,29.51025,19.7892
5,4,5,Beam 4 (random baseline),wlb+N391+E12,5.333749,0.19498,0.82152,1019.45,26.91628,25.33658
5,4,5,Beam 4 (random baseline),wkf+N180+E185,23.210214,1.65317,0.1975,2004.74,7.72399,5.05409
5,4,5,Beam 4 (random baseline),wkn+N36+E72,18.282072,0.622056,0.53114,1866.39,26.27774,25.45188
5,4,5,Beam 4 (random baseline),hbo+N385+E150,8.687869,0.210047,0.7939,1111.01,32.22776,17.37686
5,4,5,Beam 4 (random baseline),wjf+N524+E101,4.178075,0.0841393,0.89474,575.628,40.9778,39.35734
5,5,6,Beam 1 (full hypothesis),sxd+N14+E84,25.219385,1.12484,0.26286,2346.99,9.50261,4.87051
5,5,6,Beam 1 (full hypothesis),wia+N15+E25,23.970856,1.24661,0.22692,2333.56,8.20289,5.34941
5,5,6,Beam 1 (full hypothesis),rob+N14+E25,27.306163,1.11963,0.26652,2667.1,9.27101,5.27815
5,5,6,Beam 1 (full hypothesis),snl+N15+E226,25.378098,1.25693,0.21988,2386.42,8.68225,6.25801
5,5,6,Beam 1 (full hypothesis),bcs+N14+E25,25.572278,1.05783,0.30136,2546.74,9.0381,5.42059
5,5,6,Beam 1 (full hypothesis),sxb+N15+E25,24.398331,1.16523,0.26,2459.38,8.05066,6.41029
5,5,6,Beam 1 (full hypothesis),vmk+N14+E25,24.692782,1.20109,0.24472,2517.84,7.97426,4.64422
5,5,6,Beam 1 (full hypothesis),wid+N14+E11,24.972431,1.16396,0.24082,2419.54,9.28998,4.4571
5,5,6,Beam 1 (full hypothesis),snl+N14+E226,23.258562,1.32318,0.1843,2281.32,8.69114,5.71326
5,5,6,Beam 1 (full hypothesis),wha+N14+E25,23.741859,1.1297,0.28274,2468.42,10.20984,6.60231
5,5,6,Beam 2 (chemistry),osc+N15+E40,9.342693,0.359586,0.7294,1212.88,25.69489,21.38351
5,5,6,Beam 2 (chemistry),smn+N15+E84,21.823964,1.1108,0.28976,2043.24,16.83178,14.66021
5,5,6,Beam 2 (chemistry),acs+N14+E11,18.337387,0.748888,0.47674,2277.79,10.37741,8.39634
5,5,6,Beam 2 (chemistry),kag+N15+E25,18.673006,0.867125,0.42954,2109.51,14.30537,11.56578
5,5,6,Beam 2 (chemistry),wie+N14+E81,16.392718,0.739009,0.49226,2103.58,12.7678,8.62649
5,5,6,Beam 2 (chemistry),vby+N14+E40,10.276214,0.403005,0.69184,1458.15,20.49772,16.96746
5,5,6,Beam 2 (chemistry),vme+N15+E84,22.743903,1.28412,0.21242,1957.46,8.79373,5.59112
5,5,6,Beam 2 (chemistry),wmg+N14+E61,9.048421,0.361836,0.71984,1321.99,33.10966,23.48572
5,5,6,Beam 3 (metal only),vca+N14+E222,8.818544,0.444674,0.67828,1483.74,21.03088,15.8923
5,5,6,Beam 3 (metal only),wmd+N15+E228,14.386398,1.0946,0.3874,2018.17,14.35082,12.32255
5,5,6,Beam 3 (metal only),wkn+N15+E149,11.858786,0.640208,0.60988,1445.26,41.20654,40.36853
5,5,6,Beam 3 (metal only),rkf+N15+E38,9.408963,0.713776,0.57198,1782.57,15.09041,10.31027
5,5,6,Beam 3 (metal only),smv+N14+E12,5.330272,0.246925,0.8149,914.198,55.13388,52.35251
5,5,6,Beam 3 (metal only),wiu+N15+E202,19.100939,1.03456,0.38462,2443.59,10.5256,6.96501
5,5,6,Beam 3 (metal only),snx+N14+E24,13.81487,0.662571,0.5379,2079.31,20.26405,19.84663
5,5,6,Beam 3 (metal only),wkl+N14+E81,9.523893,0.410702,0.72022,1199.94,50.5944,49.62918
5,5,6,Beam 3 (metal only),why+N14+E32,9.983431,0.340518,0.71652,1411.87,21.33822,17.78343
5,5,6,Beam 3 (metal only),wiq+N14+E149,14.42147,0.816738,0.49244,1952.93,15.25816,11.5141
5,5,6,Beam 4 (random baseline),smm+N506+E110,7.772951,0.226002,0.77392,1205.38,28.79991,27.25682
5,5,6,Beam 4 (random baseline),osd+N632+E96,22.363518,0.737291,0.44216,2398.92,13.37351,8.32634
5,5,6,Beam 4 (random baseline),whn+N489+E159,29.589286,0.747886,0.25754,2449.07,9.42272,4.91724
5,5,6,Beam 4 (random baseline),wha+N591+E226,27.266814,0.974244,0.12088,2108.77,6.51521,3.6843
5,5,6,Beam 4 (random baseline),vbs+N475+E7,8.14073,0.313459,0.7167,1412.59,18.67222,14.23006
5,5,6,Beam 4 (random baseline),sra+N359+E173,15.985405,0.32391,0.60086,1955.57,13.31144,11.45473
5,5,6,Beam 4 (random baseline),wkr+N684+E80,10.853513,0.275959,0.73648,1270.17,39.48612,37.93046
5,5,6,Beam 4 (random baseline),sst+N73+E37,17.286531,0.785001,0.4888,2318.74,19.66381,7.04367
5,5,6,Beam 4 (random baseline),lcs-e+N622+E188,16.1267,0.468498,0.55612,1724.76,17.75972,13.50563
5,5,6,Beam 4 (random baseline),wki+N709+E44,8.009471,0.556117,0.62088,1812.41,16.51817,13.43263
5,6,7,Beam 1 (full hypothesis),whx+N15+E11,22.200939,1.0604,0.30802,2490.55,9.61889,6.27453
5,6,7,Beam 1 (full hypothesis),sxc+N15+E25,25.829007,1.13547,0.27124,2547.4,9.72365,5.36774
5,6,7,Beam 1 (full hypothesis),sda+N14+E25,25.262905,1.07395,0.3032,2595.63,8.60845,5.44486
5,6,7,Beam 1 (full hypothesis),vcf+N14+E84,24.371711,1.10141,0.28192,2285.88,9.75539,6.11781
5,6,7,Beam 1 (full hypothesis),sme+N14+E85,26.108953,1.12771,0.26926,2576.47,8.93691,6.20989
5,6,7,Beam 1 (full hypothesis),sme+N14+E25,26.210724,1.20347,0.2264,2614.09,8.1342,4.87019
5,6,7,Beam 1 (full hypothesis),acs+N14+E25,25.999846,1.17085,0.23948,2525.67,7.89153,4.51224
5,6,7,Beam 1 (full hypothesis),vmk+N14+E85,24.758944,1.11556,0.28532,2503.32,8.77071,5.38879
5,6,7,Beam 1 (full hypothesis),vby+N15+E84,26.650154,1.12902,0.26074,2334.71,9.14967,5.89563
5,6,7,Beam 1 (full hypothesis),sxd+N15+E25,23.556174,1.32973,0.22586,2268.42,8.24528,6.41995
5,6,7,Beam 2 (chemistry),wmh+N15+E84,17.544265,0.805871,0.465,1826.5,17.29379,11.37891
5,6,7,Beam 2 (chemistry),wmd+N14+E40,11.409872,0.425078,0.68376,1427.59,25.17415,22.98834
5,6,7,Beam 2 (chemistry),wiq+N14+E226,20.447573,1.29481,0.24048,2069.87,11.33811,6.10934
5,6,7,Beam 2 (chemistry),wmx+N14+E85,18.676376,0.992849,0.38044,2079.58,10.76455,8.33363
5,6,7,Beam 2 (chemistry),wkp+N14+E81,13.398697,0.608111,0.5785,1797.51,19.49712,17.86781
5,6,7,Beam 2 (chemistry),wme+N14+E81,12.006083,0.539385,0.6308,1562.34,23.04412,12.12964
5,6,7,Beam 2 (chemistry),wgv+N14+E85,19.905406,0.898881,0.4089,2259.99,10.95027,6.57179
5,6,7,Beam 2 (chemistry),sxj+N15+E61,10.379961,0.421323,0.68108,1440.82,23.21645,16.91715
5,6,7,Beam 2 (chemistry),vbo+N15+E11,11.232321,0.531566,0.63628,1528.75,16.7857,14.19496
5,6,7,Beam 2 (chemistry),wiv+N15+E32,11.559313,0.389636,0.67366,1654.57,19.4974,14.58049
5,6,7,Beam 3 (metal only),snv+N15+E84,14.569638,0.719346,0.53866,1514.42,32.26391,13.62909
5,6,7,Beam 3 (metal only),whr+N15+E25,16.98533,0.922353,0.42554,1825.05,16.83397,14.79922
5,6,7,Beam 3 (metal only),wiq+N14+E29,14.568682,0.802949,0.49272,1889.04,14.5433,10.85611
5,6,7,Beam 3 (metal only),vbw+N14+E49,12.434888,0.450954,0.6481,1464.04,21.718,13.34142
5,6,7,Beam 3 (metal only),vcf+N14+E82,9.434133,0.455422,0.69004,1446.16,18.74869,14.74442
5,6,7,Beam 3 (metal only),snp+N15+E184,20.236939,1.18022,0.28804,2175.85,9.62119,7.02349
5,6,7,Beam 3 (metal only),wja+N14+E21,6.17772,0.257889,0.79924,965.408,34.04921,24.98201
5,6,7,Beam 3 (metal only),sno+N14+E80,7.904485,0.331319,0.74922,1144.69,33.14471,32.43061
5,6,7,Beam 3 (metal only),wjb+N15+E203,6.576326,0.29324,0.77184,1078.47,42.20624,38.25142
5,6,7,Beam 3 (metal only),snl+N15+E49,12.257997,0.442478,0.65188,1463.93,19.47075,15.69077
5,6,7,Beam 4 (random baseline),wir+N198+E179,16.121243,0.408462,0.62406,1802.1,18.91076,12.3242
5,6,7,Beam 4 (random baseline),sod+N534+E127,6.855913,0.215166,0.8182,983.812,30.29319,17.3438
5,6,7,Beam 4 (random baseline),snm+N674+E121,5.992641,0.225869,0.81878,950.853,36.79752,36.07019
5,6,7,Beam 4 (random baseline),cag+N435+E188,6.591715,0.115245,0.8556,780.626,31.38217,22.52452
5,6,7,Beam 4 (random baseline),whk+N428+E107,5.07244,0.410821,0.78956,971.497,34.84183,20.08184
5,6,7,Beam 4 (random baseline),umz+N42+E175,8.964608,0.217613,0.76994,1161.81,25.13989,23.01398
5,6,7,Beam 4 (random baseline),afw+N312+E221,8.167758,0.197669,0.80352,934.558,34.13958,21.27895
5,6,7,Beam 4 (random baseline),unp+N113+E167,14.645669,0.465983,0.543,1681.29,16.11782,11.1211
5,6,7,Beam 4 (random baseline),sod-e+N643+E13,10.167041,0.44966,0.66014,1340.73,26.15002,13.83783
5,6,7,Beam 4 (random baseline),wmn+N77+E96,17.404031,0.648586,0.53066,2195.17,20.40093,15.48066
5,7,8,Beam 1 (full hypothesis),vmk+N14+E25,24.782494,1.20109,0.24472,2517.84,7.97426,4.64422
5,7,8,Beam 1 (full hypothesis),hxg+N14+E85,24.061155,1.2354,0.22142,2482.18,8.01342,4.72746
5,7,8,Beam 1 (full hypothesis),sxc+N15+E25,25.850388,1.13547,0.27124,2547.4,9.72365,5.36774
5,7,8,Beam 1 (full hypothesis),wmc+N14+E84,26.757462,1.12384,0.25984,2414.46,9.30685,5.24283
5,7,8,Beam 1 (full hypothesis),wia+N15+E85,23.920702,1.17612,0.25752,2360.7,8.93419,5.88734
5,7,8,Beam 1 (full hypothesis),acs+N14+E25,25.976312,1.17085,0.23948,2525.67,7.89153,4.51224
5,7,8,Beam 1 (full hypothesis),sme+N14+E25,26.266696,1.20347,0.2264,2614.09,8.1342,4.87019
5,7,8,Beam 1 (full hypothesis),sxa+N15+E81,25.381556,1.17754,0.24936,2498.2,7.88451,5.1603
5,7,8,Beam 1 (full hypothesis),vcz+N14+E25,24.772021,1.14834,0.26664,2579.36,8.24188,5.49983
5,7,8,Beam 1 (full hypothesis),vmk+N14+E85,24.805093,1.11556,0.28532,2503.32,8.77071,5.38879
5,7,8,Beam 2 (chemistry),whp+N14+E84,18.193165,0.813672,0.45936,1817.06,16.60514,13.2474
5,7,8,Beam 2 (chemistry),vbn+N14+E85,19.099464,0.862131,0.43972,2107.36,13.01506,8.47988
5,7,8,Beam 2 (chemistry),acs+N14+E11,18.4213,0.748888,0.47674,2277.79,10.37741,8.39634
5,7,8,Beam 2 (chemistry),wko+N14+E47,8.787322,0.296776,0.76286,1098.43,27.51381,25.63296
5,7,8,Beam 2 (chemistry),kag+N14+E11,11.663967,0.500447,0.64538,1554.03,22.23659,19.94683
5,7,8,Beam 2 (chemistry),sda+N15+E84,12.277447,1.82897,0.0,0.0,5.00333,2.05021
5,7,8,Beam 2 (chemistry),vbt+N14+E84,18.859419,0.835819,0.44406,1898.56,14.82107,11.84545
5,7,8,Beam 2 (chemistry),vmi+N15+E11,12.925761,0.623197,0.57486,1697.13,18.78459,13.67758
5,7,8,Beam 2 (chemistry),lcy+N15+E85,19.629828,0.87097,0.4259,2192.61,11.73877,8.17842
5,7,8,Beam 3 (metal only),wna+N15+E7,5.674669,0.32226,0.76864,1193.5,28.19225,17.59367
5,7,8,Beam 3 (metal only),vcf+N15+E33,8.409962,0.383078,0.71238,1433.81,19.7706,16.76409
5,7,8,Beam 3 (metal only),wmc+N14+E181,13.833651,0.70274,0.51738,2136.29,11.78379,8.50694
5,7,8,Beam 3 (metal only),reo-e+N15+E204,15.434852,0.931834,0.45806,2052.92,21.35309,8.86836
5,7,8,Beam 3 (metal only),whz+N14+E8,9.144671,0.499376,0.67004,1460.07,22.74268,15.43017
5,7,8,Beam 3 (metal only),whm+N15+E3,8.411469,0.356884,0.74072,1165.78,30.9387,29.30277
5,7,8,Beam 3 (metal only),smw+N15+E201,18.08407,1.02001,0.36448,2181.91,18.4739,17.22357
5,7,8,Beam 3 (metal only),lcy-e+N14+E13,11.906254,0.741665,0.54514,1885.82,16.11112,13.15415
5,7,8,Beam 3 (metal only),wmj+N15+E14,11.319178,0.672123,0.56958,1731.38,18.74566,16.27222
5,7,8,Beam 4 (random baseline),wfl+N69+E233,16.475917,0.622656,0.48936,2183.44,14.58774,8.36913
5,7,8,Beam 4 (random baseline),vbv+N428+E7,3.119618,0.287022,0.84834,738.245,40.98212,25.57636
5,7,8,Beam 4 (random baseline),ecr+N653+E87,15.622323,0.535066,0.57348,1929.78,18.52961,15.99394
5,7,8,Beam 4 (random baseline),eck+N664+E163,14.776537,0.321139,0.69514,1404.4,37.31402,34.38247
5,7,8,Beam 4 (random baseline),vmf+N559+E205,25.38688,0.636314,0.31126,2210.46,9.7401,7.94573
5,7,8,Beam 4 (random baseline),wfd+N530+E160,25.866917,0.893074,0.3876,2342.71,12.31114,8.83377
5,7,8,Beam 4 (random baseline),wna+N569+E45,20.006451,0.572535,0.51024,2307.13,17.96384,6.57055
5,7,8,Beam 4 (random baseline),wkf+N709+E65,9.107958,0.327458,0.68384,1642.37,20.73921,18.13254
5,7,8,Beam 4 (random baseline),wiq+N339+E217,25.079065,0.997189,0.25994,2356.01,10.62061,5.33078
5,7,8,Beam 4 (random baseline),qtz-x+N425+E89,2.105852,1.84973,0.0,0.0,3.19274,1.08386
5,8,9,Beam 1 (full hypothesis),sxj+N690+E226,24.52189,1.06324,0.22644,2074.44,9.58305,5.09783
5,8,9,Beam 1 (full hypothesis),wit+N453+E13,26.294644,1.07817,0.29254,2603.94,9.12498,6.1265
5,8,9,Beam 1 (full hypothesis),vca+N341+E95,24.148738,0.95891,0.29414,2219.39,10.81258,6.8124
5,8,9,Beam 1 (full hypothesis),vbo+N630+E226,28.177893,1.03824,0.25616,2322.84,9.44757,4.58964
5,8,9,Beam 1 (full hypothesis),qtz-e+N666+E84,29.143206,0.978137,0.26292,2270.82,9.64567,5.57998
5,8,9,Beam 1 (full hypothesis),sda+N15+E11,25.908677,1.07588,0.26996,2677.26,8.00782,5.43855
5,8,9,Beam 1 (full hypothesis),pcu+N554+E95,31.417846,0.961214,0.25436,2940.75,7.42743,4.23653
5,8,9,Beam 1 (full hypothesis),wki+N453+E95,25.345772,1.1016,0.27278,2302.87,9.62205,5.2381
5,8,9,Beam 1 (full hypothesis),wid+N666+E95,28.082952,1.2328,0.20962,2346.99,8.50136,5.76268
5,8,9,Beam 1 (full hypothesis),wib+N453+E13,26.305143,1.01225,0.32014,2663.27,10.15522,6.0588
5,8,9,Beam 2 (chemistry),snw+N595+E40,18.118484,0.367507,0.611,1936.55,15.61244,13.5696
5,8,9,Beam 2 (chemistry),whc+N269+E95,14.143622,0.462044,0.60752,1688.42,21.57117,18.93342
5,8,9,Beam 2 (chemistry),smn+N666+E3,14.674747,0.390768,0.64926,1777.42,17.70395,15.46114
5,8,9,Beam 2 (chemistry),wkl+N15+E53,8.14059,0.358623,0.7664,1062.43,56.80105,56.53784
5,8,9,Beam 2 (chemistry),wit+N630+E95,22.863712,0.881164,0.38576,2360.52,12.74491,7.11325
5,8,9,Beam 2 (chemistry),wjd+N453+E25,26.94105,0.825289,0.37832,2207.3,13.76373,7.19282
5,8,9,Beam 2 (chemistry),vbm+N476+E61,4.135194,0.401422,0.81134,888.898,28.95823,22.24833
5,8,9,Beam 2 (chemistry),vmj+N213+E81,18.744608,0.375091,0.59706,1803.79,17.89202,14.35595
5,8,9,Beam 3 (metal only),wkr+N529+E206,14.777499,0.906857,0.45386,1576.11,23.41842,19.6864
5,8,9,Beam 3 (metal only),wiv+N167+E185,26.582639,1.58554,0.2345,2571.51,8.42662,4.87463
5,8,9,Beam 3 (metal only),wmd+N283+E96,17.478527,0.53317,0.51006,1991.33,17.2155,12.91601
5,8,9,Beam 3 (metal only),sod-e+N384+E147,14.717342,0.403242,0.62906,1577.63,28.44191,11.46986
5,8,9,Beam 3 (metal only),sxo+N453+E120,14.023072,0.587317,0.575,1626.95,20.5508,14.7105
5,8,9,Beam 3 (metal only),wmu+N666+E70,26.284528,1.01111,0.33098,2542.45,13.13819,9.87802
5,8,9,Beam 3 (metal only),wmh+N476+E181,4.055933,0.504497,0.78404,929.787,33.64983,25.97123
5,8,9,Beam 3 (metal only),whs+N630+E63,16.913106,0.634904,0.52846,2058.33,19.88724,17.60602
5,8,9,Beam 3 (metal only),sxo+N14+E166,8.7905,0.662257,0.61286,1316.63,24.39905,21.26638
5,8,9,Beam 3 (metal only),sxb+N86+E41,8.998427,0.371042,0.65872,1875.12,13.37472,9.91672
5,8,9,Beam 4 (random baseline),whl+N646+E148,11.816854,0.362485,0.66506,1663.97,27.58126,26.10712
5,8,9,Beam 4 (random baseline),usf+N627+E189,19.938111,0.539175,0.534,2453.53,10.25385,8.25401
5,8,9,Beam 4 (random baseline),wfg+N647+E130,22.391084,0.714262,0.42534,2335.99,13.74921,9.77598
5,8,9,Beam 4 (random baseline),wkq+N680+E21,8.998244,0.201799,0.77756,1194.39,27.25214,25.42555
5,8,9,Beam 4 (random baseline),vda+N457+E222,9.982328,0.259561,0.7542,1330.14,20.24617,16.76386
5,8,9,Beam 4 (random baseline),smm+N205+E43,18.710628,0.537471,0.52236,2002.73,18.95174,17.67681
5,8,9,Beam 4 (random baseline),snk+N356+E40,14.883588,0.30405,0.66062,1744.79,16.40733,12.56477
5,8,9,Beam 4 (random baseline),wmd+N102+E104,13.046719,0.345867,0.64526,1655.19,20.81537,17.58577
5,8,9,Beam 4 (random baseline),vca+N198+E159,20.575044,0.680369,0.41656,2079.54,12.91549,8.84135
5,8,9,Beam 4 (random baseline),uke+N76+E2,5.391216,0.105715,0.87,739.73,35.8817,18.18078
5,9,10,Beam 1 (full hypothesis),vmg+N59+E95,29.169748,1.14001,0.25524,2468.59,8.57362,4.58398
5,9,10,Beam 1 (full hypothesis),who+N568+E85,29.288074,1.00314,0.25418,2445.76,9.26352,4.77965
5,9,10,Beam 1 (full hypothesis),wiv+N453+E25,31.83868,0.958918,0.26476,2603.36,8.96739,5.85684
5,9,10,Beam 1 (full hypothesis),wmz+N694+E202,30.535602,0.964872,0.23688,2564.21,8.63834,4.43832
5,9,10,Beam 1 (full hypothesis),vbw+N630+E226,26.749562,1.0719,0.23718,2255.61,9.41616,4.95706
5,9,10,Beam 1 (full hypothesis),vcc+N309+E95,31.464811,1.05508,0.23278,2718.69,9.2961,4.78329
5,9,10,Beam 1 (full hypothesis),smg+N568+E13,25.549845,0.954735,0.30342,2816.72,8.18224,5.24512
5,9,10,Beam 1 (full hypothesis),ske+N148+E95,31.214717,0.913917,0.22954,2694.79,8.11191,5.57848
5,9,10,Beam 1 (full hypothesis),bcs+N666+E160,32.253717,0.901001,0.30038,2795.66,9.3108,5.44771
5,9,10,Beam 2 (chemistry),snr+N480+E84,19.92305,0.828867,0.35626,1730.2,14.72273,10.34543
5,9,10,Beam 2 (chemistry),kag+N702+E68,12.6412,0.265745,0.72456,1450.37,25.68441,24.3793
5,9,10,Beam 2 (chemistry),smq+N422+E95,22.302115,0.782374,0.40744,2342.11,13.58707,10.7201
5,9,10,Beam 2 (chemistry),wkg+N116+E177,19.438539,0.591905,0.52424,2053.69,13.76235,10.01822
5,9,10,Beam 2 (chemistry),osa+N666+E160,19.841734,0.598543,0.52518,2021.1,13.91617,12.19203
5,9,10,Beam 2 (chemistry),vca+N568+E81,21.099767,0.645207,0.48552,2076.04,15.11608,8.33259
5,9,10,Beam 2 (chemistry),son+N77+E104,18.280994,0.643724,0.5634,2133.3,13.76028,11.2314
5,9,10,Beam 2 (chemistry),whf+N453+E202,21.069024,0.831515,0.4645,2058.04,17.64501,13.01177
5,9,10,Beam 2 (chemistry),wmj+N476+E104,4.07514,0.426409,0.81086,832.563,39.36874,36.14741
5,9,10,Beam 3 (metal only),wiu+N143+E12,9.643103,0.276889,0.72032,1524.45,18.28736,13.29159
5,9,10,Beam 3 (metal only),wid+N438+E204,20.688947,1.80076,0.06422,1389.91,6.22567,2.51384
5,9,10,Beam 3 (metal only),whk+N384+E22,6.838364,0.250654,0.76316,1340.59,26.57714,15.49482
5,9,10,Beam 3 (metal only),wil+N696+E1,9.892081,0.212235,0.76322,1249.45,27.04483,25.58267
5,9,10,Beam 3 (metal only),wio+N568+E165,27.583793,1.09726,0.18644,2167.05,9.06807,4.74172
5,9,10,Beam 3 (metal only),snf+N309+E40,12.97897,0.300372,0.71628,1325.42,31.08421,18.20541
5,9,10,Beam 3 (metal only),win+N666+E113,14.530596,0.404968,0.62708,1856.38,20.81337,18.37182
5,9,10,Beam 3 (metal only),lcy+N630+E37,15.188621,0.734846,0.504,2280.45,11.0901,8.4267
5,9,10,Beam 3 (metal only),wmc+N77+E195,27.837043,0.977235,0.36212,2723.73,8.43957,5.87761
5,9,10,Beam 3 (metal only),hxg+N453+E84,12.834381,1.73156,0.0,0.0,5.88407,1.51942
5,9,10,Beam 4 (random baseline),umo+N307+E151,8.123552,0.20361,0.7476,1276.47,30.09622,28.47693
5,9,10,Beam 4 (random baseline),une+N263+E175,11.203399,0.269479,0.70674,1418.74,21.95307,14.14271
5,9,10,Beam 4 (random baseline),wfj+N337+E175,26.439315,1.25705,0.23606,2347.71,9.26962,6.3622
5,9,10,Beam 4 (random baseline),wko+N144+E47,11.346557,0.283834,0.75032,1261.84,26.1857,23.64889
5,9,10,Beam 4 (random baseline),umo+N263+E2,3.979854,0.0620254,0.91936,438.581,57.87154,57.1599
5,9,10,Beam 4 (random baseline),vbj+N300+E38,6.613331,0.328122,0.7237,1514.34,19.40009,13.34736
5,9,10,Beam 4 (random baseline),wmd+N314+E101,12.973896,0.29327,0.65782,1729.45,21.34056,18.4408
5,9,10,Beam 4 (random baseline),una+N93+E160,8.240671,0.171963,0.80896,1019.97,40.70386,38.87424
5,9,10,Beam 4 (random baseline),whz+N467+E18,16.625246,0.545809,0.56368,2009.73,17.49858,12.17273
5,10,11,Beam 1 (full hypothesis),vcc+N666+E95,30.398942,1.03281,0.25464,2742.02,9.46813,4.77339
5,10,11,Beam 1 (full hypothesis),wgv+N568+E202,28.996321,1.09679,0.24482,2508.21,9.14413,4.52738
5,10,11,Beam 1 (full hypothesis),whn+N309+E13,29.109878,1.01587,0.27904,2849.13,8.34523,4.96654
5,10,11,Beam 1 (full hypothesis),sol+N612+E202,28.902111,1.04634,0.26196,2713.83,8.28194,4.63533
5,10,11,Beam 1 (full hypothesis),vcf+N666+E95,28.73712,1.11788,0.2386,2464.94,8.24891,5.26675
5,10,11,Beam 1 (full hypothesis),wiv+N568+E202,30.001734,1.0364,0.26766,2733.48,8.24252,5.85033
5,10,11,Beam 1 (full hypothesis),wiu+N77+E85,32.417332,1.13246,0.27722,2694.08,9.00913,5.28979
5,10,11,Beam 1 (full hypothesis),wiu+N548+E13,28.206951,0.936337,0.2964,2813.7,8.53666,5.03648
5,10,11,Beam 1 (full hypothesis),vcf+N568+E202,26.497739,1.02051,0.2759,2711.27,8.12561,4.93378
5,10,11,Beam 2 (chemistry),wip+N476+E95,5.631176,0.742145,0.70166,1165.83,28.98302,25.89303
5,10,11,Beam 2 (chemistry),msw+N467+E84,26.324603,1.17212,0.128,2129.25,6.44181,3.11368
5,10,11,Beam 2 (chemistry),sny+N59+E32,11.051304,0.244254,0.76558,1152.74,43.95256,42.71172
5,10,11,Beam 2 (chemistry),wml+N269+E68,9.322485,0.235041,0.78594,1051.68,49.40467,48.52728
5,10,11,Beam 2 (chemistry),vbr+N494+E32,15.993932,0.31703,0.631,1684.79,18.57286,14.39577
5,10,11,Beam 2 (chemistry),osa+N341+E104,14.459678,0.402317,0.64192,1689.49,18.12503,15.71517
5,10,11,Beam 2 (chemistry),vbw+N384+E11,17.375681,0.446716,0.58286,1903.63,17.55581,10.36047
5,10,11,Beam 2 (chemistry),vbm+N453+E11,21.526046,0.542458,0.53938,2152.6,14.09037,9.95744
5,10,11,Beam 2 (chemistry),snz+N630+E40,12.582403,0.319102,0.6995,1549.44,25.38328,20.17905
5,10,11,Beam 2 (chemistry),pyr-e+N77+E85,26.172715,1.15609,0.32136,2146.71,9.93226,6.32662
5,10,11,Beam 3 (metal only),vbt+N657+E107,11.928424,0.274015,0.71616,1423.81,22.83192,18.34049
5,10,11,Beam 3 (metal only),smg+N286+E87,11.527959,0.315994,0.69712,1502.93,25.14994,18.54727
5,10,11,Beam 3 (metal only),who+N198+E234,21.012439,0.541136,0.51254,2142.27,14.06007,9.5247
5,10,11,Beam 3 (metal only),sxe+N269+E145,8.137082,0.318359,0.73392,1293.51,26.09796,17.34796
5,10,11,Beam 3 (metal only),sda+N645+E137,29.285005,0.780594,0.26264,2642.41,8.49223,5.17993
5,10,11,Beam 3 (metal only),reo-e+N476+E225,3.371844,0.2682,0.86984,623.089,66.25193,26.52374
5,10,11,Beam 3 (metal only),qtz-x+N630+E128,28.290136,1.17533,0.15216,2731.57,5.84916,3.71919
5,10,11,Beam 3 (metal only),wha+N384+E138,24.471298,1.18579,0.12768,2091.86,7.501,3.32024
5,10,11,Beam 3 (metal only),pyr-e+N453+E11,19.179605,0.551863,0.554,1948.86,15.53494,9.53403
5,10,11,Beam 3 (metal only),whi+N666+E85,26.583313,0.772851,0.38842,2326.21,13.74526,10.00264
5,10,11,Beam 4 (random baseline),smi+N6+E20,25.438159,0.389302,0.53536,2018.47,14.70913,10.75003
5,10,11,Beam 4 (random baseline),wfa+N580+E218,10.428967,0.327414,0.70448,1637.74,19.94479,16.20149
5,10,11,Beam 4 (random baseline),wmj+N669+E121,6.158272,0.160088,0.82822,907.521,38.06087,33.1304
5,10,11,Beam 4 (random baseline),wfi+N66+E101,10.562864,0.363544,0.67216,1693.43,19.31519,12.81161
5,10,11,Beam 4 (random baseline),wkp+N147+E155,10.057069,0.498295,0.68674,1577.24,24.27752,22.30106
5,10,11,Beam 4 (random baseline),uon+N562+E128,21.53681,0.964841,0.32986,2217.14,16.18406,14.82262
5,10,11,Beam 4 (random baseline),wml+N354+E51,17.752476,1.37478,0.31316,1872.91,16.33073,15.77837
5,10,11,Beam 4 (random baseline),win+N602+E108,18.911238,0.846445,0.35608,2005.35,13.53853,10.25897
5,10,11,Beam 4 (random baseline),cds+N534+E22,7.548943,0.291387,0.7258,1635.84,13.79344,11.03612
