task,task_key,replicate,iteration,beam,n_candidates,unit_of_target,median_target,median_largest_cavity_diameter_A,median_pore_limiting_diameter_A,median_surface_area_m2_cm3,median_void_fraction,median_density_g_cm3,median_free_sphere_path_A,median_cell_volume_A3
Band gap > 4 eV,BG_above4,1,1,Beam 1 (full hypothesis),1490,eV,2.572593,4.68177,3.23065,0.0,0.0,1.3468094655,3.23065,1528.6895415
Band gap > 4 eV,BG_above4,1,1,Beam 2 (chemistry),1490,eV,2.572593,4.68177,3.23065,0.0,0.0,1.3468094655,3.23065,1528.6895415
Band gap > 4 eV,BG_above4,1,1,Beam 3 (metal only),3915,eV,2.425633,5.54453,4.03514,0.0,0.0,1.250311606,4.03514,1543.315434
Band gap > 4 eV,BG_above4,1,2,Beam 1 (full hypothesis),11,eV,3.241704,1.83645,0.85894,0.0,0.0,2.395497901,0.85894,584.6513677
Band gap > 4 eV,BG_above4,1,2,Beam 2 (chemistry),18,eV,2.8449999999999998,2.484205,0.99784,0.0,0.0,2.057513764,0.99784,1004.3895289500001
Band gap > 4 eV,BG_above4,1,2,Beam 3 (metal only),19,eV,2.805417,3.01152,0.98129,0.0,0.0,1.959247562,0.98129,1111.049899
Band gap > 4 eV,BG_above4,1,3,Beam 1 (full hypothesis),3,eV,3.533039,1.91806,0.85894,0.0,0.0,2.155779966,0.85894,716.3692282
Band gap > 4 eV,BG_above4,1,3,Beam 2 (chemistry),6,eV,3.2787965,3.202475,1.4888750000000002,0.0,0.0,1.9833244515000001,1.4888750000000002,1110.131382
Band gap > 4 eV,BG_above4,1,3,Beam 3 (metal only),115,eV,3.00327,1.91806,0.92985,0.0,0.0,2.295780187,0.92985,783.4372831
Band gap > 4 eV,BG_above4,1,4,Beam 1 (full hypothesis),1,eV,4.762881,1.4976,0.83453,0.0,0.0,2.664893414,0.83453,716.3692282
Band gap > 4 eV,BG_above4,1,4,Beam 2 (chemistry),5,eV,3.315889,1.94533,0.89815,0.0,0.0,2.149646132,0.89815,1056.902627
Band gap > 4 eV,BG_above4,1,4,Beam 3 (metal only),115,eV,3.00327,1.91806,0.92985,0.0,0.0,2.295780187,0.92985,783.4372831
Band gap > 4 eV,BG_above4,1,5,Beam 1 (full hypothesis),25,eV,3.275702,1.83873,0.9364,0.0,0.0,2.241386731,0.9364,709.8097827
Band gap > 4 eV,BG_above4,1,5,Beam 2 (chemistry),192,eV,2.1995620000000002,6.97084,4.560265,0.0,0.0,1.0942820905000001,4.560265,1931.9637120000002
Band gap > 4 eV,BG_above4,1,5,Beam 3 (metal only),5363,eV,2.402425,4.55368,2.99739,0.0,0.0,1.384998063,2.99739,1642.058126
Band gap > 4 eV,BG_above4,1,6,Beam 1 (full hypothesis),7,eV,4.976582,1.98637,0.87219,0.0,0.0,2.542243292,0.87219,830.5447534
Band gap > 4 eV,BG_above4,1,6,Beam 2 (chemistry),11,eV,4.869728,2.28596,1.08554,0.0,0.0,2.01900021,1.08554,878.6633134
Band gap > 4 eV,BG_above4,1,6,Beam 3 (metal only),275,eV,3.153605,2.14549,1.12941,0.0,0.0,1.742653582,1.12941,887.7427518
Band gap > 4 eV,BG_above4,1,7,Beam 1 (full hypothesis),4,eV,5.843074,1.8422049999999999,0.8270299999999999,0.0,0.0,2.626357562,0.8270299999999999,474.9449208
Band gap > 4 eV,BG_above4,1,7,Beam 2 (chemistry),11,eV,4.339336,1.95287,1.00529,0.0,0.0,1.888053349,1.00529,669.0521799
Band gap > 4 eV,BG_above4,1,7,Beam 3 (metal only),275,eV,3.153605,2.14549,1.12941,0.0,0.0,1.742653582,1.12941,887.7427518
Band gap > 4 eV,BG_above4,1,8,Beam 1 (full hypothesis),6,eV,4.912219,1.686345,0.86433,0.0,0.0,2.2498273385,0.86433,660.90115135
Band gap > 4 eV,BG_above4,1,8,Beam 2 (chemistry),7,eV,5.1609,1.7711,0.87219,0.0,0.0,1.938316224,0.87219,669.0521799
Band gap > 4 eV,BG_above4,1,8,Beam 3 (metal only),275,eV,3.153605,2.14549,1.12941,0.0,0.0,1.742653582,1.12941,887.7427518
Band gap > 4 eV,BG_above4,1,9,Beam 1 (full hypothesis),3,eV,6.201046,1.7711,0.78187,0.0,0.0,2.691376671,0.78187,357.4987318
Band gap > 4 eV,BG_above4,1,9,Beam 2 (chemistry),4,eV,5.843074,1.861985,0.8270299999999999,0.0,0.0,2.626357562,0.8270299999999999,594.0217425999999
Band gap > 4 eV,BG_above4,1,9,Beam 3 (metal only),275,eV,3.153605,2.14549,1.12941,0.0,0.0,1.742653582,1.12941,887.7427518
Band gap > 4 eV,BG_above4,1,10,Beam 1 (full hypothesis),5,eV,5.485102,1.7711,0.87219,0.0,0.0,2.585413509,0.87219,473.4584083
Band gap > 4 eV,BG_above4,1,10,Beam 2 (chemistry),8,eV,5.323001,1.741815,0.98774,0.0,0.0,2.221171543,0.98774,756.0474872
Band gap > 4 eV,BG_above4,1,10,Beam 3 (metal only),455,eV,3.0797,2.12158,1.11209,0.0,0.0,1.72125936,1.11209,875.9804675
Band gap > 4 eV,BG_above4,2,1,Beam 1 (full hypothesis),4569,eV,2.349867,5.01712,3.45185,0.0,0.0,1.319835983,3.45185,1851.938868
Band gap > 4 eV,BG_above4,2,1,Beam 2 (chemistry),4569,eV,2.349867,5.01712,3.45185,0.0,0.0,1.319835983,3.45185,1851.938868
Band gap > 4 eV,BG_above4,2,1,Beam 3 (metal only),8394,eV,2.408452,4.278865,2.727845,0.0,0.0,1.449864119,2.727845,1475.1846110000001
Band gap > 4 eV,BG_above4,2,2,Beam 1 (full hypothesis),148,eV,3.1276145,1.93656,1.0166149999999998,0.0,0.0,2.0091657575,1.0166149999999998,822.8785066
Band gap > 4 eV,BG_above4,2,2,Beam 2 (chemistry),1136,eV,2.425281,10.339255,6.335850000000001,0.0,0.0,0.7990015865,6.335850000000001,4148.402977
Band gap > 4 eV,BG_above4,2,2,Beam 3 (metal only),2851,eV,2.549941,4.02789,2.57072,0.0,0.0,1.438564465,2.57072,1570.259164
Band gap > 4 eV,BG_above4,2,3,Beam 1 (full hypothesis),1611,eV,2.521359,4.91009,3.43963,0.0,0.0,1.454217111,3.43963,2055.136747
Band gap > 4 eV,BG_above4,2,3,Beam 2 (chemistry),1611,eV,2.521359,4.91009,3.43963,0.0,0.0,1.454217111,3.43963,2055.136747
Band gap > 4 eV,BG_above4,2,3,Beam 3 (metal only),3725,eV,2.655054,3.36654,1.75405,0.0,0.0,1.577700014,1.75405,1361.752082
Band gap > 4 eV,BG_above4,2,4,Beam 1 (full hypothesis),502,eV,3.0052545,2.6525100000000004,1.2050800000000002,0.0,0.0,2.0561461055,1.2050800000000002,1030.0715795
Band gap > 4 eV,BG_above4,2,4,Beam 2 (chemistry),502,eV,3.0052545,2.6525100000000004,1.2050800000000002,0.0,0.0,2.0561461055,1.2050800000000002,1030.0715795
Band gap > 4 eV,BG_above4,2,4,Beam 3 (metal only),946,eV,2.8964955000000003,2.4984599999999997,1.1559050000000002,0.0,0.0,2.0020715649999996,1.1559050000000002,1058.2018075
Band gap > 4 eV,BG_above4,2,5,Beam 1 (full hypothesis),1271,eV,2.625339,3.91145,2.46197,0.0,0.0,1.557055383,2.46197,1543.164082
Band gap > 4 eV,BG_above4,2,5,Beam 2 (chemistry),1271,eV,2.625339,3.91145,2.46197,0.0,0.0,1.557055383,2.46197,1543.164082
Band gap > 4 eV,BG_above4,2,5,Beam 3 (metal only),5331,eV,2.677316,2.88086,1.38661,0.0,0.0,1.653304859,1.38661,1263.681908
Band gap > 4 eV,BG_above4,2,6,Beam 1 (full hypothesis),17,eV,4.454873,1.8484,0.8081,0.0,0.0,1.864298066,0.8081,677.2346749
Band gap > 4 eV,BG_above4,2,6,Beam 2 (chemistry),17,eV,4.454873,1.8484,0.8081,0.0,0.0,1.864298066,0.8081,677.2346749
Band gap > 4 eV,BG_above4,2,6,Beam 3 (metal only),333,eV,3.061611,2.15878,1.02047,0.0,0.0,1.85012465,1.02047,969.9219758
Band gap > 4 eV,BG_above4,2,7,Beam 1 (full hypothesis),45,eV,3.042401,1.76602,0.86802,0.0,0.0,1.778852281,0.86802,914.032066
Band gap > 4 eV,BG_above4,2,7,Beam 2 (chemistry),45,eV,3.042401,1.76602,0.86802,0.0,0.0,1.778852281,0.86802,914.032066
Band gap > 4 eV,BG_above4,2,7,Beam 3 (metal only),432,eV,2.9511935,1.78931,0.8908100000000001,0.0,0.0,1.8137697025000001,0.8908100000000001,852.5420472999999
Band gap > 4 eV,BG_above4,2,8,Beam 1 (full hypothesis),1,eV,5.709182,2.21114,1.33591,0.0,0.0,1.697875908,1.33591,538.3144218
Band gap > 4 eV,BG_above4,2,8,Beam 2 (chemistry),1,eV,5.709182,2.21114,1.33591,0.0,0.0,1.697875908,1.33591,538.3144218
Band gap > 4 eV,BG_above4,2,8,Beam 3 (metal only),3230,eV,2.5889875,3.453295,1.897265,0.0,0.0,1.503158864,1.897265,1398.2559395
Band gap > 4 eV,BG_above4,2,9,Beam 1 (full hypothesis),525,eV,3.022544,2.07464,1.0218,0.0,0.0,1.869977855,1.0218,939.4414889
Band gap > 4 eV,BG_above4,2,9,Beam 2 (chemistry),526,eV,3.022815,2.07445,1.02142,0.0,0.0,1.8699882385,1.02142,939.6461684999999
Band gap > 4 eV,BG_above4,2,9,Beam 3 (metal only),811,eV,2.922356,1.96158,0.98216,0.0,0.0,1.845727198,0.98216,929.1823249
Band gap > 4 eV,BG_above4,2,10,Beam 1 (full hypothesis),68,eV,3.0355635000000003,2.0717800000000004,1.03715,0.0,0.0,1.649854824,1.03715,978.1225053000001
Band gap > 4 eV,BG_above4,2,10,Beam 2 (chemistry),68,eV,3.0355635000000003,2.0717800000000004,1.03715,0.0,0.0,1.649854824,1.03715,978.1225053000001
Band gap > 4 eV,BG_above4,2,10,Beam 3 (metal only),552,eV,2.9459004999999996,1.836385,0.917165,0.0,0.0,1.7757805919999998,0.917165,859.43701145
Band gap > 4 eV,BG_above4,3,1,Beam 1 (full hypothesis),121,eV,2.174558,7.07011,6.15072,0.0,0.0,0.893349167,6.15072,2077.478212
Band gap > 4 eV,BG_above4,3,1,Beam 2 (chemistry),121,eV,2.174558,7.07011,6.15072,0.0,0.0,0.893349167,6.15072,2077.478212
Band gap > 4 eV,BG_above4,3,1,Beam 3 (metal only),1682,eV,2.2388275,6.468064999999999,5.380125,0.0,0.0,1.149280698,5.380125,1320.2285729999999
Band gap > 4 eV,BG_above4,3,2,Beam 1 (full hypothesis),3,eV,4.203474,2.95824,0.86205,0.0,0.0,1.857283798,0.86205,867.6922051
Band gap > 4 eV,BG_above4,3,2,Beam 2 (chemistry),3,eV,4.203474,2.95824,0.86205,0.0,0.0,1.857283798,0.86205,867.6922051
Band gap > 4 eV,BG_above4,3,2,Beam 3 (metal only),101,eV,3.052021,2.60712,1.3129,0.0,0.0,1.537685745,1.3129,976.9722988
Band gap > 4 eV,BG_above4,3,3,Beam 1 (full hypothesis),32,eV,4.4890735,2.1274699999999998,1.129655,0.0,0.0,1.641518403,1.129655,888.92884405
Band gap > 4 eV,BG_above4,3,3,Beam 2 (chemistry),32,eV,4.4890735,2.1274699999999998,1.129655,0.0,0.0,1.641518403,1.129655,888.92884405
Band gap > 4 eV,BG_above4,3,3,Beam 3 (metal only),101,eV,3.052021,2.60712,1.3129,0.0,0.0,1.537685745,1.3129,976.9722988
Band gap > 4 eV,BG_above4,3,4,Beam 1 (full hypothesis),3,eV,4.670638,1.77605,0.86205,0.0,0.0,1.845405862,0.86205,762.0700722
Band gap > 4 eV,BG_above4,3,4,Beam 2 (chemistry),3,eV,4.670638,1.77605,0.86205,0.0,0.0,1.845405862,0.86205,762.0700722
Band gap > 4 eV,BG_above4,3,4,Beam 3 (metal only),101,eV,3.052021,2.60712,1.3129,0.0,0.0,1.537685745,1.3129,976.9722988
Band gap > 4 eV,BG_above4,3,5,Beam 1 (full hypothesis),30,eV,4.600357,2.08154,1.10785,0.0,0.0,1.641518403,1.10785,888.92884405
Band gap > 4 eV,BG_above4,3,5,Beam 2 (chemistry),30,eV,4.600357,2.08154,1.10785,0.0,0.0,1.641518403,1.10785,888.92884405
Band gap > 4 eV,BG_above4,3,5,Beam 3 (metal only),101,eV,3.052021,2.60712,1.3129,0.0,0.0,1.537685745,1.3129,976.9722988
Band gap > 4 eV,BG_above4,3,6,Beam 1 (full hypothesis),22,eV,4.8004485,2.018585,1.05006,0.0,0.0,1.6859809735,1.05006,877.0601283999999
Band gap > 4 eV,BG_above4,3,6,Beam 2 (chemistry),22,eV,4.8004485,2.018585,1.05006,0.0,0.0,1.6859809735,1.05006,877.0601283999999
Band gap > 4 eV,BG_above4,3,6,Beam 3 (metal only),101,eV,3.052021,2.60712,1.3129,0.0,0.0,1.537685745,1.3129,976.9722988
Band gap > 4 eV,BG_above4,3,7,Beam 1 (full hypothesis),2,eV,4.808806,2.824305,1.074385,0.0,0.0,1.8486996089999999,1.074385,879.56092075
Band gap > 4 eV,BG_above4,3,7,Beam 2 (chemistry),2,eV,4.808806,2.824305,1.074385,0.0,0.0,1.8486996089999999,1.074385,879.56092075
Band gap > 4 eV,BG_above4,3,7,Beam 3 (metal only),101,eV,3.052021,2.60712,1.3129,0.0,0.0,1.537685745,1.3129,976.9722988
Band gap > 4 eV,BG_above4,3,8,Beam 1 (full hypothesis),27,eV,4.655846,2.03422,1.12941,0.0,0.0,1.694953225,1.12941,867.6922051
Band gap > 4 eV,BG_above4,3,8,Beam 2 (chemistry),27,eV,4.655846,2.03422,1.12941,0.0,0.0,1.694953225,1.12941,867.6922051
Band gap > 4 eV,BG_above4,3,8,Beam 3 (metal only),101,eV,3.052021,2.60712,1.3129,0.0,0.0,1.537685745,1.3129,976.9722988
Band gap > 4 eV,BG_above4,3,9,Beam 1 (full hypothesis),22,eV,4.8004485,2.018585,1.05006,0.0,0.0,1.6859809735,1.05006,877.0601283999999
Band gap > 4 eV,BG_above4,3,9,Beam 2 (chemistry),22,eV,4.8004485,2.018585,1.05006,0.0,0.0,1.6859809735,1.05006,877.0601283999999
Band gap > 4 eV,BG_above4,3,9,Beam 3 (metal only),101,eV,3.052021,2.60712,1.3129,0.0,0.0,1.537685745,1.3129,976.9722988
Band gap > 4 eV,BG_above4,3,10,Beam 1 (full hypothesis),20,eV,4.852874,1.9798449999999999,0.95947,0.0,0.0,1.6859809735,0.95947,837.64637985
Band gap > 4 eV,BG_above4,3,10,Beam 2 (chemistry),20,eV,4.852874,1.9798449999999999,0.95947,0.0,0.0,1.6859809735,0.95947,837.64637985
Band gap > 4 eV,BG_above4,3,10,Beam 3 (metal only),101,eV,3.052021,2.60712,1.3129,0.0,0.0,1.537685745,1.3129,976.9722988
Band gap > 4 eV,BG_above4,4,1,Beam 1 (full hypothesis),464,eV,2.0894684999999997,8.191365000000001,7.68835,0.0,0.0,0.7933832265,7.68835,2134.835035
Band gap > 4 eV,BG_above4,4,1,Beam 2 (chemistry),464,eV,2.0894684999999997,8.191365000000001,7.68835,0.0,0.0,0.7933832265,7.68835,2134.835035
Band gap > 4 eV,BG_above4,4,1,Beam 3 (metal only),1155,eV,2.184876,7.6926,6.97368,0.0,0.0,0.996952127,6.97368,1457.863797
Band gap > 4 eV,BG_above4,4,2,Beam 1 (full hypothesis),203,eV,3.483019,1.70922,0.88319,0.0,0.0,1.864298066,0.88319,702.1821564
Band gap > 4 eV,BG_above4,4,2,Beam 2 (chemistry),249,eV,3.469235,1.82556,0.92088,0.0,0.0,1.829751881,0.92088,799.5104979
Band gap > 4 eV,BG_above4,4,2,Beam 3 (metal only),875,eV,3.002245,1.92656,0.98923,0.0,0.0,1.725616636,0.98923,867.029985
Band gap > 4 eV,BG_above4,4,3,Beam 1 (full hypothesis),86,eV,3.174693,1.92671,1.0116,0.0,0.0,1.7478550739999998,1.0116,803.55552625
Band gap > 4 eV,BG_above4,4,3,Beam 2 (chemistry),150,eV,3.1284475,2.2484,1.182855,0.0,0.0,1.6306830849999998,1.182855,913.65073775
Band gap > 4 eV,BG_above4,4,3,Beam 3 (metal only),177,eV,3.069047,2.26357,1.21613,0.0,0.0,1.614975849,1.21613,913.5920917
Band gap > 4 eV,BG_above4,4,4,Beam 1 (full hypothesis),52,eV,4.439359,1.889345,1.018635,0.0,0.0,1.7747903639999998,1.018635,742.065604
Band gap > 4 eV,BG_above4,4,4,Beam 2 (chemistry),72,eV,4.429888500000001,1.979945,1.06745,0.0,0.0,1.7085795835000002,1.06745,837.9478904499999
Band gap > 4 eV,BG_above4,4,4,Beam 3 (metal only),323,eV,3.067022,2.17721,1.13608,0.0,0.0,1.648128792,1.13608,886.4280517
Band gap > 4 eV,BG_above4,4,5,Beam 1 (full hypothesis),36,eV,4.551559,1.7803749999999998,0.952195,0.0,0.0,1.8306005685,0.952195,692.3767893
Band gap > 4 eV,BG_above4,4,5,Beam 2 (chemistry),54,eV,4.527438,1.95737,1.06745,0.0,0.0,1.742614123,1.06745,801.2673129
Band gap > 4 eV,BG_above4,4,5,Beam 3 (metal only),323,eV,3.067022,2.17721,1.13608,0.0,0.0,1.648128792,1.13608,886.4280517
Band gap > 4 eV,BG_above4,4,6,Beam 1 (full hypothesis),129,eV,4.226602,1.69938,0.88319,0.0,0.0,1.848508996,0.88319,677.2346749
Band gap > 4 eV,BG_above4,4,6,Beam 2 (chemistry),147,eV,4.226602,1.77605,0.93658,0.0,0.0,1.825198351,0.93658,750.3501786
Band gap > 4 eV,BG_above4,4,6,Beam 3 (metal only),875,eV,3.002245,1.92656,0.98923,0.0,0.0,1.725616636,0.98923,867.029985
Band gap > 4 eV,BG_above4,4,7,Beam 1 (full hypothesis),132,eV,3.880669,1.69496,0.8949750000000001,0.0,0.0,1.8469574290000002,0.8949750000000001,679.5566381000001
Band gap > 4 eV,BG_above4,4,7,Beam 2 (chemistry),170,eV,3.8206284999999998,1.84948,0.96716,0.0,0.0,1.8237998465,0.96716,796.0972165000001
Band gap > 4 eV,BG_above4,4,7,Beam 3 (metal only),875,eV,3.002245,1.92656,0.98923,0.0,0.0,1.725616636,0.98923,867.029985
Band gap > 4 eV,BG_above4,4,8,Beam 1 (full hypothesis),183,eV,3.592752,1.69938,0.89758,0.0,0.0,1.850423297,0.89758,684.6107919
Band gap > 4 eV,BG_above4,4,8,Beam 2 (chemistry),227,eV,3.497431,1.79935,0.95273,0.0,0.0,1.80707466,0.95273,762.0700722
Band gap > 4 eV,BG_above4,4,8,Beam 3 (metal only),875,eV,3.002245,1.92656,0.98923,0.0,0.0,1.725616636,0.98923,867.029985
Band gap > 4 eV,BG_above4,4,9,Beam 1 (full hypothesis),121,eV,4.229392,1.69279,0.87748,0.0,0.0,1.850423297,0.87748,644.9502592
Band gap > 4 eV,BG_above4,4,9,Beam 2 (chemistry),148,eV,4.227997,1.7800349999999998,0.92873,0.0,0.0,1.823131856,0.92873,737.8602253
Band gap > 4 eV,BG_above4,4,9,Beam 3 (metal only),875,eV,3.002245,1.92656,0.98923,0.0,0.0,1.725616636,0.98923,867.029985
Band gap > 4 eV,BG_above4,4,10,Beam 1 (full hypothesis),162,eV,3.8063434999999997,1.7892899999999998,0.89238,0.0,0.0,2.041912923,0.89238,724.2786837
Band gap > 4 eV,BG_above4,4,10,Beam 2 (chemistry),251,eV,4.129886,2.03531,1.00809,0.0,0.0,1.956668516,1.00809,858.6342835
Band gap > 4 eV,BG_above4,4,10,Beam 3 (metal only),1426,eV,2.945654,2.176815,1.08243,0.0,0.0,1.8213189235,1.08243,966.4626713499999
Band gap > 4 eV,BG_above4,5,1,Beam 1 (full hypothesis),4743,eV,2.14923,6.76969,5.03207,0.0,0.0,1.057072406,5.03207,2184.314466
Band gap > 4 eV,BG_above4,5,1,Beam 2 (chemistry),4743,eV,2.14923,6.76969,5.03207,0.0,0.0,1.057072406,5.03207,2184.314466
Band gap > 4 eV,BG_above4,5,1,Beam 3 (metal only),6024,eV,2.247904,6.231389999999999,4.609495,0.0,0.0,1.1511550819999998,4.609495,1887.4183265
Band gap > 4 eV,BG_above4,5,2,Beam 1 (full hypothesis),117,eV,4.133394,1.98637,1.06302,0.0,0.0,1.765205321,1.06302,844.4495124
Band gap > 4 eV,BG_above4,5,2,Beam 2 (chemistry),117,eV,4.133394,1.98637,1.06302,0.0,0.0,1.765205321,1.06302,844.4495124
Band gap > 4 eV,BG_above4,5,2,Beam 3 (metal only),444,eV,3.071664,2.12597,1.1168900000000002,0.0,0.0,1.717906779,1.1168900000000002,867.1337623
Band gap > 4 eV,BG_above4,5,3,Beam 1 (full hypothesis),206,eV,3.219192,2.024,1.0893000000000002,0.0,0.0,1.7500647145000001,1.0893000000000002,840.4424217000001
Band gap > 4 eV,BG_above4,5,3,Beam 2 (chemistry),243,eV,3.168096,2.18037,1.16277,0.0,0.0,1.694953225,1.16277,901.4751023
Band gap > 4 eV,BG_above4,5,3,Beam 3 (metal only),454,eV,3.075743,2.123035,1.114055,0.0,0.0,1.719941549,1.114055,876.5768883000001
Band gap > 4 eV,BG_above4,5,4,Beam 1 (full hypothesis),122,eV,4.1865065,2.004055,1.05979,0.0,0.0,1.789004004,1.05979,806.5506955999999
Band gap > 4 eV,BG_above4,5,4,Beam 2 (chemistry),124,eV,4.1865065,2.01267,1.063155,0.0,0.0,1.7747903639999998,1.063155,809.8242339999999
Band gap > 4 eV,BG_above4,5,4,Beam 3 (metal only),455,eV,3.0797,2.12158,1.11209,0.0,0.0,1.72125936,1.11209,875.9804675
Band gap > 4 eV,BG_above4,5,5,Beam 1 (full hypothesis),99,eV,4.418463,1.95674,1.02344,0.0,0.0,1.845405862,1.02344,799.5104979
Band gap > 4 eV,BG_above4,5,5,Beam 2 (chemistry),102,eV,4.434438500000001,1.9583300000000001,1.03221,0.0,0.0,1.8360278135,1.03221,801.2673129
Band gap > 4 eV,BG_above4,5,5,Beam 3 (metal only),455,eV,3.0797,2.12158,1.11209,0.0,0.0,1.72125936,1.11209,875.9804675
Band gap > 4 eV,BG_above4,5,6,Beam 1 (full hypothesis),74,eV,4.436726500000001,1.95737,1.063155,0.0,0.0,1.7980739935,1.063155,771.39070555
Band gap > 4 eV,BG_above4,5,6,Beam 2 (chemistry),76,eV,4.436726500000001,1.9734150000000001,1.067585,0.0,0.0,1.789004004,1.067585,783.78969345
Band gap > 4 eV,BG_above4,5,6,Beam 3 (metal only),455,eV,3.0797,2.12158,1.11209,0.0,0.0,1.72125936,1.11209,875.9804675
Band gap > 4 eV,BG_above4,5,7,Beam 1 (full hypothesis),58,eV,4.5717885,2.011565,1.06181,0.0,0.0,1.8734375600000002,1.06181,832.45617005
Band gap > 4 eV,BG_above4,5,7,Beam 2 (chemistry),58,eV,4.5717885,2.011565,1.06181,0.0,0.0,1.8734375600000002,1.06181,832.45617005
Band gap > 4 eV,BG_above4,5,7,Beam 3 (metal only),245,eV,3.0797,2.19397,1.16277,0.0,0.0,1.765205321,1.16277,906.6947201
Band gap > 4 eV,BG_above4,5,8,Beam 1 (full hypothesis),88,eV,3.5536385,1.920265,1.00956,0.0,0.0,1.8665430625,1.00956,803.75242505
Band gap > 4 eV,BG_above4,5,8,Beam 2 (chemistry),132,eV,3.2382005,2.279355,1.223235,0.0,0.0,1.7548732175000001,1.223235,900.05300895
Band gap > 4 eV,BG_above4,5,8,Beam 3 (metal only),245,eV,3.0797,2.19397,1.16277,0.0,0.0,1.765205321,1.16277,906.6947201
Band gap > 4 eV,BG_above4,5,9,Beam 1 (full hypothesis),25,eV,4.655846,2.00295,1.01383,0.0,0.0,1.742653582,1.01383,867.6922051
Band gap > 4 eV,BG_above4,5,9,Beam 2 (chemistry),28,eV,4.663242,2.0439249999999998,1.10785,0.0,0.0,1.6859809735,1.10785,888.92884405
Band gap > 4 eV,BG_above4,5,9,Beam 3 (metal only),121,eV,3.052021,2.60393,1.35592,0.0,0.0,1.52039927,1.35592,1017.823979
Band gap > 4 eV,BG_above4,5,10,Beam 1 (full hypothesis),14,eV,4.717957500000001,1.89724,0.95947,0.0,0.0,1.7494202445,0.95947,699.0992290500001
Band gap > 4 eV,BG_above4,5,10,Beam 2 (chemistry),21,eV,4.765277,2.00295,1.12941,0.0,0.0,1.644394888,1.12941,886.4280517
Band gap > 4 eV,BG_above4,5,10,Beam 3 (metal only),121,eV,3.052021,2.60393,1.35592,0.0,0.0,1.52039927,1.35592,1017.823979
Band gap < 0.1 eV,BG_below01,1,1,Beam 1 (full hypothesis),943,eV,0.925613,2.50076,1.20856,0.0,0.0,1.72838658,1.20856,1046.391354
Band gap < 0.1 eV,BG_below01,1,1,Beam 2 (chemistry),943,eV,0.925613,2.50076,1.20856,0.0,0.0,1.72838658,1.20856,1046.391354
Band gap < 0.1 eV,BG_below01,1,1,Beam 3 (metal only),1779,eV,0.930526,2.46562,1.22029,0.0,0.0,1.76521634,1.22029,1014.406193
Band gap < 0.1 eV,BG_below01,1,2,Beam 1 (full hypothesis),658,eV,0.833056,3.040445,1.469795,0.0,0.0,1.6066913025,1.469795,1108.2565105
Band gap < 0.1 eV,BG_below01,1,2,Beam 2 (chemistry),658,eV,0.833056,3.040445,1.469795,0.0,0.0,1.6066913025,1.469795,1108.2565105
Band gap < 0.1 eV,BG_below01,1,2,Beam 3 (metal only),3291,eV,0.811397,2.61606,1.26785,0.0,0.0,1.710803714,1.26785,1002.333026
Band gap < 0.1 eV,BG_below01,1,3,Beam 1 (full hypothesis),976,eV,0.8663695,2.99913,1.495685,0.0,0.0,1.6188470234999999,1.495685,1136.44551
Band gap < 0.1 eV,BG_below01,1,3,Beam 2 (chemistry),976,eV,0.8663695,2.99913,1.495685,0.0,0.0,1.6188470234999999,1.495685,1136.44551
Band gap < 0.1 eV,BG_below01,1,3,Beam 3 (metal only),3561,eV,0.801549,2.63016,1.28212,0.0,0.0,1.710022364,1.28212,1005.514562
Band gap < 0.1 eV,BG_below01,1,4,Beam 1 (full hypothesis),114,eV,0.9194715,3.9735199999999997,2.70803,0.0,0.0,1.59147874,2.70803,1261.8792625
Band gap < 0.1 eV,BG_below01,1,4,Beam 2 (chemistry),114,eV,0.9194715,3.9735199999999997,2.70803,0.0,0.0,1.59147874,2.70803,1261.8792625
Band gap < 0.1 eV,BG_below01,1,4,Beam 3 (metal only),3291,eV,0.811397,2.61606,1.26785,0.0,0.0,1.710803714,1.26785,1002.333026
Band gap < 0.1 eV,BG_below01,1,5,Beam 1 (full hypothesis),1,eV,0.008153,4.39947,3.64598,0.0,0.0,1.672843373,3.64598,2353.490206
Band gap < 0.1 eV,BG_below01,1,5,Beam 2 (chemistry),1,eV,0.008153,4.39947,3.64598,0.0,0.0,1.672843373,3.64598,2353.490206
Band gap < 0.1 eV,BG_below01,1,5,Beam 3 (metal only),545,eV,0.432377,3.20617,1.60478,0.0,0.0,1.562765936,1.60478,989.8679048
Band gap < 0.1 eV,BG_below01,1,6,Beam 1 (full hypothesis),95,eV,0.599255,2.95185,1.51501,0.0,0.0,1.477215461,1.51501,851.8547489
Band gap < 0.1 eV,BG_below01,1,6,Beam 2 (chemistry),95,eV,0.599255,2.95185,1.51501,0.0,0.0,1.477215461,1.51501,851.8547489
Band gap < 0.1 eV,BG_below01,1,6,Beam 3 (metal only),545,eV,0.432377,3.20617,1.60478,0.0,0.0,1.562765936,1.60478,989.8679048
Band gap < 0.1 eV,BG_below01,1,7,Beam 1 (full hypothesis),71,eV,0.620315,3.40475,1.54425,0.0,0.0,1.448468001,1.54425,924.0279057
Band gap < 0.1 eV,BG_below01,1,7,Beam 2 (chemistry),71,eV,0.620315,3.40475,1.54425,0.0,0.0,1.448468001,1.54425,924.0279057
Band gap < 0.1 eV,BG_below01,1,7,Beam 3 (metal only),545,eV,0.432377,3.20617,1.60478,0.0,0.0,1.562765936,1.60478,989.8679048
Band gap < 0.1 eV,BG_below01,1,8,Beam 1 (full hypothesis),23,eV,0.678924,2.59377,1.29211,0.0,0.0,1.668404924,1.29211,711.8344147
Band gap < 0.1 eV,BG_below01,1,8,Beam 2 (chemistry),23,eV,0.678924,2.59377,1.29211,0.0,0.0,1.668404924,1.29211,711.8344147
Band gap < 0.1 eV,BG_below01,1,8,Beam 3 (metal only),545,eV,0.432377,3.20617,1.60478,0.0,0.0,1.562765936,1.60478,989.8679048
Band gap < 0.1 eV,BG_below01,1,9,Beam 1 (full hypothesis),29,eV,0.690909,4.00136,2.2252,0.0,0.0,1.348146648,2.2252,1173.726533
Band gap < 0.1 eV,BG_below01,1,9,Beam 2 (chemistry),29,eV,0.690909,4.00136,2.2252,0.0,0.0,1.348146648,2.2252,1173.726533
Band gap < 0.1 eV,BG_below01,1,9,Beam 3 (metal only),545,eV,0.432377,3.20617,1.60478,0.0,0.0,1.562765936,1.60478,989.8679048
Band gap < 0.1 eV,BG_below01,1,10,Beam 1 (full hypothesis),95,eV,0.599255,2.95185,1.51501,0.0,0.0,1.477215461,1.51501,851.8547489
Band gap < 0.1 eV,BG_below01,1,10,Beam 2 (chemistry),95,eV,0.599255,2.95185,1.51501,0.0,0.0,1.477215461,1.51501,851.8547489
Band gap < 0.1 eV,BG_below01,1,10,Beam 3 (metal only),545,eV,0.432377,3.20617,1.60478,0.0,0.0,1.562765936,1.60478,989.8679048
Band gap < 0.1 eV,BG_below01,2,1,Beam 1 (full hypothesis),379,eV,0.888435,2.50076,1.17983,0.0,0.0,1.704727415,1.17983,1038.347888
Band gap < 0.1 eV,BG_below01,2,1,Beam 2 (chemistry),379,eV,0.888435,2.50076,1.17983,0.0,0.0,1.704727415,1.17983,1038.347888
Band gap < 0.1 eV,BG_below01,2,1,Beam 3 (metal only),1090,eV,0.9071450000000001,2.354435,1.188905,0.0,0.0,1.7074879045000002,1.188905,949.56493295
Band gap < 0.1 eV,BG_below01,2,2,Beam 1 (full hypothesis),47,eV,0.415154,2.18724,1.0228,0.0,0.0,1.915453679,1.0228,671.3528574
Band gap < 0.1 eV,BG_below01,2,2,Beam 2 (chemistry),72,eV,0.3338065,2.5816049999999997,1.463395,0.0,0.0,1.801123521,1.463395,873.7322764
Band gap < 0.1 eV,BG_below01,2,2,Beam 3 (metal only),250,eV,0.6843105,2.66723,1.402075,0.0,0.0,1.695886313,1.402075,989.63753315
Band gap < 0.1 eV,BG_below01,2,3,Beam 1 (full hypothesis),425,eV,2.221632,2.23282,1.07633,0.0,0.0,2.02013948,1.07633,1016.494651
Band gap < 0.1 eV,BG_below01,2,3,Beam 2 (chemistry),425,eV,2.221632,2.23282,1.07633,0.0,0.0,2.02013948,1.07633,1016.494651
Band gap < 0.1 eV,BG_below01,2,3,Beam 3 (metal only),1224,eV,2.0540965,2.11889,1.04322,0.0,0.0,2.1154241115000003,1.04322,951.71847525
Band gap < 0.1 eV,BG_below01,2,4,Beam 1 (full hypothesis),20,eV,0.14461000000000002,7.813599999999999,5.1594549999999995,0.0,0.0,1.1589031135,5.1594549999999995,1433.3491250000002
Band gap < 0.1 eV,BG_below01,2,4,Beam 2 (chemistry),20,eV,0.14461000000000002,7.813599999999999,5.1594549999999995,0.0,0.0,1.1589031135,5.1594549999999995,1433.3491250000002
Band gap < 0.1 eV,BG_below01,2,4,Beam 3 (metal only),250,eV,0.6843105,2.66723,1.402075,0.0,0.0,1.695886313,1.402075,989.63753315
Band gap < 0.1 eV,BG_below01,2,5,Beam 1 (full hypothesis),153,eV,0.790463,2.89246,1.50955,0.0,0.0,1.598738351,1.50955,1197.10061
Band gap < 0.1 eV,BG_below01,2,5,Beam 2 (chemistry),153,eV,0.790463,2.89246,1.50955,0.0,0.0,1.598738351,1.50955,1197.10061
Band gap < 0.1 eV,BG_below01,2,5,Beam 3 (metal only),250,eV,0.6843105,2.66723,1.402075,0.0,0.0,1.695886313,1.402075,989.63753315
Band gap < 0.1 eV,BG_below01,2,6,Beam 1 (full hypothesis),11,eV,0.135776,4.67298,3.14024,0.0,0.0,1.299241982,3.14024,947.9079561
Band gap < 0.1 eV,BG_below01,2,6,Beam 2 (chemistry),11,eV,0.135776,4.67298,3.14024,0.0,0.0,1.299241982,3.14024,947.9079561
Band gap < 0.1 eV,BG_below01,2,6,Beam 3 (metal only),28,eV,0.8494355,2.92162,2.027165,0.0,0.0,1.5569351655,2.027165,1047.3599202
Band gap < 0.1 eV,BG_below01,2,7,Beam 1 (full hypothesis),10,eV,0.44363949999999996,4.730700000000001,3.360005,0.0,0.0,1.5338940355,3.360005,1283.8053439999999
Band gap < 0.1 eV,BG_below01,2,7,Beam 2 (chemistry),10,eV,0.44363949999999996,4.730700000000001,3.360005,0.0,0.0,1.5338940355,3.360005,1283.8053439999999
Band gap < 0.1 eV,BG_below01,2,7,Beam 3 (metal only),151,eV,0.579898,2.85353,1.39354,0.0,0.0,1.626414812,1.39354,964.7603215
Band gap < 0.1 eV,BG_below01,2,8,Beam 1 (full hypothesis),26,eV,0.33072100000000004,2.862045,1.80986,0.0,0.0,1.6155443575,1.80986,1159.393844
Band gap < 0.1 eV,BG_below01,2,8,Beam 2 (chemistry),26,eV,0.33072100000000004,2.862045,1.80986,0.0,0.0,1.6155443575,1.80986,1159.393844
Band gap < 0.1 eV,BG_below01,2,8,Beam 3 (metal only),282,eV,0.581482,2.76885,1.461275,0.0,0.0,1.7091623784999999,1.461275,1039.237395
Band gap < 0.1 eV,BG_below01,2,9,Beam 1 (full hypothesis),6,eV,0.2308695,4.561425,2.3135,0.0,0.0,1.6110304845,2.3135,1855.2690575000001
Band gap < 0.1 eV,BG_below01,2,9,Beam 2 (chemistry),6,eV,0.2308695,4.561425,2.3135,0.0,0.0,1.6110304845,2.3135,1855.2690575000001
Band gap < 0.1 eV,BG_below01,2,9,Beam 3 (metal only),30,eV,0.33576799999999996,3.404,1.87215,0.0,0.0,1.7710610515,1.87215,1371.787503
Band gap < 0.1 eV,BG_below01,2,10,Beam 1 (full hypothesis),5,eV,0.218286,3.74281,1.6804,0.0,0.0,1.676183705,1.6804,2108.492303
Band gap < 0.1 eV,BG_below01,2,10,Beam 2 (chemistry),5,eV,0.218286,3.74281,1.6804,0.0,0.0,1.676183705,1.6804,2108.492303
Band gap < 0.1 eV,BG_below01,2,10,Beam 3 (metal only),30,eV,0.33576799999999996,3.404,1.87215,0.0,0.0,1.7710610515,1.87215,1371.787503
Band gap < 0.1 eV,BG_below01,3,1,Beam 1 (full hypothesis),512,eV,0.8805445000000001,2.56102,1.227055,0.0,0.0,1.7026965085,1.227055,1015.2460570000001
Band gap < 0.1 eV,BG_below01,3,1,Beam 2 (chemistry),512,eV,0.8805445000000001,2.56102,1.227055,0.0,0.0,1.7026965085,1.227055,1015.2460570000001
Band gap < 0.1 eV,BG_below01,3,1,Beam 3 (metal only),1090,eV,0.9071450000000001,2.354435,1.188905,0.0,0.0,1.7074879045000002,1.188905,949.56493295
Band gap < 0.1 eV,BG_below01,3,2,Beam 1 (full hypothesis),43,eV,0.91577,3.81121,1.75412,0.0,0.0,1.553867587,1.75412,1107.166244
Band gap < 0.1 eV,BG_below01,3,2,Beam 2 (chemistry),43,eV,0.91577,3.81121,1.75412,0.0,0.0,1.553867587,1.75412,1107.166244
Band gap < 0.1 eV,BG_below01,3,2,Beam 3 (metal only),230,eV,0.8879375,2.547275,1.22317,0.0,0.0,1.6259566250000002,1.22317,1059.391075
Band gap < 0.1 eV,BG_below01,3,3,Beam 1 (full hypothesis),55,eV,0.760797,2.76596,1.43664,0.0,0.0,1.581486559,1.43664,1059.002356
Band gap < 0.1 eV,BG_below01,3,3,Beam 2 (chemistry),55,eV,0.760797,2.76596,1.43664,0.0,0.0,1.581486559,1.43664,1059.002356
Band gap < 0.1 eV,BG_below01,3,3,Beam 3 (metal only),230,eV,0.8879375,2.547275,1.22317,0.0,0.0,1.6259566250000002,1.22317,1059.391075
Band gap < 0.1 eV,BG_below01,3,4,Beam 1 (full hypothesis),39,eV,0.865282,2.51667,1.11149,0.0,0.0,1.717539182,1.11149,835.8027764
Band gap < 0.1 eV,BG_below01,3,4,Beam 2 (chemistry),39,eV,0.865282,2.51667,1.11149,0.0,0.0,1.717539182,1.11149,835.8027764
Band gap < 0.1 eV,BG_below01,3,4,Beam 3 (metal only),230,eV,0.8879375,2.547275,1.22317,0.0,0.0,1.6259566250000002,1.22317,1059.391075
Band gap < 0.1 eV,BG_below01,3,5,Beam 1 (full hypothesis),28,eV,0.8490495,2.121385,0.9616199999999999,0.0,0.0,1.9973927550000001,0.9616199999999999,766.3630387999999
Band gap < 0.1 eV,BG_below01,3,5,Beam 2 (chemistry),28,eV,0.8490495,2.121385,0.9616199999999999,0.0,0.0,1.9973927550000001,0.9616199999999999,766.3630387999999
Band gap < 0.1 eV,BG_below01,3,5,Beam 3 (metal only),242,eV,0.899088,2.547275,1.22706,0.0,0.0,1.6286607315000001,1.22706,1059.391075
Band gap < 0.1 eV,BG_below01,3,6,Beam 1 (full hypothesis),100,eV,0.8048115,2.778065,1.3024749999999998,0.0,0.0,1.629728737,1.3024749999999998,1019.6128105
Band gap < 0.1 eV,BG_below01,3,6,Beam 2 (chemistry),100,eV,0.8048115,2.778065,1.3024749999999998,0.0,0.0,1.629728737,1.3024749999999998,1019.6128105
Band gap < 0.1 eV,BG_below01,3,6,Beam 3 (metal only),242,eV,0.899088,2.547275,1.22706,0.0,0.0,1.6286607315000001,1.22706,1059.391075
Band gap < 0.1 eV,BG_below01,3,7,Beam 1 (full hypothesis),40,eV,0.750182,2.420955,1.20846,0.0,0.0,1.716577005,1.20846,783.4948984
Band gap < 0.1 eV,BG_below01,3,7,Beam 2 (chemistry),40,eV,0.750182,2.420955,1.20846,0.0,0.0,1.716577005,1.20846,783.4948984
Band gap < 0.1 eV,BG_below01,3,7,Beam 3 (metal only),242,eV,0.899088,2.547275,1.22706,0.0,0.0,1.6286607315000001,1.22706,1059.391075
Band gap < 0.1 eV,BG_below01,3,8,Beam 1 (full hypothesis),89,eV,0.771786,2.96627,1.48454,0.0,0.0,1.555816908,1.48454,1022.74669
Band gap < 0.1 eV,BG_below01,3,8,Beam 2 (chemistry),89,eV,0.771786,2.96627,1.48454,0.0,0.0,1.555816908,1.48454,1022.74669
Band gap < 0.1 eV,BG_below01,3,8,Beam 3 (metal only),242,eV,0.899088,2.547275,1.22706,0.0,0.0,1.6286607315000001,1.22706,1059.391075
Band gap < 0.1 eV,BG_below01,3,9,Beam 1 (full hypothesis),3,eV,0.854918,1.9303,0.75058,0.0,0.0,2.603179321,0.75058,591.2366969
Band gap < 0.1 eV,BG_below01,3,9,Beam 2 (chemistry),3,eV,0.854918,1.9303,0.75058,0.0,0.0,2.603179321,0.75058,591.2366969
Band gap < 0.1 eV,BG_below01,3,9,Beam 3 (metal only),56,eV,0.916815,2.059905,0.931395,0.0,0.0,2.1054652015000004,0.931395,831.60548665
Band gap < 0.1 eV,BG_below01,3,10,Beam 1 (full hypothesis),16,eV,0.803075,2.396745,1.082705,0.0,0.0,2.1503820530000004,1.082705,799.60245025
Band gap < 0.1 eV,BG_below01,3,10,Beam 2 (chemistry),16,eV,0.803075,2.396745,1.082705,0.0,0.0,2.1503820530000004,1.082705,799.60245025
Band gap < 0.1 eV,BG_below01,3,10,Beam 3 (metal only),56,eV,0.916815,2.059905,0.931395,0.0,0.0,2.1054652015000004,0.931395,831.60548665
Band gap < 0.1 eV,BG_below01,4,1,Beam 1 (full hypothesis),1704,eV,0.8157114999999999,3.118945,1.49222,0.0,0.0,1.609980787,1.49222,1145.124333
Band gap < 0.1 eV,BG_below01,4,1,Beam 2 (chemistry),1704,eV,0.8157114999999999,3.118945,1.49222,0.0,0.0,1.609980787,1.49222,1145.124333
Band gap < 0.1 eV,BG_below01,4,1,Beam 3 (metal only),4081,eV,0.852883,2.64332,1.29431,0.0,0.0,1.687918131,1.29431,1008.737599
Band gap < 0.1 eV,BG_below01,4,2,Beam 1 (full hypothesis),317,eV,0.74418,2.88622,1.40114,0.0,0.0,1.607043127,1.40114,943.8122509
Band gap < 0.1 eV,BG_below01,4,2,Beam 2 (chemistry),317,eV,0.74418,2.88622,1.40114,0.0,0.0,1.607043127,1.40114,943.8122509
Band gap < 0.1 eV,BG_below01,4,2,Beam 3 (metal only),1644,eV,0.6649855,2.841275,1.3428499999999999,0.0,0.0,1.665511623,1.3428499999999999,982.29406335
Band gap < 0.1 eV,BG_below01,4,3,Beam 1 (full hypothesis),29,eV,1.131488,3.09332,1.42682,0.0,0.0,1.687124322,1.42682,1074.08442
Band gap < 0.1 eV,BG_below01,4,3,Beam 2 (chemistry),29,eV,1.131488,3.09332,1.42682,0.0,0.0,1.687124322,1.42682,1074.08442
Band gap < 0.1 eV,BG_below01,4,3,Beam 3 (metal only),606,eV,0.452003,3.156135,1.569165,0.0,0.0,1.5966098495,1.569165,1012.2383050000001
Band gap < 0.1 eV,BG_below01,4,4,Beam 1 (full hypothesis),248,eV,1.040846,3.596615,2.043045,0.0,0.0,1.4940402234999999,2.043045,1436.23513
Band gap < 0.1 eV,BG_below01,4,4,Beam 2 (chemistry),248,eV,1.040846,3.596615,2.043045,0.0,0.0,1.4940402234999999,2.043045,1436.23513
Band gap < 0.1 eV,BG_below01,4,4,Beam 3 (metal only),461,eV,1.061795,2.8844,1.4139,0.0,0.0,1.580040831,1.4139,1116.551986
Band gap < 0.1 eV,BG_below01,4,5,Beam 1 (full hypothesis),380,eV,1.0432375,3.20906,1.5981649999999998,0.0,0.0,1.5516174375,1.5981649999999998,1217.14454
Band gap < 0.1 eV,BG_below01,4,5,Beam 2 (chemistry),380,eV,1.0432375,3.20906,1.5981649999999998,0.0,0.0,1.5516174375,1.5981649999999998,1217.14454
Band gap < 0.1 eV,BG_below01,4,5,Beam 3 (metal only),457,eV,1.061793,2.8844,1.4139,0.0,0.0,1.579228694,1.4139,1116.551986
Band gap < 0.1 eV,BG_below01,4,6,Beam 1 (full hypothesis),9,eV,1.131488,3.37746,1.31257,0.0,0.0,1.64035477,1.31257,1546.302279
Band gap < 0.1 eV,BG_below01,4,6,Beam 2 (chemistry),9,eV,1.131488,3.37746,1.31257,0.0,0.0,1.64035477,1.31257,1546.302279
Band gap < 0.1 eV,BG_below01,4,6,Beam 3 (metal only),457,eV,1.061793,2.8844,1.4139,0.0,0.0,1.579228694,1.4139,1116.551986
Band gap < 0.1 eV,BG_below01,4,7,Beam 1 (full hypothesis),81,eV,1.131488,3.07358,1.36237,0.0,0.0,1.571754089,1.36237,1307.525924
Band gap < 0.1 eV,BG_below01,4,7,Beam 2 (chemistry),81,eV,1.131488,3.07358,1.36237,0.0,0.0,1.571754089,1.36237,1307.525924
Band gap < 0.1 eV,BG_below01,4,7,Beam 3 (metal only),461,eV,1.061795,2.8844,1.4139,0.0,0.0,1.580040831,1.4139,1116.551986
Band gap < 0.1 eV,BG_below01,4,8,Beam 1 (full hypothesis),11,eV,1.131488,3.37746,1.32174,0.0,0.0,1.64035477,1.32174,1533.333593
Band gap < 0.1 eV,BG_below01,4,8,Beam 2 (chemistry),11,eV,1.131488,3.37746,1.32174,0.0,0.0,1.64035477,1.32174,1533.333593
Band gap < 0.1 eV,BG_below01,4,8,Beam 3 (metal only),457,eV,1.061793,2.8844,1.4139,0.0,0.0,1.579228694,1.4139,1116.551986
Band gap < 0.1 eV,BG_below01,4,9,Beam 1 (full hypothesis),124,eV,0.6832135,3.386035,1.98523,0.0,0.0,1.53706401,1.98523,1363.2281925
Band gap < 0.1 eV,BG_below01,4,9,Beam 2 (chemistry),124,eV,0.6832135,3.386035,1.98523,0.0,0.0,1.53706401,1.98523,1363.2281925
Band gap < 0.1 eV,BG_below01,4,9,Beam 3 (metal only),1652,eV,0.6977899999999999,2.76845,1.3188,0.0,0.0,1.614769318,1.3188,971.93480725
Band gap < 0.1 eV,BG_below01,4,10,Beam 1 (full hypothesis),195,eV,0.803191,2.93072,1.40122,0.0,0.0,1.597620188,1.40122,979.8701532
Band gap < 0.1 eV,BG_below01,4,10,Beam 2 (chemistry),195,eV,0.803191,2.93072,1.40122,0.0,0.0,1.597620188,1.40122,979.8701532
Band gap < 0.1 eV,BG_below01,4,10,Beam 3 (metal only),1485,eV,0.990322,2.99289,1.4252,0.0,0.0,1.689343009,1.4252,1095.999558
Band gap < 0.1 eV,BG_below01,5,1,Beam 1 (full hypothesis),2853,eV,0.845161,2.99115,1.45514,0.0,0.0,1.617919686,1.45514,1109.954162
Band gap < 0.1 eV,BG_below01,5,1,Beam 2 (chemistry),2853,eV,0.845161,2.99115,1.45514,0.0,0.0,1.617919686,1.45514,1109.954162
Band gap < 0.1 eV,BG_below01,5,1,Beam 3 (metal only),3831,eV,0.855196,2.64236,1.28852,0.0,0.0,1.687256576,1.28852,1009.170236
Band gap < 0.1 eV,BG_below01,5,2,Beam 1 (full hypothesis),419,eV,0.417226,3.806,2.0872,0.0,0.0,1.500133522,2.0872,1261.557545
Band gap < 0.1 eV,BG_below01,5,2,Beam 2 (chemistry),419,eV,0.417226,3.806,2.0872,0.0,0.0,1.500133522,2.0872,1261.557545
Band gap < 0.1 eV,BG_below01,5,2,Beam 3 (metal only),545,eV,0.432377,3.20617,1.60478,0.0,0.0,1.562765936,1.60478,989.8679048
Band gap < 0.1 eV,BG_below01,5,3,Beam 1 (full hypothesis),191,eV,0.379694,4.13283,2.45391,0.0,0.0,1.461085377,2.45391,1472.209645
Band gap < 0.1 eV,BG_below01,5,3,Beam 2 (chemistry),191,eV,0.379694,4.13283,2.45391,0.0,0.0,1.461085377,2.45391,1472.209645
Band gap < 0.1 eV,BG_below01,5,3,Beam 3 (metal only),545,eV,0.432377,3.20617,1.60478,0.0,0.0,1.562765936,1.60478,989.8679048
Band gap < 0.1 eV,BG_below01,5,4,Beam 1 (full hypothesis),18,eV,0.374251,4.67991,3.017995,0.0,0.0,1.3446462305,3.017995,2680.831795
Band gap < 0.1 eV,BG_below01,5,4,Beam 2 (chemistry),18,eV,0.374251,4.67991,3.017995,0.0,0.0,1.3446462305,3.017995,2680.831795
Band gap < 0.1 eV,BG_below01,5,4,Beam 3 (metal only),541,eV,0.431583,3.22201,1.60899,0.0,0.0,1.561157311,1.60899,989.8679048
Band gap < 0.1 eV,BG_below01,5,5,Beam 1 (full hypothesis),9,eV,0.298692,6.29575,4.04612,0.0,0.0,1.102009467,4.04612,2850.567654
Band gap < 0.1 eV,BG_below01,5,5,Beam 2 (chemistry),26,eV,0.35842450000000003,4.41208,2.974985,0.0,0.0,1.4004454905000001,2.974985,1755.8207160000002
Band gap < 0.1 eV,BG_below01,5,5,Beam 3 (metal only),541,eV,0.431583,3.22201,1.60899,0.0,0.0,1.561157311,1.60899,989.8679048
Band gap < 0.1 eV,BG_below01,5,6,Beam 1 (full hypothesis),106,eV,0.33805,5.60116,4.144165,0.0,0.0,1.2196683195000002,4.144165,2343.67504
Band gap < 0.1 eV,BG_below01,5,6,Beam 2 (chemistry),352,eV,0.40677050000000003,3.8185700000000002,2.142065,0.0,0.0,1.509086285,2.142065,1281.7630519999998
Band gap < 0.1 eV,BG_below01,5,6,Beam 3 (metal only),541,eV,0.431583,3.22201,1.60899,0.0,0.0,1.561157311,1.60899,989.8679048
Band gap < 0.1 eV,BG_below01,5,7,Beam 1 (full hypothesis),105,eV,0.336488,5.63211,4.16169,0.0,0.0,1.218951939,4.16169,2429.103065
Band gap < 0.1 eV,BG_below01,5,7,Beam 2 (chemistry),346,eV,0.404873,3.87539,2.1598949999999997,0.0,0.0,1.5076992649999998,2.1598949999999997,1292.88877
Band gap < 0.1 eV,BG_below01,5,7,Beam 3 (metal only),541,eV,0.431583,3.22201,1.60899,0.0,0.0,1.561157311,1.60899,989.8679048
Band gap < 0.1 eV,BG_below01,5,8,Beam 1 (full hypothesis),67,eV,0.330818,5.5407,3.9541,0.0,0.0,1.2203847,3.9541,2497.289994
Band gap < 0.1 eV,BG_below01,5,8,Beam 2 (chemistry),185,eV,0.374405,4.21176,2.4911,0.0,0.0,1.460090448,2.4911,1545.418212
Band gap < 0.1 eV,BG_below01,5,8,Beam 3 (metal only),541,eV,0.431583,3.22201,1.60899,0.0,0.0,1.561157311,1.60899,989.8679048
Band gap < 0.1 eV,BG_below01,5,9,Beam 1 (full hypothesis),77,eV,0.30901,6.07808,4.65686,0.0,0.0,1.190262823,4.65686,2497.289994
Band gap < 0.1 eV,BG_below01,5,9,Beam 2 (chemistry),349,eV,0.405945,3.87085,2.15466,0.0,0.0,1.507939526,2.15466,1292.64318
Band gap < 0.1 eV,BG_below01,5,9,Beam 3 (metal only),545,eV,0.432377,3.20617,1.60478,0.0,0.0,1.562765936,1.60478,989.8679048
Band gap < 0.1 eV,BG_below01,5,10,Beam 1 (full hypothesis),123,eV,0.341744,5.63211,4.20684,0.0,0.0,1.21304659,4.20684,2497.289994
Band gap < 0.1 eV,BG_below01,5,10,Beam 2 (chemistry),503,eV,0.419735,3.33498,1.7552,0.0,0.0,1.536742306,1.7552,1043.990723
Band gap < 0.1 eV,BG_below01,5,10,Beam 3 (metal only),541,eV,0.431583,3.22201,1.60899,0.0,0.0,1.561157311,1.60899,989.8679048
"CH4 uptake (298 K, 35 bar)",CH4_hmof,1,1,Beam 1 (full hypothesis),35629,g/L,110.31274917462298,8.75,7.25,2991.9,0.724677,0.7313234934924456,7.25,0.0
"CH4 uptake (298 K, 35 bar)",CH4_hmof,1,1,Beam 2 (chemistry),35721,g/L,110.21256179173727,8.75,7.25,2984.0,0.724192,0.7313234934924456,7.25,0.0
"CH4 uptake (298 K, 35 bar)",CH4_hmof,1,1,Beam 3 (metal only),50946,g/L,106.67451592754527,8.25,6.75,2820.45,0.7038355000000001,0.7653823437445714,6.75,0.0
"CH4 uptake (298 K, 35 bar)",CH4_hmof,1,2,Beam 1 (full hypothesis),6379,g/L,127.0719514589096,7.75,6.25,3137.2,0.69933,0.748089315150607,6.25,0.0
"CH4 uptake (298 K, 35 bar)",CH4_hmof,1,2,Beam 2 (chemistry),36449,g/L,105.68910145444809,8.25,6.75,2931.3,0.70231,0.7532898007888892,6.75,0.0
"CH4 uptake (298 K, 35 bar)",CH4_hmof,1,2,Beam 3 (metal only),50946,g/L,106.67451592754527,8.25,6.75,2820.45,0.7038355000000001,0.7653823437445714,6.75,0.0
"CH4 uptake (298 K, 35 bar)",CH4_hmof,1,3,Beam 1 (full hypothesis),984,g/L,131.1853591505309,7.75,5.75,2627.7,0.6961135,0.8545770190273076,5.75,0.0
"CH4 uptake (298 K, 35 bar)",CH4_hmof,1,3,Beam 2 (chemistry),22341,g/L,109.73166235388594,8.25,6.75,2649.2,0.70607,0.8056423213410232,6.75,0.0
"CH4 uptake (298 K, 35 bar)",CH4_hmof,1,3,Beam 3 (metal only),50946,g/L,106.67451592754527,8.25,6.75,2820.45,0.7038355000000001,0.7653823437445714,6.75,0.0
"CH4 uptake (298 K, 35 bar)",CH4_hmof,1,4,Beam 1 (full hypothesis),1038,g/L,132.93577585437671,7.75,5.75,2697.15,0.705722,0.8475947064209977,5.75,0.0
"CH4 uptake (298 K, 35 bar)",CH4_hmof,1,4,Beam 2 (chemistry),44117,g/L,106.97937182118318,8.25,6.75,2892.3,0.708243,0.7547265784770851,6.75,0.0
"CH4 uptake (298 K, 35 bar)",CH4_hmof,1,4,Beam 3 (metal only),50946,g/L,106.67451592754527,8.25,6.75,2820.45,0.7038355000000001,0.7653823437445714,6.75,0.0
"CH4 uptake (298 K, 35 bar)",CH4_hmof,1,5,Beam 1 (full hypothesis),14,g/L,149.58298295708036,6.75,5.0,2752.5,0.7596115,0.8291850933037146,5.0,0.0
"CH4 uptake (298 K, 35 bar)",CH4_hmof,1,5,Beam 2 (chemistry),271,g/L,126.39998036941195,11.25,8.75,4756.7,0.845179,0.483898238439761,8.75,0.0
"CH4 uptake (298 K, 35 bar)",CH4_hmof,1,5,Beam 3 (metal only),50946,g/L,106.67451592754527,8.25,6.75,2820.45,0.7038355000000001,0.7653823437445714,6.75,0.0
"CH4 uptake (298 K, 35 bar)",CH4_hmof,1,6,Beam 1 (full hypothesis),27,g/L,150.8499955385027,6.75,4.75,2844.0,0.761748,0.8533604135893649,4.75,0.0
"CH4 uptake (298 K, 35 bar)",CH4_hmof,1,6,Beam 2 (chemistry),17075,g/L,111.51857589006869,8.75,6.75,3109.4,0.731725,0.7160300277153686,6.75,0.0
"CH4 uptake (298 K, 35 bar)",CH4_hmof,1,6,Beam 3 (metal only),44861,g/L,106.80189702864278,8.75,6.75,3068.1,0.719252,0.729420668910433,6.75,0.0
"CH4 uptake (298 K, 35 bar)",CH4_hmof,1,7,Beam 1 (full hypothesis),1,g/L,181.4350566610154,6.25,4.25,3005.5,0.79306,0.81563799700549,4.25,0.0
"CH4 uptake (298 K, 35 bar)",CH4_hmof,1,7,Beam 2 (chemistry),116,g/L,128.00655661640045,12.75,9.75,4815.8,0.8855145,0.4150279878653476,9.75,0.0
"CH4 uptake (298 K, 35 bar)",CH4_hmof,1,7,Beam 3 (metal only),44861,g/L,106.80189702864278,8.75,6.75,3068.1,0.719252,0.729420668910433,6.75,0.0
"CH4 uptake (298 K, 35 bar)",CH4_hmof,1,8,Beam 1 (full hypothesis),3,g/L,176.7348371553493,6.75,4.25,3005.5,0.789245,0.8474790474923506,4.25,0.0
"CH4 uptake (298 K, 35 bar)",CH4_hmof,1,8,Beam 2 (chemistry),3684,g/L,121.08360845899881,9.25,7.25,2920.8,0.725353,0.7207922642126408,7.25,0.0
"CH4 uptake (298 K, 35 bar)",CH4_hmof,1,8,Beam 3 (metal only),44861,g/L,106.80189702864278,8.75,6.75,3068.1,0.719252,0.729420668910433,6.75,0.0
"CH4 uptake (298 K, 35 bar)",CH4_hmof,1,9,Beam 1 (full hypothesis),3,g/L,176.7348371553493,6.25,4.25,3005.5,0.79306,0.8474790474923506,4.25,0.0
"CH4 uptake (298 K, 35 bar)",CH4_hmof,1,9,Beam 2 (chemistry),2664,g/L,126.52915053091816,9.75,8.25,3344.8,0.7609275,0.6368969442255493,8.25,0.0
"CH4 uptake (298 K, 35 bar)",CH4_hmof,1,9,Beam 3 (metal only),44861,g/L,106.80189702864278,8.75,6.75,3068.1,0.719252,0.729420668910433,6.75,0.0
"CH4 uptake (298 K, 35 bar)",CH4_hmof,1,10,Beam 1 (full hypothesis),4,g/L,175.9565958775765,6.25,4.25,2788.05,0.7889094999999999,0.8824651131027458,4.25,0.0
"CH4 uptake (298 K, 35 bar)",CH4_hmof,1,10,Beam 2 (chemistry),6062,g/L,124.68248237708573,9.75,7.75,3638.2,0.7697780000000001,0.6156063690940212,7.75,0.0
"CH4 uptake (298 K, 35 bar)",CH4_hmof,1,10,Beam 3 (metal only),44861,g/L,106.80189702864278,8.75,6.75,3068.1,0.719252,0.729420668910433,6.75,0.0
"CH4 uptake (298 K, 35 bar)",CH4_hmof,2,1,Beam 1 (full hypothesis),35629,g/L,110.31274917462298,8.75,7.25,2991.9,0.724677,0.7313234934924456,7.25,0.0
"CH4 uptake (298 K, 35 bar)",CH4_hmof,2,1,Beam 2 (chemistry),35721,g/L,110.21256179173727,8.75,7.25,2984.0,0.724192,0.7313234934924456,7.25,0.0
"CH4 uptake (298 K, 35 bar)",CH4_hmof,2,1,Beam 3 (metal only),50946,g/L,106.67451592754527,8.25,6.75,2820.45,0.7038355000000001,0.7653823437445714,6.75,0.0
"CH4 uptake (298 K, 35 bar)",CH4_hmof,2,2,Beam 1 (full hypothesis),4375,g/L,128.99411796198802,8.25,7.25,2730.9,0.699725,0.7782787990904537,7.25,0.0
"CH4 uptake (298 K, 35 bar)",CH4_hmof,2,2,Beam 2 (chemistry),14512,g/L,111.68782100472917,8.25,6.75,2382.2,0.679203,0.8322843365456354,6.75,0.0
"CH4 uptake (298 K, 35 bar)",CH4_hmof,2,2,Beam 3 (metal only),19195,g/L,108.0842955295797,8.25,6.75,2304.2,0.666782,0.8519661476597934,6.75,0.0
"CH4 uptake (298 K, 35 bar)",CH4_hmof,2,3,Beam 1 (full hypothesis),543,g/L,142.11079325421608,8.75,7.25,2777.5,0.71841,0.7378821093654853,7.25,0.0
"CH4 uptake (298 K, 35 bar)",CH4_hmof,2,3,Beam 2 (chemistry),3296,g/L,122.91274382082625,8.25,7.25,2758.2,0.707983,0.735079963593811,7.25,0.0
"CH4 uptake (298 K, 35 bar)",CH4_hmof,2,3,Beam 3 (metal only),16783,g/L,109.34093156063173,7.75,6.25,2408.2,0.674482,0.8333199162775721,6.25,0.0
"CH4 uptake (298 K, 35 bar)",CH4_hmof,2,4,Beam 1 (full hypothesis),256,g/L,148.19789238868563,8.75,7.25,2846.75,0.733455,0.7233516118862177,7.25,0.0
"CH4 uptake (298 K, 35 bar)",CH4_hmof,2,4,Beam 2 (chemistry),3296,g/L,122.91274382082625,8.25,7.25,2758.2,0.707983,0.735079963593811,7.25,0.0
"CH4 uptake (298 K, 35 bar)",CH4_hmof,2,4,Beam 3 (metal only),16783,g/L,109.34093156063173,7.75,6.25,2408.2,0.674482,0.8333199162775721,6.25,0.0
"CH4 uptake (298 K, 35 bar)",CH4_hmof,2,5,Beam 1 (full hypothesis),759,g/L,140.79332916926919,9.25,7.75,3255.6,0.755203,0.6804945592883717,7.75,0.0
"CH4 uptake (298 K, 35 bar)",CH4_hmof,2,5,Beam 2 (chemistry),11524,g/L,120.98163201570445,9.75,7.75,3498.9,0.764499,0.6359727360244023,7.75,0.0
"CH4 uptake (298 K, 35 bar)",CH4_hmof,2,5,Beam 3 (metal only),50946,g/L,106.67451592754527,8.25,6.75,2820.45,0.7038355000000001,0.7653823437445714,6.75,0.0
"CH4 uptake (298 K, 35 bar)",CH4_hmof,2,6,Beam 1 (full hypothesis),748,g/L,140.8910118675827,9.25,7.75,3256.15,0.7554105,0.6804404535365582,7.75,0.0
"CH4 uptake (298 K, 35 bar)",CH4_hmof,2,6,Beam 2 (chemistry),11269,g/L,121.1093709288837,9.75,7.75,3547.4,0.76818,0.6286303537122838,7.75,0.0
"CH4 uptake (298 K, 35 bar)",CH4_hmof,2,6,Beam 3 (metal only),48534,g/L,106.99117961988041,8.25,6.75,2895.8500000000004,0.708201,0.7553727214696078,6.75,0.0
"CH4 uptake (298 K, 35 bar)",CH4_hmof,2,7,Beam 1 (full hypothesis),334,g/L,141.61844382974925,9.25,7.75,3042.15,0.7485895,0.7114235034339904,7.75,0.0
"CH4 uptake (298 K, 35 bar)",CH4_hmof,2,7,Beam 2 (chemistry),7282,g/L,120.97984295529578,9.25,7.75,3440.3,0.7604035,0.6437074279448622,7.75,0.0
"CH4 uptake (298 K, 35 bar)",CH4_hmof,2,7,Beam 3 (metal only),50946,g/L,106.67451592754527,8.25,6.75,2820.45,0.7038355000000001,0.7653823437445714,6.75,0.0
"CH4 uptake (298 K, 35 bar)",CH4_hmof,2,8,Beam 1 (full hypothesis),131,g/L,147.01425002230746,9.25,7.75,2926.7,0.758278,0.7256732629073055,7.75,0.0
"CH4 uptake (298 K, 35 bar)",CH4_hmof,2,8,Beam 2 (chemistry),10484,g/L,121.42603462121885,9.75,8.25,3701.35,0.778184,0.6082866530046414,8.25,0.0
"CH4 uptake (298 K, 35 bar)",CH4_hmof,2,8,Beam 3 (metal only),44861,g/L,106.80189702864278,8.75,6.75,3068.1,0.719252,0.729420668910433,6.75,0.0
"CH4 uptake (298 K, 35 bar)",CH4_hmof,2,9,Beam 1 (full hypothesis),297,g/L,148.1055768715981,9.25,7.75,3099.8,0.759765,0.6921589990510667,7.75,0.0
"CH4 uptake (298 K, 35 bar)",CH4_hmof,2,9,Beam 2 (chemistry),9052,g/L,121.44285178906038,9.75,7.75,3629.15,0.765568,0.6215484437771994,7.75,0.0
"CH4 uptake (298 K, 35 bar)",CH4_hmof,2,9,Beam 3 (metal only),44861,g/L,106.80189702864278,8.75,6.75,3068.1,0.719252,0.729420668910433,6.75,0.0
"CH4 uptake (298 K, 35 bar)",CH4_hmof,2,10,Beam 1 (full hypothesis),1870,g/L,138.0918479521727,9.75,8.25,3650.8999999999996,0.770961,0.6194948047030674,8.25,0.0
"CH4 uptake (298 K, 35 bar)",CH4_hmof,2,10,Beam 2 (chemistry),9052,g/L,121.44285178906038,9.75,7.75,3629.15,0.765568,0.6215484437771994,7.75,0.0
"CH4 uptake (298 K, 35 bar)",CH4_hmof,2,10,Beam 3 (metal only),44861,g/L,106.80189702864278,8.75,6.75,3068.1,0.719252,0.729420668910433,6.75,0.0
"CH4 uptake (298 K, 35 bar)",CH4_hmof,3,1,Beam 1 (full hypothesis),36469,g/L,110.1166681538324,8.75,7.25,2996.7,0.724192,0.7309075523587899,7.25,0.0
"CH4 uptake (298 K, 35 bar)",CH4_hmof,3,1,Beam 2 (chemistry),36567,g/L,110.02005889176407,8.75,7.25,2987.6,0.723554,0.7309075523587899,7.25,0.0
"CH4 uptake (298 K, 35 bar)",CH4_hmof,3,1,Beam 3 (metal only),50946,g/L,106.67451592754527,8.25,6.75,2820.45,0.7038355000000001,0.7653823437445714,6.75,0.0
"CH4 uptake (298 K, 35 bar)",CH4_hmof,3,2,Beam 1 (full hypothesis),2566,g/L,133.37409565450164,7.75,6.25,2771.2,0.6887475000000001,0.7694625241081336,6.25,0.0
"CH4 uptake (298 K, 35 bar)",CH4_hmof,3,2,Beam 2 (chemistry),12077,g/L,117.99211207281161,9.25,7.25,3344.4,0.735835,0.6695208871276626,7.25,0.0
"CH4 uptake (298 K, 35 bar)",CH4_hmof,3,2,Beam 3 (metal only),50946,g/L,106.67451592754527,8.25,6.75,2820.45,0.7038355000000001,0.7653823437445714,6.75,0.0
"CH4 uptake (298 K, 35 bar)",CH4_hmof,3,3,Beam 1 (full hypothesis),957,g/L,136.35932185241364,8.25,6.75,2764.3,0.699709,0.769971929292163,6.75,0.0
"CH4 uptake (298 K, 35 bar)",CH4_hmof,3,3,Beam 2 (chemistry),11415,g/L,118.03791201927363,9.25,7.75,3504.1,0.746625,0.646,7.75,0.0
"CH4 uptake (298 K, 35 bar)",CH4_hmof,3,3,Beam 3 (metal only),44861,g/L,106.80189702864278,8.75,6.75,3068.1,0.719252,0.729420668910433,6.75,0.0
"CH4 uptake (298 K, 35 bar)",CH4_hmof,3,4,Beam 1 (full hypothesis),33,g/L,155.86723654858568,8.25,7.25,2497.8,0.730493,0.7867343180981219,7.25,0.0
"CH4 uptake (298 K, 35 bar)",CH4_hmof,3,4,Beam 2 (chemistry),2759,g/L,124.23951101989827,9.25,7.75,3268.4,0.743934,0.6602648138437336,7.75,0.0
"CH4 uptake (298 K, 35 bar)",CH4_hmof,3,4,Beam 3 (metal only),13110,g/L,109.49836887659497,8.25,6.75,2779.05,0.6997115,0.7667568573960953,6.75,0.0
"CH4 uptake (298 K, 35 bar)",CH4_hmof,3,5,Beam 1 (full hypothesis),32,g/L,155.4417979834032,8.25,7.25,2516.6499999999996,0.7272635,0.7859374822413023,7.25,0.0
"CH4 uptake (298 K, 35 bar)",CH4_hmof,3,5,Beam 2 (chemistry),3174,g/L,121.9398527705898,9.25,7.75,3236.2,0.7333655,0.6711238774432118,7.75,0.0
"CH4 uptake (298 K, 35 bar)",CH4_hmof,3,5,Beam 3 (metal only),13110,g/L,109.49836887659497,8.25,6.75,2779.05,0.6997115,0.7667568573960953,6.75,0.0
"CH4 uptake (298 K, 35 bar)",CH4_hmof,3,6,Beam 1 (full hypothesis),16,g/L,158.63419737663958,8.5,7.25,2542.95,0.737217,0.7964988254036129,7.25,0.0
"CH4 uptake (298 K, 35 bar)",CH4_hmof,3,6,Beam 2 (chemistry),898,g/L,128.51930132952617,9.25,7.25,2865.75,0.7326975,0.7143136040200784,7.25,0.0
"CH4 uptake (298 K, 35 bar)",CH4_hmof,3,6,Beam 3 (metal only),13110,g/L,109.49836887659497,8.25,6.75,2779.05,0.6997115,0.7667568573960953,6.75,0.0
"CH4 uptake (298 K, 35 bar)",CH4_hmof,3,7,Beam 1 (full hypothesis),5,g/L,162.9884125992683,8.75,7.25,2155.6,0.74775,0.8501257652698021,7.25,0.0
"CH4 uptake (298 K, 35 bar)",CH4_hmof,3,7,Beam 2 (chemistry),621,g/L,129.43637369501204,8.75,7.25,2614.9,0.721016,0.7418546563530757,7.25,0.0
"CH4 uptake (298 K, 35 bar)",CH4_hmof,3,7,Beam 3 (metal only),13110,g/L,109.49836887659497,8.25,6.75,2779.05,0.6997115,0.7667568573960953,6.75,0.0
"CH4 uptake (298 K, 35 bar)",CH4_hmof,3,8,Beam 1 (full hypothesis),93,g/L,144.75645578656196,8.75,7.25,2572.4,0.72163,0.7880710137166866,7.25,0.0
"CH4 uptake (298 K, 35 bar)",CH4_hmof,3,8,Beam 2 (chemistry),10076,g/L,121.15624431159095,9.25,7.75,3431.0,0.7495354999999999,0.6459267833888004,7.75,0.0
"CH4 uptake (298 K, 35 bar)",CH4_hmof,3,8,Beam 3 (metal only),50946,g/L,106.67451592754527,8.25,6.75,2820.45,0.7038355000000001,0.7653823437445714,6.75,0.0
"CH4 uptake (298 K, 35 bar)",CH4_hmof,3,9,Beam 1 (full hypothesis),7,g/L,162.9884125992683,8.75,7.25,2494.1,0.753492,0.7927107974820576,7.25,0.0
"CH4 uptake (298 K, 35 bar)",CH4_hmof,3,9,Beam 2 (chemistry),2938,g/L,125.2277879896493,9.75,7.75,3307.4,0.7560085,0.6446807439619284,7.75,0.0
"CH4 uptake (298 K, 35 bar)",CH4_hmof,3,9,Beam 3 (metal only),44861,g/L,106.80189702864278,8.75,6.75,3068.1,0.719252,0.729420668910433,6.75,0.0
"CH4 uptake (298 K, 35 bar)",CH4_hmof,3,10,Beam 1 (full hypothesis),56,g/L,145.2076568216293,8.75,7.25,3256.1,0.7572865,0.6899297287133965,7.25,0.0
"CH4 uptake (298 K, 35 bar)",CH4_hmof,3,10,Beam 2 (chemistry),9042,g/L,121.78778263585257,9.75,8.25,3675.75,0.7672245,0.6153784305317325,8.25,0.0
"CH4 uptake (298 K, 35 bar)",CH4_hmof,3,10,Beam 3 (metal only),44861,g/L,106.80189702864278,8.75,6.75,3068.1,0.719252,0.729420668910433,6.75,0.0
"CH4 uptake (298 K, 35 bar)",CH4_hmof,4,1,Beam 1 (full hypothesis),36310,g/L,110.17499152315516,8.75,7.25,3001.3,0.7246565,0.7301724556044624,7.25,0.0
"CH4 uptake (298 K, 35 bar)",CH4_hmof,4,1,Beam 2 (chemistry),36405,g/L,110.10808066387078,8.75,7.25,2992.6,0.724152,0.7301724556044624,7.25,0.0
"CH4 uptake (298 K, 35 bar)",CH4_hmof,4,1,Beam 3 (metal only),50946,g/L,106.67451592754527,8.25,6.75,2820.45,0.7038355000000001,0.7653823437445714,6.75,0.0
"CH4 uptake (298 K, 35 bar)",CH4_hmof,4,2,Beam 1 (full hypothesis),22,g/L,150.93372356562858,6.75,4.75,2740.1000000000004,0.7285975,0.7921447207468569,4.75,0.0
"CH4 uptake (298 K, 35 bar)",CH4_hmof,4,2,Beam 2 (chemistry),386,g/L,131.0336468278754,11.75,9.25,4621.9,0.8631925,0.46827311679009165,9.25,0.0
"CH4 uptake (298 K, 35 bar)",CH4_hmof,4,2,Beam 3 (metal only),50946,g/L,106.67451592754527,8.25,6.75,2820.45,0.7038355000000001,0.7653823437445714,6.75,0.0
"CH4 uptake (298 K, 35 bar)",CH4_hmof,4,3,Beam 3 (metal only),51145,g/L,106.66306594092977,8.25,6.75,2816.9,0.703598,0.76634025523614,6.75,0.0
"CH4 uptake (298 K, 35 bar)",CH4_hmof,4,4,Beam 1 (full hypothesis),236,g/L,142.88259391451768,8.25,6.25,3314.6499999999996,0.733908,0.7037465638532651,6.25,0.0
"CH4 uptake (298 K, 35 bar)",CH4_hmof,4,4,Beam 2 (chemistry),2695,g/L,122.10551976443291,9.25,7.75,3399.5,0.747496,0.6594576097671829,7.75,0.0
"CH4 uptake (298 K, 35 bar)",CH4_hmof,4,4,Beam 3 (metal only),50946,g/L,106.67451592754527,8.25,6.75,2820.45,0.7038355000000001,0.7653823437445714,6.75,0.0
"CH4 uptake (298 K, 35 bar)",CH4_hmof,4,5,Beam 1 (full hypothesis),55,g/L,152.16245025430533,8.25,6.25,2961.9,0.753117,0.7137745328369538,6.25,0.0
"CH4 uptake (298 K, 35 bar)",CH4_hmof,4,5,Beam 2 (chemistry),559,g/L,129.14940840546086,11.25,8.75,4473.4,0.847194,0.49198748643299506,8.75,0.0
"CH4 uptake (298 K, 35 bar)",CH4_hmof,4,5,Beam 3 (metal only),50946,g/L,106.67451592754527,8.25,6.75,2820.45,0.7038355000000001,0.7653823437445714,6.75,0.0
"CH4 uptake (298 K, 35 bar)",CH4_hmof,4,6,Beam 1 (full hypothesis),14,g/L,161.35714731864013,8.75,6.75,3130.8999999999996,0.787271,0.6976845172868726,6.75,0.0
"CH4 uptake (298 K, 35 bar)",CH4_hmof,4,6,Beam 2 (chemistry),322,g/L,131.83156777014364,12.0,9.5,4660.7,0.86775,0.4633737530466102,9.5,0.0
"CH4 uptake (298 K, 35 bar)",CH4_hmof,4,6,Beam 3 (metal only),50946,g/L,106.67451592754527,8.25,6.75,2820.45,0.7038355000000001,0.7653823437445714,6.75,0.0
"CH4 uptake (298 K, 35 bar)",CH4_hmof,4,7,Beam 1 (full hypothesis),8,g/L,161.60511109128223,8.75,6.75,3103.3999999999996,0.787271,0.6763891385312644,6.75,0.0
"CH4 uptake (298 K, 35 bar)",CH4_hmof,4,7,Beam 2 (chemistry),316,g/L,131.485921299188,12.25,9.75,4671.6,0.8684665,0.45994097548640367,9.75,0.0
"CH4 uptake (298 K, 35 bar)",CH4_hmof,4,7,Beam 3 (metal only),44861,g/L,106.80189702864278,8.75,6.75,3068.1,0.719252,0.729420668910433,6.75,0.0
"CH4 uptake (298 K, 35 bar)",CH4_hmof,4,8,Beam 1 (full hypothesis),40,g/L,141.1683162309271,8.75,7.25,3492.0,0.7832755,0.6641024570400988,7.25,0.0
"CH4 uptake (298 K, 35 bar)",CH4_hmof,4,8,Beam 2 (chemistry),5310,g/L,111.64416793075755,8.25,6.75,2674.7,0.7072134999999999,0.7991620222143168,6.75,0.0
"CH4 uptake (298 K, 35 bar)",CH4_hmof,4,8,Beam 3 (metal only),44861,g/L,106.80189702864278,8.75,6.75,3068.1,0.719252,0.729420668910433,6.75,0.0
"CH4 uptake (298 K, 35 bar)",CH4_hmof,4,9,Beam 1 (full hypothesis),12,g/L,159.06893905594714,8.75,7.25,3253.4,0.792108,0.6636163698453235,7.25,0.0
"CH4 uptake (298 K, 35 bar)",CH4_hmof,4,9,Beam 2 (chemistry),988,g/L,115.83200053537966,9.75,7.75,3656.75,0.7778615,0.621500424191007,7.75,0.0
"CH4 uptake (298 K, 35 bar)",CH4_hmof,4,9,Beam 3 (metal only),44861,g/L,106.80189702864278,8.75,6.75,3068.1,0.719252,0.729420668910433,6.75,0.0
"CH4 uptake (298 K, 35 bar)",CH4_hmof,4,10,Beam 1 (full hypothesis),9,g/L,158.39553671812257,9.25,7.25,3113.7,0.79317,0.6721323749625636,7.25,0.0
"CH4 uptake (298 K, 35 bar)",CH4_hmof,4,10,Beam 2 (chemistry),2812,g/L,108.86468367984293,9.75,7.75,3433.1000000000004,0.7735575,0.6590909090909091,7.75,0.0
"CH4 uptake (298 K, 35 bar)",CH4_hmof,4,10,Beam 3 (metal only),44861,g/L,106.80189702864278,8.75,6.75,3068.1,0.719252,0.729420668910433,6.75,0.0
"CH4 uptake (298 K, 35 bar)",CH4_hmof,5,1,Beam 1 (full hypothesis),35629,g/L,110.31274917462298,8.75,7.25,2991.9,0.724677,0.7313234934924456,7.25,0.0
"CH4 uptake (298 K, 35 bar)",CH4_hmof,5,1,Beam 2 (chemistry),35721,g/L,110.21256179173727,8.75,7.25,2984.0,0.724192,0.7313234934924456,7.25,0.0
"CH4 uptake (298 K, 35 bar)",CH4_hmof,5,1,Beam 3 (metal only),50946,g/L,106.67451592754527,8.25,6.75,2820.45,0.7038355000000001,0.7653823437445714,6.75,0.0
"CH4 uptake (298 K, 35 bar)",CH4_hmof,5,2,Beam 1 (full hypothesis),45,g/L,153.84273579013114,8.25,7.25,2436.7,0.711776,0.8066939890710382,7.25,0.0
"CH4 uptake (298 K, 35 bar)",CH4_hmof,5,2,Beam 2 (chemistry),1222,g/L,127.27626215758006,9.25,7.75,2949.8,0.7320800000000001,0.693181181146213,7.75,0.0
"CH4 uptake (298 K, 35 bar)",CH4_hmof,5,2,Beam 3 (metal only),13110,g/L,109.49836887659497,8.25,6.75,2779.05,0.6997115,0.7667568573960953,6.75,0.0
"CH4 uptake (298 K, 35 bar)",CH4_hmof,5,3,Beam 1 (full hypothesis),9,g/L,159.26358882841078,8.25,7.25,2360.0,0.719475,0.8293369776783865,7.25,0.0
"CH4 uptake (298 K, 35 bar)",CH4_hmof,5,3,Beam 2 (chemistry),765,g/L,128.56259659141605,8.75,7.25,2713.7,0.725102,0.7311527153228354,7.25,0.0
"CH4 uptake (298 K, 35 bar)",CH4_hmof,5,3,Beam 3 (metal only),13110,g/L,109.49836887659497,8.25,6.75,2779.05,0.6997115,0.7667568573960953,6.75,0.0
"CH4 uptake (298 K, 35 bar)",CH4_hmof,5,4,Beam 1 (full hypothesis),6,g/L,162.54794592665297,8.75,7.25,2351.2,0.730196,0.8307124817868887,7.25,0.0
"CH4 uptake (298 K, 35 bar)",CH4_hmof,5,4,Beam 2 (chemistry),499,g/L,127.91710359596678,8.25,6.75,2376.0,0.693635,0.8054616582475597,6.75,0.0
"CH4 uptake (298 K, 35 bar)",CH4_hmof,5,4,Beam 3 (metal only),13110,g/L,109.49836887659497,8.25,6.75,2779.05,0.6997115,0.7667568573960953,6.75,0.0
"CH4 uptake (298 K, 35 bar)",CH4_hmof,5,5,Beam 1 (full hypothesis),249,g/L,143.26724190238244,8.75,7.75,2804.3,0.727528,0.7403908919863302,7.75,0.0
"CH4 uptake (298 K, 35 bar)",CH4_hmof,5,5,Beam 2 (chemistry),15564,g/L,117.44108146694029,9.25,7.75,3454.45,0.748575,0.6448559905697712,7.75,0.0
"CH4 uptake (298 K, 35 bar)",CH4_hmof,5,5,Beam 3 (metal only),50946,g/L,106.67451592754527,8.25,6.75,2820.45,0.7038355000000001,0.7653823437445714,6.75,0.0
"CH4 uptake (298 K, 35 bar)",CH4_hmof,5,6,Beam 1 (full hypothesis),6,g/L,162.54794592665297,8.75,7.25,2351.2,0.730196,0.8307124817868887,7.25,0.0
"CH4 uptake (298 K, 35 bar)",CH4_hmof,5,6,Beam 2 (chemistry),523,g/L,130.21497278486657,8.75,7.25,2591.8,0.713232,0.7443947050935966,7.25,0.0
"CH4 uptake (298 K, 35 bar)",CH4_hmof,5,6,Beam 3 (metal only),13110,g/L,109.49836887659497,8.25,6.75,2779.05,0.6997115,0.7667568573960953,6.75,0.0
"CH4 uptake (298 K, 35 bar)",CH4_hmof,5,7,Beam 1 (full hypothesis),6,g/L,162.54794592665297,8.75,7.25,2351.2,0.730196,0.8307124817868887,7.25,0.0
"CH4 uptake (298 K, 35 bar)",CH4_hmof,5,7,Beam 2 (chemistry),451,g/L,129.51008298384934,8.25,7.25,2417.4,0.708156,0.7750959551225273,7.25,0.0
"CH4 uptake (298 K, 35 bar)",CH4_hmof,5,7,Beam 3 (metal only),13110,g/L,109.49836887659497,8.25,6.75,2779.05,0.6997115,0.7667568573960953,6.75,0.0
"CH4 uptake (298 K, 35 bar)",CH4_hmof,5,8,Beam 1 (full hypothesis),29,g/L,151.53341661461585,7.75,6.75,2121.7,0.693947,0.8555243281222555,6.75,0.0
"CH4 uptake (298 K, 35 bar)",CH4_hmof,5,8,Beam 2 (chemistry),416,g/L,129.31936914428482,8.25,6.75,2364.15,0.6948,0.7986287557975399,6.75,0.0
"CH4 uptake (298 K, 35 bar)",CH4_hmof,5,8,Beam 3 (metal only),13110,g/L,109.49836887659497,8.25,6.75,2779.05,0.6997115,0.7667568573960953,6.75,0.0
"CH4 uptake (298 K, 35 bar)",CH4_hmof,5,9,Beam 1 (full hypothesis),1,g/L,178.11169804586416,7.75,6.75,1965.8,0.784674,0.9620002034794994,6.75,0.0
"CH4 uptake (298 K, 35 bar)",CH4_hmof,5,9,Beam 2 (chemistry),77,g/L,130.67655037030426,9.75,7.75,3036.6,0.767519,0.7075015621402967,7.75,0.0
"CH4 uptake (298 K, 35 bar)",CH4_hmof,5,9,Beam 3 (metal only),13110,g/L,109.49836887659497,8.25,6.75,2779.05,0.6997115,0.7667568573960953,6.75,0.0
"CH4 uptake (298 K, 35 bar)",CH4_hmof,5,10,Beam 1 (full hypothesis),1,g/L,178.11169804586416,7.75,6.75,1965.8,0.784674,0.9620002034794994,6.75,0.0
"CH4 uptake (298 K, 35 bar)",CH4_hmof,5,10,Beam 2 (chemistry),24,g/L,123.96041759614525,7.75,6.75,1509.3,0.6519005,1.059577174985935,6.75,0.0
"CH4 uptake (298 K, 35 bar)",CH4_hmof,5,10,Beam 3 (metal only),13110,g/L,109.49836887659497,8.25,6.75,2779.05,0.6997115,0.7667568573960953,6.75,0.0
"CO2 uptake (298 K, 2.5 bar)",CO2_hmof,1,1,Beam 1 (full hypothesis),16273,mol/kg,4.97817,9.25,7.75,3213.1,0.744985,0.6877146631439893,7.75,0.0
"CO2 uptake (298 K, 2.5 bar)",CO2_hmof,1,1,Beam 2 (chemistry),16299,mol/kg,4.96872,9.25,7.75,3207.4,0.744726,0.6877146631439893,7.75,0.0
"CO2 uptake (298 K, 2.5 bar)",CO2_hmof,1,1,Beam 3 (metal only),50946,mol/kg,4.861255,8.25,6.75,2820.45,0.7038355000000001,0.7653823437445714,6.75,0.0
"CO2 uptake (298 K, 2.5 bar)",CO2_hmof,1,2,Beam 1 (full hypothesis),9252,mol/kg,7.619725,7.25,5.75,2526.15,0.6641965,0.8307637114310606,5.75,0.0
"CO2 uptake (298 K, 2.5 bar)",CO2_hmof,1,2,Beam 2 (chemistry),38117,mol/kg,5.14252,8.75,6.75,2954.6,0.718095,0.7380558589483539,6.75,0.0
"CO2 uptake (298 K, 2.5 bar)",CO2_hmof,1,2,Beam 3 (metal only),50946,mol/kg,4.861255,8.25,6.75,2820.45,0.7038355000000001,0.7653823437445714,6.75,0.0
"CO2 uptake (298 K, 2.5 bar)",CO2_hmof,1,3,Beam 1 (full hypothesis),850,mol/kg,9.124235,7.75,6.25,2928.45,0.701951,0.7602905808439088,6.25,0.0
"CO2 uptake (298 K, 2.5 bar)",CO2_hmof,1,3,Beam 2 (chemistry),3705,mol/kg,6.31229,8.75,7.25,3207.9,0.730039,0.6972086511813949,7.25,0.0
"CO2 uptake (298 K, 2.5 bar)",CO2_hmof,1,3,Beam 3 (metal only),50946,mol/kg,4.861255,8.25,6.75,2820.45,0.7038355000000001,0.7653823437445714,6.75,0.0
"CO2 uptake (298 K, 2.5 bar)",CO2_hmof,1,4,Beam 1 (full hypothesis),689,mol/kg,8.96766,7.75,6.25,2944.3,0.707836,0.7435157435157436,6.25,0.0
"CO2 uptake (298 K, 2.5 bar)",CO2_hmof,1,4,Beam 2 (chemistry),2542,mol/kg,6.39105,9.25,7.75,3389.1499999999996,0.7466250000000001,0.6591063733272852,7.75,0.0
"CO2 uptake (298 K, 2.5 bar)",CO2_hmof,1,4,Beam 3 (metal only),50946,mol/kg,4.861255,8.25,6.75,2820.45,0.7038355000000001,0.7653823437445714,6.75,0.0
"CO2 uptake (298 K, 2.5 bar)",CO2_hmof,1,5,Beam 1 (full hypothesis),480,mol/kg,9.173549999999999,8.25,6.25,3045.15,0.7168525,0.733155283797974,6.25,0.0
"CO2 uptake (298 K, 2.5 bar)",CO2_hmof,1,5,Beam 2 (chemistry),2695,mol/kg,6.32747,9.25,7.75,3399.5,0.747496,0.6594576097671829,7.75,0.0
"CO2 uptake (298 K, 2.5 bar)",CO2_hmof,1,5,Beam 3 (metal only),50946,mol/kg,4.861255,8.25,6.75,2820.45,0.7038355000000001,0.7653823437445714,6.75,0.0
"CO2 uptake (298 K, 2.5 bar)",CO2_hmof,1,6,Beam 1 (full hypothesis),501,mol/kg,9.16417,8.25,6.25,3058.1,0.717587,0.7323221683870516,6.25,0.0
"CO2 uptake (298 K, 2.5 bar)",CO2_hmof,1,6,Beam 2 (chemistry),2779,mol/kg,6.35052,9.25,7.75,3383.9,0.74603,0.6603191924703314,7.75,0.0
"CO2 uptake (298 K, 2.5 bar)",CO2_hmof,1,6,Beam 3 (metal only),50946,mol/kg,4.861255,8.25,6.75,2820.45,0.7038355000000001,0.7653823437445714,6.75,0.0
"CO2 uptake (298 K, 2.5 bar)",CO2_hmof,1,7,Beam 1 (full hypothesis),1004,mol/kg,8.39822,8.25,6.25,3516.1499999999996,0.7308335,0.6997445825727011,6.25,0.0
"CO2 uptake (298 K, 2.5 bar)",CO2_hmof,1,7,Beam 2 (chemistry),23155,mol/kg,5.04712,8.25,6.75,2916.8,0.706556,0.7461754849438594,6.75,0.0
"CO2 uptake (298 K, 2.5 bar)",CO2_hmof,1,7,Beam 3 (metal only),50946,mol/kg,4.861255,8.25,6.75,2820.45,0.7038355000000001,0.7653823437445714,6.75,0.0
"CO2 uptake (298 K, 2.5 bar)",CO2_hmof,1,8,Beam 1 (full hypothesis),109,mol/kg,9.94514,7.75,5.75,2944.2,0.704039,0.7329603795630775,5.75,0.0
"CO2 uptake (298 K, 2.5 bar)",CO2_hmof,1,8,Beam 2 (chemistry),1418,mol/kg,6.44107,11.0,9.25,3919.3,0.7895105,0.570017151975573,9.25,0.0
"CO2 uptake (298 K, 2.5 bar)",CO2_hmof,1,8,Beam 3 (metal only),50946,mol/kg,4.861255,8.25,6.75,2820.45,0.7038355000000001,0.7653823437445714,6.75,0.0
"CO2 uptake (298 K, 2.5 bar)",CO2_hmof,1,9,Beam 1 (full hypothesis),44,mol/kg,11.17125,8.0,5.75,3434.9,0.730966,0.6906242176148698,5.75,0.0
"CO2 uptake (298 K, 2.5 bar)",CO2_hmof,1,9,Beam 2 (chemistry),1320,mol/kg,6.493065,10.75,9.25,3888.3,0.7879514999999999,0.5744526012277099,9.25,0.0
"CO2 uptake (298 K, 2.5 bar)",CO2_hmof,1,9,Beam 3 (metal only),50946,mol/kg,4.861255,8.25,6.75,2820.45,0.7038355000000001,0.7653823437445714,6.75,0.0
"CO2 uptake (298 K, 2.5 bar)",CO2_hmof,1,10,Beam 1 (full hypothesis),25,mol/kg,12.2184,7.75,5.75,3106.2,0.732094,0.7037498005425242,5.75,0.0
"CO2 uptake (298 K, 2.5 bar)",CO2_hmof,1,10,Beam 2 (chemistry),858,mol/kg,6.933215000000001,11.25,9.25,3861.4,0.7969865,0.5646931703509073,9.25,0.0
"CO2 uptake (298 K, 2.5 bar)",CO2_hmof,1,10,Beam 3 (metal only),50946,mol/kg,4.861255,8.25,6.75,2820.45,0.7038355000000001,0.7653823437445714,6.75,0.0
"CO2 uptake (298 K, 2.5 bar)",CO2_hmof,2,1,Beam 1 (full hypothesis),35800,mol/kg,5.17957,8.75,7.25,2995.45,0.7247005,0.730585438895188,7.25,0.0
"CO2 uptake (298 K, 2.5 bar)",CO2_hmof,2,1,Beam 2 (chemistry),35892,mol/kg,5.170135,8.75,7.25,2987.3500000000004,0.724209,0.730585438895188,7.25,0.0
"CO2 uptake (298 K, 2.5 bar)",CO2_hmof,2,1,Beam 3 (metal only),50946,mol/kg,4.861255,8.25,6.75,2820.45,0.7038355000000001,0.7653823437445714,6.75,0.0
"CO2 uptake (298 K, 2.5 bar)",CO2_hmof,2,2,Beam 1 (full hypothesis),8203,mol/kg,7.4704,7.75,6.25,2836.7,0.68162,0.7788366017881453,6.25,0.0
"CO2 uptake (298 K, 2.5 bar)",CO2_hmof,2,2,Beam 2 (chemistry),35879,mol/kg,5.02157,8.75,6.75,3138.8,0.71067,0.7142125495460214,6.75,0.0
"CO2 uptake (298 K, 2.5 bar)",CO2_hmof,2,2,Beam 3 (metal only),50946,mol/kg,4.861255,8.25,6.75,2820.45,0.7038355000000001,0.7653823437445714,6.75,0.0
"CO2 uptake (298 K, 2.5 bar)",CO2_hmof,2,3,Beam 1 (full hypothesis),40,mol/kg,7.300325,7.75,6.25,3340.7,0.7219465,0.6958517908450808,6.25,0.0
"CO2 uptake (298 K, 2.5 bar)",CO2_hmof,2,3,Beam 2 (chemistry),1172,mol/kg,4.418305,10.25,8.75,4118.35,0.7825949999999999,0.5450534532496182,8.75,0.0
"CO2 uptake (298 K, 2.5 bar)",CO2_hmof,2,3,Beam 3 (metal only),50946,mol/kg,4.861255,8.25,6.75,2820.45,0.7038355000000001,0.7653823437445714,6.75,0.0
"CO2 uptake (298 K, 2.5 bar)",CO2_hmof,2,4,Beam 1 (full hypothesis),5443,mol/kg,8.0645,7.75,5.75,3142.5,0.697124,0.7429612203081126,5.75,0.0
"CO2 uptake (298 K, 2.5 bar)",CO2_hmof,2,4,Beam 2 (chemistry),35439,mol/kg,5.04119,8.75,6.75,3163.1,0.712116,0.7106683429055953,6.75,0.0
"CO2 uptake (298 K, 2.5 bar)",CO2_hmof,2,4,Beam 3 (metal only),50946,mol/kg,4.861255,8.25,6.75,2820.45,0.7038355000000001,0.7653823437445714,6.75,0.0
"CO2 uptake (298 K, 2.5 bar)",CO2_hmof,2,5,Beam 1 (full hypothesis),602,mol/kg,9.661415,7.75,5.75,3182.65,0.7118635,0.728032256929946,5.75,0.0
"CO2 uptake (298 K, 2.5 bar)",CO2_hmof,2,5,Beam 2 (chemistry),8884,mol/kg,6.324565,9.75,8.25,3653.55,0.766212,0.6185008923259965,8.25,0.0
"CO2 uptake (298 K, 2.5 bar)",CO2_hmof,2,5,Beam 3 (metal only),44861,mol/kg,4.87619,8.75,6.75,3068.1,0.719252,0.729420668910433,6.75,0.0
"CO2 uptake (298 K, 2.5 bar)",CO2_hmof,2,6,Beam 1 (full hypothesis),2436,mol/kg,8.14019,7.75,5.75,3473.55,0.71531,0.711049179386087,5.75,0.0
"CO2 uptake (298 K, 2.5 bar)",CO2_hmof,2,6,Beam 2 (chemistry),40687,mol/kg,4.81905,8.75,6.75,3086.7,0.719815,0.7273201537616695,6.75,0.0
"CO2 uptake (298 K, 2.5 bar)",CO2_hmof,2,6,Beam 3 (metal only),44861,mol/kg,4.87619,8.75,6.75,3068.1,0.719252,0.729420668910433,6.75,0.0
"CO2 uptake (298 K, 2.5 bar)",CO2_hmof,2,7,Beam 1 (full hypothesis),513,mol/kg,9.79229,7.25,5.25,3184.0,0.697121,0.7324959481361426,5.25,0.0
"CO2 uptake (298 K, 2.5 bar)",CO2_hmof,2,7,Beam 2 (chemistry),3896,mol/kg,5.821105,9.75,8.25,4024.05,0.777266,0.5780061540882833,8.25,0.0
"CO2 uptake (298 K, 2.5 bar)",CO2_hmof,2,7,Beam 3 (metal only),44861,mol/kg,4.87619,8.75,6.75,3068.1,0.719252,0.729420668910433,6.75,0.0
"CO2 uptake (298 K, 2.5 bar)",CO2_hmof,2,8,Beam 1 (full hypothesis),233,mol/kg,9.28217,7.75,4.75,3647.2,0.707273,0.7031240737447387,4.75,0.0
"CO2 uptake (298 K, 2.5 bar)",CO2_hmof,2,8,Beam 2 (chemistry),32579,mol/kg,4.95469,8.25,6.75,3097.2,0.703561,0.7202151272473221,6.75,0.0
"CO2 uptake (298 K, 2.5 bar)",CO2_hmof,2,8,Beam 3 (metal only),50946,mol/kg,4.861255,8.25,6.75,2820.45,0.7038355000000001,0.7653823437445714,6.75,0.0
"CO2 uptake (298 K, 2.5 bar)",CO2_hmof,2,9,Beam 1 (full hypothesis),148,mol/kg,8.761375000000001,7.75,4.75,3634.2,0.7064595,0.7017810594707683,4.75,0.0
"CO2 uptake (298 K, 2.5 bar)",CO2_hmof,2,9,Beam 2 (chemistry),23168,mol/kg,4.89536,8.75,7.25,3189.1499999999996,0.7322415,0.7032445594415687,7.25,0.0
"CO2 uptake (298 K, 2.5 bar)",CO2_hmof,2,9,Beam 3 (metal only),44861,mol/kg,4.87619,8.75,6.75,3068.1,0.719252,0.729420668910433,6.75,0.0
"CO2 uptake (298 K, 2.5 bar)",CO2_hmof,2,10,Beam 1 (full hypothesis),7,mol/kg,11.4648,7.75,4.75,3446.7,0.697766,0.6915171729919769,4.75,0.0
"CO2 uptake (298 K, 2.5 bar)",CO2_hmof,2,10,Beam 2 (chemistry),422,mol/kg,6.354625,10.25,8.75,4176.1,0.7798845,0.5584755331713569,8.75,0.0
"CO2 uptake (298 K, 2.5 bar)",CO2_hmof,2,10,Beam 3 (metal only),31751,mol/kg,5.00339,8.75,6.75,3182.8,0.726934,0.7149986691091905,6.75,0.0
"CO2 uptake (298 K, 2.5 bar)",CO2_hmof,3,1,Beam 1 (full hypothesis),38315,mol/kg,5.05036,8.75,7.25,2959.1,0.719171,0.737988019004338,7.25,0.0
"CO2 uptake (298 K, 2.5 bar)",CO2_hmof,3,1,Beam 2 (chemistry),38431,mol/kg,5.04158,8.75,7.25,2951.2,0.718636,0.737988019004338,7.25,0.0
"CO2 uptake (298 K, 2.5 bar)",CO2_hmof,3,1,Beam 3 (metal only),50946,mol/kg,4.861255,8.25,6.75,2820.45,0.7038355000000001,0.7653823437445714,6.75,0.0
"CO2 uptake (298 K, 2.5 bar)",CO2_hmof,3,2,Beam 1 (full hypothesis),13133,mol/kg,6.52051,6.75,4.75,2129.3,0.624023,0.8765329863164951,4.75,0.0
"CO2 uptake (298 K, 2.5 bar)",CO2_hmof,3,2,Beam 2 (chemistry),24080,mol/kg,5.285405,9.25,7.25,3367.25,0.7347545,0.6703978381455625,7.25,0.0
"CO2 uptake (298 K, 2.5 bar)",CO2_hmof,3,2,Beam 3 (metal only),50946,mol/kg,4.861255,8.25,6.75,2820.45,0.7038355000000001,0.7653823437445714,6.75,0.0
"CO2 uptake (298 K, 2.5 bar)",CO2_hmof,3,3,Beam 1 (full hypothesis),3978,mol/kg,8.142700000000001,7.75,5.75,2807.9,0.685909,0.7919051694798968,5.75,0.0
"CO2 uptake (298 K, 2.5 bar)",CO2_hmof,3,3,Beam 2 (chemistry),13220,mol/kg,5.3660250000000005,8.75,6.75,3361.95,0.739147,0.6795942508985893,6.75,0.0
"CO2 uptake (298 K, 2.5 bar)",CO2_hmof,3,3,Beam 3 (metal only),44861,mol/kg,4.87619,8.75,6.75,3068.1,0.719252,0.729420668910433,6.75,0.0
"CO2 uptake (298 K, 2.5 bar)",CO2_hmof,3,4,Beam 1 (full hypothesis),7218,mol/kg,8.046575,7.75,5.75,2900.8,0.683867,0.7783476871791418,5.75,0.0
"CO2 uptake (298 K, 2.5 bar)",CO2_hmof,3,4,Beam 2 (chemistry),39451,mol/kg,4.86367,8.75,6.75,3121.9,0.722405,0.7212146647081747,6.75,0.0
"CO2 uptake (298 K, 2.5 bar)",CO2_hmof,3,4,Beam 3 (metal only),44861,mol/kg,4.87619,8.75,6.75,3068.1,0.719252,0.729420668910433,6.75,0.0
"CO2 uptake (298 K, 2.5 bar)",CO2_hmof,3,5,Beam 1 (full hypothesis),1706,mol/kg,8.78819,7.25,5.25,2897.8,0.676142,0.7666131904285822,5.25,0.0
"CO2 uptake (298 K, 2.5 bar)",CO2_hmof,3,5,Beam 2 (chemistry),9732,mol/kg,5.55056,9.25,7.25,3634.2,0.7454165,0.6364694166971882,7.25,0.0
"CO2 uptake (298 K, 2.5 bar)",CO2_hmof,3,5,Beam 3 (metal only),44861,mol/kg,4.87619,8.75,6.75,3068.1,0.719252,0.729420668910433,6.75,0.0
"CO2 uptake (298 K, 2.5 bar)",CO2_hmof,3,6,Beam 1 (full hypothesis),4,mol/kg,10.214485,7.5,5.25,3655.3,0.7074945,0.6873845221016499,5.25,0.0
"CO2 uptake (298 K, 2.5 bar)",CO2_hmof,3,6,Beam 2 (chemistry),54,mol/kg,6.156140000000001,11.5,10.25,4086.7999999999997,0.7664230000000001,0.5175136159716649,10.25,0.0
"CO2 uptake (298 K, 2.5 bar)",CO2_hmof,3,6,Beam 3 (metal only),44861,mol/kg,4.87619,8.75,6.75,3068.1,0.719252,0.729420668910433,6.75,0.0
"CO2 uptake (298 K, 2.5 bar)",CO2_hmof,3,7,Beam 1 (full hypothesis),2,mol/kg,11.90625,7.25,5.0,3260.6499999999996,0.7074945,0.7069257584212248,5.0,0.0
"CO2 uptake (298 K, 2.5 bar)",CO2_hmof,3,7,Beam 2 (chemistry),43,mol/kg,6.09211,11.75,10.25,4184.9,0.767823,0.5183382100696197,10.25,0.0
"CO2 uptake (298 K, 2.5 bar)",CO2_hmof,3,7,Beam 3 (metal only),44861,mol/kg,4.87619,8.75,6.75,3068.1,0.719252,0.729420668910433,6.75,0.0
"CO2 uptake (298 K, 2.5 bar)",CO2_hmof,3,8,Beam 1 (full hypothesis),3,mol/kg,11.8479,7.25,5.25,3487.9,0.685131,0.7076751053642594,5.25,0.0
"CO2 uptake (298 K, 2.5 bar)",CO2_hmof,3,8,Beam 2 (chemistry),39,mol/kg,6.09211,9.25,7.25,4372.1,0.767823,0.5895683077244694,7.25,0.0
"CO2 uptake (298 K, 2.5 bar)",CO2_hmof,3,8,Beam 3 (metal only),31751,mol/kg,5.00339,8.75,6.75,3182.8,0.726934,0.7149986691091905,6.75,0.0
"CO2 uptake (298 K, 2.5 bar)",CO2_hmof,3,9,Beam 1 (full hypothesis),3,mol/kg,11.8479,7.25,4.75,3822.7,0.729858,0.6670939388390404,4.75,0.0
"CO2 uptake (298 K, 2.5 bar)",CO2_hmof,3,9,Beam 2 (chemistry),33,mol/kg,5.68977,12.75,11.75,4526.2,0.777767,0.4673468900093192,11.75,0.0
"CO2 uptake (298 K, 2.5 bar)",CO2_hmof,3,9,Beam 3 (metal only),31751,mol/kg,5.00339,8.75,6.75,3182.8,0.726934,0.7149986691091905,6.75,0.0
"CO2 uptake (298 K, 2.5 bar)",CO2_hmof,3,10,Beam 1 (full hypothesis),6,mol/kg,11.5766,7.75,4.75,3300.25,0.7074945,0.6957979580041654,4.75,0.0
"CO2 uptake (298 K, 2.5 bar)",CO2_hmof,3,10,Beam 2 (chemistry),33,mol/kg,5.68977,12.75,11.75,4526.2,0.777767,0.4673468900093192,11.75,0.0
"CO2 uptake (298 K, 2.5 bar)",CO2_hmof,3,10,Beam 3 (metal only),31751,mol/kg,5.00339,8.75,6.75,3182.8,0.726934,0.7149986691091905,6.75,0.0
"CO2 uptake (298 K, 2.5 bar)",CO2_hmof,4,1,Beam 1 (full hypothesis),14677,mol/kg,4.95402,9.25,7.75,3171.0,0.743365,0.691873050816364,7.75,0.0
"CO2 uptake (298 K, 2.5 bar)",CO2_hmof,4,1,Beam 2 (chemistry),14709,mol/kg,4.94803,9.25,7.75,3164.7,0.742864,0.691873050816364,7.75,0.0
"CO2 uptake (298 K, 2.5 bar)",CO2_hmof,4,1,Beam 3 (metal only),50946,mol/kg,4.861255,8.25,6.75,2820.45,0.7038355000000001,0.7653823437445714,6.75,0.0
"CO2 uptake (298 K, 2.5 bar)",CO2_hmof,4,2,Beam 1 (full hypothesis),212,mol/kg,6.28285,10.75,9.75,3702.4,0.786755,0.6091276741430411,9.75,0.0
"CO2 uptake (298 K, 2.5 bar)",CO2_hmof,4,2,Beam 2 (chemistry),1140,mol/kg,5.76355,7.75,6.25,2899.6,0.6953309999999999,0.7796487562939443,6.25,0.0
"CO2 uptake (298 K, 2.5 bar)",CO2_hmof,4,2,Beam 3 (metal only),13110,mol/kg,4.517765000000001,8.25,6.75,2779.05,0.6997115,0.7667568573960953,6.75,0.0
"CO2 uptake (298 K, 2.5 bar)",CO2_hmof,4,3,Beam 3 (metal only),51007,mol/kg,4.85852,8.25,6.75,2816.9,0.703598,0.76634025523614,6.75,0.0
"CO2 uptake (298 K, 2.5 bar)",CO2_hmof,4,4,Beam 1 (full hypothesis),265,mol/kg,7.62691,9.25,7.75,3354.4,0.737073,0.6910739391157145,7.75,0.0
"CO2 uptake (298 K, 2.5 bar)",CO2_hmof,4,4,Beam 2 (chemistry),1373,mol/kg,5.29095,7.75,6.25,2690.7,0.677211,0.8068019144724436,6.25,0.0
"CO2 uptake (298 K, 2.5 bar)",CO2_hmof,4,4,Beam 3 (metal only),13110,mol/kg,4.517765000000001,8.25,6.75,2779.05,0.6997115,0.7667568573960953,6.75,0.0
"CO2 uptake (298 K, 2.5 bar)",CO2_hmof,4,5,Beam 1 (full hypothesis),101,mol/kg,9.04744,8.75,7.25,3488.5,0.73567,0.6992403611867566,7.25,0.0
"CO2 uptake (298 K, 2.5 bar)",CO2_hmof,4,5,Beam 2 (chemistry),1373,mol/kg,5.29095,7.75,6.25,2690.7,0.677211,0.8068019144724436,6.25,0.0
"CO2 uptake (298 K, 2.5 bar)",CO2_hmof,4,5,Beam 3 (metal only),13110,mol/kg,4.517765000000001,8.25,6.75,2779.05,0.6997115,0.7667568573960953,6.75,0.0
"CO2 uptake (298 K, 2.5 bar)",CO2_hmof,4,6,Beam 1 (full hypothesis),104,mol/kg,9.334769999999999,8.75,7.75,3576.6,0.746308,0.6777667613403064,7.75,0.0
"CO2 uptake (298 K, 2.5 bar)",CO2_hmof,4,6,Beam 2 (chemistry),1373,mol/kg,5.29095,7.75,6.25,2690.7,0.677211,0.8068019144724436,6.25,0.0
"CO2 uptake (298 K, 2.5 bar)",CO2_hmof,4,6,Beam 3 (metal only),13110,mol/kg,4.517765000000001,8.25,6.75,2779.05,0.6997115,0.7667568573960953,6.75,0.0
"CO2 uptake (298 K, 2.5 bar)",CO2_hmof,4,7,Beam 1 (full hypothesis),28,mol/kg,10.59145,9.0,7.75,3229.7,0.7614935,0.7134225140517204,7.75,0.0
"CO2 uptake (298 K, 2.5 bar)",CO2_hmof,4,7,Beam 2 (chemistry),462,mol/kg,6.54904,8.75,7.25,2641.95,0.7069725,0.7979080357414503,7.25,0.0
"CO2 uptake (298 K, 2.5 bar)",CO2_hmof,4,7,Beam 3 (metal only),13110,mol/kg,4.517765000000001,8.25,6.75,2779.05,0.6997115,0.7667568573960953,6.75,0.0
"CO2 uptake (298 K, 2.5 bar)",CO2_hmof,4,8,Beam 1 (full hypothesis),105,mol/kg,8.09372,9.25,7.25,3226.2,0.758961,0.6816068439650363,7.25,0.0
"CO2 uptake (298 K, 2.5 bar)",CO2_hmof,4,8,Beam 2 (chemistry),1891,mol/kg,4.4457,8.75,7.25,3122.2,0.733894,0.7025543665861236,7.25,0.0
"CO2 uptake (298 K, 2.5 bar)",CO2_hmof,4,8,Beam 3 (metal only),13110,mol/kg,4.517765000000001,8.25,6.75,2779.05,0.6997115,0.7667568573960953,6.75,0.0
"CO2 uptake (298 K, 2.5 bar)",CO2_hmof,4,9,Beam 1 (full hypothesis),33,mol/kg,9.71951,8.75,6.75,3154.6,0.763623,0.692017031835998,6.75,0.0
"CO2 uptake (298 K, 2.5 bar)",CO2_hmof,4,9,Beam 2 (chemistry),849,mol/kg,5.35985,9.25,7.25,2856.6,0.745981,0.7203435808111824,7.25,0.0
"CO2 uptake (298 K, 2.5 bar)",CO2_hmof,4,9,Beam 3 (metal only),13110,mol/kg,4.517765000000001,8.25,6.75,2779.05,0.6997115,0.7667568573960953,6.75,0.0
"CO2 uptake (298 K, 2.5 bar)",CO2_hmof,4,10,Beam 1 (full hypothesis),18,mol/kg,12.174,8.75,6.25,3118.6499999999996,0.7656229999999999,0.6930843645353584,6.25,0.0
"CO2 uptake (298 K, 2.5 bar)",CO2_hmof,4,10,Beam 2 (chemistry),691,mol/kg,5.57382,8.75,7.25,3051.2,0.737322,0.7025543665861236,7.25,0.0
"CO2 uptake (298 K, 2.5 bar)",CO2_hmof,4,10,Beam 3 (metal only),13110,mol/kg,4.517765000000001,8.25,6.75,2779.05,0.6997115,0.7667568573960953,6.75,0.0
"CO2 uptake (298 K, 2.5 bar)",CO2_hmof,5,1,Beam 1 (full hypothesis),13573,mol/kg,5.10085,9.25,7.75,3239.4,0.75146,0.6785372696550406,7.75,0.0
"CO2 uptake (298 K, 2.5 bar)",CO2_hmof,5,1,Beam 2 (chemistry),13594,mol/kg,5.096135,9.25,7.75,3236.1000000000004,0.7511815,0.6785372696550406,7.75,0.0
"CO2 uptake (298 K, 2.5 bar)",CO2_hmof,5,1,Beam 3 (metal only),50946,mol/kg,4.861255,8.25,6.75,2820.45,0.7038355000000001,0.7653823437445714,6.75,0.0
"CO2 uptake (298 K, 2.5 bar)",CO2_hmof,5,2,Beam 1 (full hypothesis),5025,mol/kg,6.60023,8.25,6.75,2834.9,0.698206,0.7622523081414444,6.75,0.0
"CO2 uptake (298 K, 2.5 bar)",CO2_hmof,5,2,Beam 2 (chemistry),14888,mol/kg,4.682115,7.75,6.25,2480.55,0.6795985,0.8177362864285246,6.25,0.0
"CO2 uptake (298 K, 2.5 bar)",CO2_hmof,5,2,Beam 3 (metal only),16783,mol/kg,4.64161,7.75,6.25,2408.2,0.674482,0.8333199162775721,6.25,0.0
"CO2 uptake (298 K, 2.5 bar)",CO2_hmof,5,3,Beam 1 (full hypothesis),841,mol/kg,8.66679,8.25,6.75,3040.6,0.721484,0.7194960212201592,6.75,0.0
"CO2 uptake (298 K, 2.5 bar)",CO2_hmof,5,3,Beam 2 (chemistry),2369,mol/kg,6.50463,9.25,7.25,3318.6,0.743785,0.6667503316719854,7.25,0.0
"CO2 uptake (298 K, 2.5 bar)",CO2_hmof,5,3,Beam 3 (metal only),50946,mol/kg,4.861255,8.25,6.75,2820.45,0.7038355000000001,0.7653823437445714,6.75,0.0
"CO2 uptake (298 K, 2.5 bar)",CO2_hmof,5,4,Beam 1 (full hypothesis),4589,mol/kg,7.71849,7.75,5.75,3207.3,0.703024,0.7497092271904885,5.75,0.0
"CO2 uptake (298 K, 2.5 bar)",CO2_hmof,5,4,Beam 2 (chemistry),19518,mol/kg,4.881455,8.25,6.25,2967.8,0.7036435,0.7552218943470462,6.25,0.0
"CO2 uptake (298 K, 2.5 bar)",CO2_hmof,5,4,Beam 3 (metal only),50946,mol/kg,4.861255,8.25,6.75,2820.45,0.7038355000000001,0.7653823437445714,6.75,0.0
"CO2 uptake (298 K, 2.5 bar)",CO2_hmof,5,5,Beam 1 (full hypothesis),1053,mol/kg,9.36953,7.75,5.75,3323.2,0.712336,0.7155210364128043,5.75,0.0
"CO2 uptake (298 K, 2.5 bar)",CO2_hmof,5,5,Beam 2 (chemistry),6291,mol/kg,6.06111,8.75,7.25,3374.4,0.734628,0.6686250890480696,7.25,0.0
"CO2 uptake (298 K, 2.5 bar)",CO2_hmof,5,5,Beam 3 (metal only),50946,mol/kg,4.861255,8.25,6.75,2820.45,0.7038355000000001,0.7653823437445714,6.75,0.0
"CO2 uptake (298 K, 2.5 bar)",CO2_hmof,5,6,Beam 1 (full hypothesis),1252,mol/kg,9.829429999999999,7.75,5.75,3008.3500000000004,0.705403,0.7471569270680711,5.75,0.0
"CO2 uptake (298 K, 2.5 bar)",CO2_hmof,5,6,Beam 2 (chemistry),8323,mol/kg,6.50113,9.25,7.75,3355.6,0.747091,0.6564906490649065,7.75,0.0
"CO2 uptake (298 K, 2.5 bar)",CO2_hmof,5,6,Beam 3 (metal only),50946,mol/kg,4.861255,8.25,6.75,2820.45,0.7038355000000001,0.7653823437445714,6.75,0.0
"CO2 uptake (298 K, 2.5 bar)",CO2_hmof,5,7,Beam 1 (full hypothesis),1701,mol/kg,8.83247,7.75,5.75,3748.8,0.724753,0.6852549545829894,5.75,0.0
"CO2 uptake (298 K, 2.5 bar)",CO2_hmof,5,7,Beam 2 (chemistry),26525,mol/kg,5.42059,8.75,6.75,3092.0,0.71314,0.719341473131577,6.75,0.0
"CO2 uptake (298 K, 2.5 bar)",CO2_hmof,5,7,Beam 3 (metal only),50946,mol/kg,4.861255,8.25,6.75,2820.45,0.7038355000000001,0.7653823437445714,6.75,0.0
"CO2 uptake (298 K, 2.5 bar)",CO2_hmof,5,8,Beam 1 (full hypothesis),21,mol/kg,12.6116,7.25,5.25,3631.1,0.741709,0.6761552777122487,5.25,0.0
"CO2 uptake (298 K, 2.5 bar)",CO2_hmof,5,8,Beam 2 (chemistry),576,mol/kg,6.910625,11.25,9.75,3631.3999999999996,0.77908,0.5846684763640142,9.75,0.0
"CO2 uptake (298 K, 2.5 bar)",CO2_hmof,5,8,Beam 3 (metal only),50946,mol/kg,4.861255,8.25,6.75,2820.45,0.7038355000000001,0.7653823437445714,6.75,0.0
"CO2 uptake (298 K, 2.5 bar)",CO2_hmof,5,9,Beam 1 (full hypothesis),10,mol/kg,12.8147,7.0,5.5,3832.85,0.7519825,0.6556024022614699,5.5,0.0
"CO2 uptake (298 K, 2.5 bar)",CO2_hmof,5,9,Beam 2 (chemistry),576,mol/kg,6.910625,11.25,9.75,3631.3999999999996,0.77908,0.5846684763640142,9.75,0.0
"CO2 uptake (298 K, 2.5 bar)",CO2_hmof,5,9,Beam 3 (metal only),50946,mol/kg,4.861255,8.25,6.75,2820.45,0.7038355000000001,0.7653823437445714,6.75,0.0
"CO2 uptake (298 K, 2.5 bar)",CO2_hmof,5,10,Beam 1 (full hypothesis),7,mol/kg,13.6199,6.75,5.25,3999.3,0.75396,0.6474988420565077,5.25,0.0
"CO2 uptake (298 K, 2.5 bar)",CO2_hmof,5,10,Beam 2 (chemistry),437,mol/kg,7.04183,11.25,9.75,3860.0,0.794681,0.5692475124378109,9.75,0.0
"CO2 uptake (298 K, 2.5 bar)",CO2_hmof,5,10,Beam 3 (metal only),44861,mol/kg,4.87619,8.75,6.75,3068.1,0.719252,0.729420668910433,6.75,0.0
"Xe/Kr selectivity (273 K, 1 bar)",XeKr_hmof,1,1,Beam 1 (full hypothesis),9921,dimensionless,6.056572776074478,8.75,7.25,2925.75,0.7205334999999999,0.7382140296056643,7.25,0.0
"Xe/Kr selectivity (273 K, 1 bar)",XeKr_hmof,1,1,Beam 2 (chemistry),9961,dimensionless,6.034178397573852,8.75,7.25,2914.4,0.7197385000000001,0.7382140296056643,7.25,0.0
"Xe/Kr selectivity (273 K, 1 bar)",XeKr_hmof,1,1,Beam 3 (metal only),13070,dimensionless,5.907053097026097,8.25,6.75,2779.05,0.6997115,0.7667568573960953,6.75,0.0
"Xe/Kr selectivity (273 K, 1 bar)",XeKr_hmof,1,2,Beam 1 (full hypothesis),1233,dimensionless,7.606326555526919,4.75,3.25,576.6500000000001,0.3988235,1.2489414341556684,3.25,0.0
"Xe/Kr selectivity (273 K, 1 bar)",XeKr_hmof,1,2,Beam 2 (chemistry),10081,dimensionless,5.977838626847224,8.25,6.75,2809.9,0.711225,0.7591892677659178,6.75,0.0
"Xe/Kr selectivity (273 K, 1 bar)",XeKr_hmof,1,2,Beam 3 (metal only),13070,dimensionless,5.907053097026097,8.25,6.75,2779.05,0.6997115,0.7667568573960953,6.75,0.0
"Xe/Kr selectivity (273 K, 1 bar)",XeKr_hmof,1,3,Beam 1 (full hypothesis),5,dimensionless,10.985333644464033,5.25,3.75,316.9,0.382313,1.9280530135689493,3.75,0.0
"Xe/Kr selectivity (273 K, 1 bar)",XeKr_hmof,1,3,Beam 2 (chemistry),127,dimensionless,5.36272551533444,7.25,5.75,1798.2,0.665027,1.1712336753731343,5.75,0.0
"Xe/Kr selectivity (273 K, 1 bar)",XeKr_hmof,1,3,Beam 3 (metal only),13070,dimensionless,5.907053097026097,8.25,6.75,2779.05,0.6997115,0.7667568573960953,6.75,0.0
"Xe/Kr selectivity (273 K, 1 bar)",XeKr_hmof,1,4,Beam 1 (full hypothesis),5,dimensionless,10.985333644464033,5.25,3.75,316.9,0.382313,1.9280530135689493,3.75,0.0
"Xe/Kr selectivity (273 K, 1 bar)",XeKr_hmof,1,4,Beam 2 (chemistry),132,dimensionless,5.296169638220195,7.25,5.75,1773.7,0.6645810000000001,1.1756279306029476,5.75,0.0
"Xe/Kr selectivity (273 K, 1 bar)",XeKr_hmof,1,4,Beam 3 (metal only),13070,dimensionless,5.907053097026097,8.25,6.75,2779.05,0.6997115,0.7667568573960953,6.75,0.0
"Xe/Kr selectivity (273 K, 1 bar)",XeKr_hmof,1,5,Beam 1 (full hypothesis),530,dimensionless,9.826797839717358,5.25,3.75,570.25,0.4029605,1.4967623575685778,3.75,0.0
"Xe/Kr selectivity (273 K, 1 bar)",XeKr_hmof,1,5,Beam 2 (chemistry),30841,dimensionless,5.341843768937439,8.25,6.75,2959.65,0.711889,0.7445430839998828,6.75,0.0
"Xe/Kr selectivity (273 K, 1 bar)",XeKr_hmof,1,5,Beam 3 (metal only),44782,dimensionless,5.37828314571077,8.75,6.75,3068.1,0.719252,0.729420668910433,6.75,0.0
"Xe/Kr selectivity (273 K, 1 bar)",XeKr_hmof,1,6,Beam 1 (full hypothesis),4,dimensionless,29.427914584339586,5.25,4.0,298.15,0.377382,1.9387938654101011,4.0,0.0
"Xe/Kr selectivity (273 K, 1 bar)",XeKr_hmof,1,6,Beam 2 (chemistry),95,dimensionless,5.649614351027815,7.25,5.25,1739.0,0.661228,1.200607014724695,5.25,0.0
"Xe/Kr selectivity (273 K, 1 bar)",XeKr_hmof,1,6,Beam 3 (metal only),13070,dimensionless,5.907053097026097,8.25,6.75,2779.05,0.6997115,0.7667568573960953,6.75,0.0
"Xe/Kr selectivity (273 K, 1 bar)",XeKr_hmof,1,7,Beam 1 (full hypothesis),2,dimensionless,67.02365460811701,5.0,4.0,264.29999999999995,0.353031,2.0469984982724965,4.0,0.0
"Xe/Kr selectivity (273 K, 1 bar)",XeKr_hmof,1,7,Beam 2 (chemistry),100,dimensionless,5.001561636965462,8.0,5.75,1654.5,0.677735,1.2515603945642875,5.75,0.0
"Xe/Kr selectivity (273 K, 1 bar)",XeKr_hmof,1,7,Beam 3 (metal only),13070,dimensionless,5.907053097026097,8.25,6.75,2779.05,0.6997115,0.7667568573960953,6.75,0.0
"Xe/Kr selectivity (273 K, 1 bar)",XeKr_hmof,1,8,Beam 1 (full hypothesis),2,dimensionless,67.02365460811701,5.0,4.0,264.29999999999995,0.353031,2.0469984982724965,4.0,0.0
"Xe/Kr selectivity (273 K, 1 bar)",XeKr_hmof,1,8,Beam 2 (chemistry),73,dimensionless,5.261994426451758,7.25,5.75,1550.9,0.660866,1.3096207670428788,5.75,0.0
"Xe/Kr selectivity (273 K, 1 bar)",XeKr_hmof,1,8,Beam 3 (metal only),13070,dimensionless,5.907053097026097,8.25,6.75,2779.05,0.6997115,0.7667568573960953,6.75,0.0
"Xe/Kr selectivity (273 K, 1 bar)",XeKr_hmof,1,9,Beam 1 (full hypothesis),2,dimensionless,67.02365460811701,5.0,4.0,264.29999999999995,0.353031,2.0469984982724965,4.0,0.0
"Xe/Kr selectivity (273 K, 1 bar)",XeKr_hmof,1,9,Beam 2 (chemistry),73,dimensionless,5.261994426451758,7.25,5.75,1550.9,0.660866,1.3096207670428788,5.75,0.0
"Xe/Kr selectivity (273 K, 1 bar)",XeKr_hmof,1,9,Beam 3 (metal only),13070,dimensionless,5.907053097026097,8.25,6.75,2779.05,0.6997115,0.7667568573960953,6.75,0.0
"Xe/Kr selectivity (273 K, 1 bar)",XeKr_hmof,1,10,Beam 1 (full hypothesis),2,dimensionless,30.338551303952382,5.0,3.75,415.75,0.435035,1.9108296661786057,3.75,0.0
"Xe/Kr selectivity (273 K, 1 bar)",XeKr_hmof,1,10,Beam 2 (chemistry),23,dimensionless,4.790558279244365,6.25,3.75,852.3,0.611422,1.6160337552742619,3.75,0.0
"Xe/Kr selectivity (273 K, 1 bar)",XeKr_hmof,1,10,Beam 3 (metal only),13070,dimensionless,5.907053097026097,8.25,6.75,2779.05,0.6997115,0.7667568573960953,6.75,0.0
"Xe/Kr selectivity (273 K, 1 bar)",XeKr_hmof,2,1,Beam 1 (full hypothesis),12162,dimensionless,5.868153042238713,8.25,6.75,2796.6499999999996,0.699974,0.7681449094704482,6.75,0.0
"Xe/Kr selectivity (273 K, 1 bar)",XeKr_hmof,2,1,Beam 2 (chemistry),12234,dimensionless,5.83703673920649,8.25,6.75,2779.05,0.6985619999999999,0.7681449094704482,6.75,0.0
"Xe/Kr selectivity (273 K, 1 bar)",XeKr_hmof,2,1,Beam 3 (metal only),13070,dimensionless,5.907053097026097,8.25,6.75,2779.05,0.6997115,0.7667568573960953,6.75,0.0
"Xe/Kr selectivity (273 K, 1 bar)",XeKr_hmof,2,2,Beam 1 (full hypothesis),597,dimensionless,11.367257326509298,6.75,5.25,1988.8,0.6366860000000001,0.8896144208883487,5.25,0.0
"Xe/Kr selectivity (273 K, 1 bar)",XeKr_hmof,2,2,Beam 2 (chemistry),1547,dimensionless,8.161813334887174,8.75,7.25,2792.55,0.7115929999999999,0.723837326849451,7.25,0.0
"Xe/Kr selectivity (273 K, 1 bar)",XeKr_hmof,2,2,Beam 3 (metal only),13070,dimensionless,5.907053097026097,8.25,6.75,2779.05,0.6997115,0.7667568573960953,6.75,0.0
"Xe/Kr selectivity (273 K, 1 bar)",XeKr_hmof,2,3,Beam 1 (full hypothesis),2703,dimensionless,9.226951190756896,6.25,4.75,1775.5,0.5925885,0.9775468363789228,4.75,0.0
"Xe/Kr selectivity (273 K, 1 bar)",XeKr_hmof,2,3,Beam 2 (chemistry),10280,dimensionless,5.85316119028154,7.75,6.25,2700.4,0.691837,0.7833449656540424,6.25,0.0
"Xe/Kr selectivity (273 K, 1 bar)",XeKr_hmof,2,3,Beam 3 (metal only),13070,dimensionless,5.907053097026097,8.25,6.75,2779.05,0.6997115,0.7667568573960953,6.75,0.0
"Xe/Kr selectivity (273 K, 1 bar)",XeKr_hmof,2,4,Beam 1 (full hypothesis),6255,dimensionless,8.849472569319024,5.75,4.25,1488.2,0.544988,1.043121099877726,4.25,0.0
"Xe/Kr selectivity (273 K, 1 bar)",XeKr_hmof,2,4,Beam 2 (chemistry),41082,dimensionless,5.349753871078391,8.25,6.75,2914.6,0.709135,0.7522687165223945,6.75,0.0
"Xe/Kr selectivity (273 K, 1 bar)",XeKr_hmof,2,4,Beam 3 (metal only),50846,dimensionless,5.451898944282511,8.25,6.75,2820.45,0.7038355000000001,0.7653823437445714,6.75,0.0
"Xe/Kr selectivity (273 K, 1 bar)",XeKr_hmof,2,5,Beam 1 (full hypothesis),303,dimensionless,10.271500059247648,8.25,6.75,1188.3,0.545761,1.1114405301709103,6.75,0.0
"Xe/Kr selectivity (273 K, 1 bar)",XeKr_hmof,2,5,Beam 2 (chemistry),407,dimensionless,9.428862434720555,8.75,7.25,1350.2,0.56711,1.051185921958684,7.25,0.0
"Xe/Kr selectivity (273 K, 1 bar)",XeKr_hmof,2,5,Beam 3 (metal only),2409,dimensionless,7.12040658419191,9.75,8.25,1697.1999999999998,0.6200805,0.9922697111120666,8.25,0.0
"Xe/Kr selectivity (273 K, 1 bar)",XeKr_hmof,2,6,Beam 1 (full hypothesis),473,dimensionless,9.653801859765673,9.25,7.75,1204.4,0.571892,1.1537960247637669,7.75,0.0
"Xe/Kr selectivity (273 K, 1 bar)",XeKr_hmof,2,6,Beam 2 (chemistry),713,dimensionless,8.887754389813438,9.25,7.75,1275.85,0.5763315,1.1314022416602543,7.75,0.0
"Xe/Kr selectivity (273 K, 1 bar)",XeKr_hmof,2,6,Beam 3 (metal only),2409,dimensionless,7.12040658419191,9.75,8.25,1697.1999999999998,0.6200805,0.9922697111120666,8.25,0.0
"Xe/Kr selectivity (273 K, 1 bar)",XeKr_hmof,2,7,Beam 1 (full hypothesis),100,dimensionless,11.963505924536001,6.75,5.25,702.2,0.439655,1.3688366495607809,5.25,0.0
"Xe/Kr selectivity (273 K, 1 bar)",XeKr_hmof,2,7,Beam 2 (chemistry),305,dimensionless,9.997581205184025,8.25,6.75,1211.2,0.553295,1.1006081668114682,6.75,0.0
"Xe/Kr selectivity (273 K, 1 bar)",XeKr_hmof,2,7,Beam 3 (metal only),2409,dimensionless,7.12040658419191,9.75,8.25,1697.1999999999998,0.6200805,0.9922697111120666,8.25,0.0
"Xe/Kr selectivity (273 K, 1 bar)",XeKr_hmof,2,8,Beam 1 (full hypothesis),34,dimensionless,6.275162458337519,4.75,3.25,280.1,0.303588,1.6798701298701297,3.25,0.0
"Xe/Kr selectivity (273 K, 1 bar)",XeKr_hmof,2,8,Beam 2 (chemistry),1613,dimensionless,7.967792847016025,9.25,7.75,1362.3,0.574178,1.1108117078490585,7.75,0.0
"Xe/Kr selectivity (273 K, 1 bar)",XeKr_hmof,2,8,Beam 3 (metal only),2409,dimensionless,7.12040658419191,9.75,8.25,1697.1999999999998,0.6200805,0.9922697111120666,8.25,0.0
"Xe/Kr selectivity (273 K, 1 bar)",XeKr_hmof,2,9,Beam 3 (metal only),50906,dimensionless,5.447240667577389,8.25,6.75,2816.9,0.703598,0.76634025523614,6.75,0.0
"Xe/Kr selectivity (273 K, 1 bar)",XeKr_hmof,2,10,Beam 1 (full hypothesis),12,dimensionless,6.252435480608741,4.75,2.75,275.0,0.289667,1.685616076150185,2.75,0.0
"Xe/Kr selectivity (273 K, 1 bar)",XeKr_hmof,2,10,Beam 2 (chemistry),1613,dimensionless,7.967792847016025,9.25,7.75,1362.3,0.574178,1.1108117078490585,7.75,0.0
"Xe/Kr selectivity (273 K, 1 bar)",XeKr_hmof,2,10,Beam 3 (metal only),2409,dimensionless,7.12040658419191,9.75,8.25,1697.1999999999998,0.6200805,0.9922697111120666,8.25,0.0
"Xe/Kr selectivity (273 K, 1 bar)",XeKr_hmof,3,1,Beam 1 (full hypothesis),35364,dimensionless,5.365215631577399,8.75,7.25,3198.1,0.732729,0.706177728042237,7.25,0.0
"Xe/Kr selectivity (273 K, 1 bar)",XeKr_hmof,3,1,Beam 2 (chemistry),35479,dimensionless,5.348508698912945,8.75,7.25,3189.2,0.732094,0.706177728042237,7.25,0.0
"Xe/Kr selectivity (273 K, 1 bar)",XeKr_hmof,3,1,Beam 3 (metal only),44782,dimensionless,5.37828314571077,8.75,6.75,3068.1,0.719252,0.729420668910433,6.75,0.0
"Xe/Kr selectivity (273 K, 1 bar)",XeKr_hmof,3,2,Beam 1 (full hypothesis),3223,dimensionless,9.39447706469065,6.25,4.25,1440.6,0.549493,1.0424191516169679,4.25,0.0
"Xe/Kr selectivity (273 K, 1 bar)",XeKr_hmof,3,2,Beam 2 (chemistry),21676,dimensionless,5.80672186721444,9.25,7.25,3185.8,0.744769,0.6963254626767157,7.25,0.0
"Xe/Kr selectivity (273 K, 1 bar)",XeKr_hmof,3,2,Beam 3 (metal only),44782,dimensionless,5.37828314571077,8.75,6.75,3068.1,0.719252,0.729420668910433,6.75,0.0
"Xe/Kr selectivity (273 K, 1 bar)",XeKr_hmof,3,3,Beam 1 (full hypothesis),761,dimensionless,10.075588869926095,5.75,4.25,1807.4,0.585693,0.931430709208487,4.25,0.0
"Xe/Kr selectivity (273 K, 1 bar)",XeKr_hmof,3,3,Beam 2 (chemistry),7287,dimensionless,6.121204531603509,8.75,7.25,3221.25,0.726137,0.6914211225514687,7.25,0.0
"Xe/Kr selectivity (273 K, 1 bar)",XeKr_hmof,3,3,Beam 3 (metal only),13070,dimensionless,5.907053097026097,8.25,6.75,2779.05,0.6997115,0.7667568573960953,6.75,0.0
"Xe/Kr selectivity (273 K, 1 bar)",XeKr_hmof,3,4,Beam 1 (full hypothesis),56,dimensionless,11.230988922589685,5.25,3.75,792.45,0.464296,1.1686966962829577,3.75,0.0
"Xe/Kr selectivity (273 K, 1 bar)",XeKr_hmof,3,4,Beam 2 (chemistry),1503,dimensionless,7.608897360281954,8.75,7.25,2886.55,0.731869,0.7135551363034656,7.25,0.0
"Xe/Kr selectivity (273 K, 1 bar)",XeKr_hmof,3,4,Beam 3 (metal only),13070,dimensionless,5.907053097026097,8.25,6.75,2779.05,0.6997115,0.7667568573960953,6.75,0.0
"Xe/Kr selectivity (273 K, 1 bar)",XeKr_hmof,3,5,Beam 1 (full hypothesis),7,dimensionless,30.562618032942797,4.75,3.75,402.9,0.372094,1.4041994750656168,3.75,0.0
"Xe/Kr selectivity (273 K, 1 bar)",XeKr_hmof,3,5,Beam 2 (chemistry),1503,dimensionless,7.608897360281954,8.75,7.25,2886.55,0.731869,0.7135551363034656,7.25,0.0
"Xe/Kr selectivity (273 K, 1 bar)",XeKr_hmof,3,5,Beam 3 (metal only),13070,dimensionless,5.907053097026097,8.25,6.75,2779.05,0.6997115,0.7667568573960953,6.75,0.0
"Xe/Kr selectivity (273 K, 1 bar)",XeKr_hmof,3,6,Beam 1 (full hypothesis),7,dimensionless,30.562618032942797,4.75,3.75,402.9,0.372094,1.4041994750656168,3.75,0.0
"Xe/Kr selectivity (273 K, 1 bar)",XeKr_hmof,3,6,Beam 2 (chemistry),1504,dimensionless,7.60965005724021,8.75,7.25,2883.7,0.731791,0.7140263277349069,7.25,0.0
"Xe/Kr selectivity (273 K, 1 bar)",XeKr_hmof,3,6,Beam 3 (metal only),13070,dimensionless,5.907053097026097,8.25,6.75,2779.05,0.6997115,0.7667568573960953,6.75,0.0
"Xe/Kr selectivity (273 K, 1 bar)",XeKr_hmof,3,7,Beam 2 (chemistry),241,dimensionless,8.075660830758668,8.75,7.25,2365.4,0.678115,0.8059302645093449,7.25,0.0
"Xe/Kr selectivity (273 K, 1 bar)",XeKr_hmof,3,7,Beam 3 (metal only),13070,dimensionless,5.907053097026097,8.25,6.75,2779.05,0.6997115,0.7667568573960953,6.75,0.0
"Xe/Kr selectivity (273 K, 1 bar)",XeKr_hmof,3,8,Beam 1 (full hypothesis),79,dimensionless,11.730506514532419,5.75,4.25,809.4,0.465091,1.1647284861967844,4.25,0.0
"Xe/Kr selectivity (273 K, 1 bar)",XeKr_hmof,3,8,Beam 2 (chemistry),1504,dimensionless,7.60965005724021,8.75,7.25,2883.7,0.731791,0.7140263277349069,7.25,0.0
"Xe/Kr selectivity (273 K, 1 bar)",XeKr_hmof,3,8,Beam 3 (metal only),13070,dimensionless,5.907053097026097,8.25,6.75,2779.05,0.6997115,0.7667568573960953,6.75,0.0
"Xe/Kr selectivity (273 K, 1 bar)",XeKr_hmof,3,9,Beam 1 (full hypothesis),3,dimensionless,36.94116523791013,4.75,3.75,342.9,0.370664,1.4041994750656168,3.75,0.0
"Xe/Kr selectivity (273 K, 1 bar)",XeKr_hmof,3,9,Beam 2 (chemistry),1513,dimensionless,7.610716559729637,8.75,7.25,2864.7,0.731042,0.7149347276120446,7.25,0.0
"Xe/Kr selectivity (273 K, 1 bar)",XeKr_hmof,3,9,Beam 3 (metal only),13070,dimensionless,5.907053097026097,8.25,6.75,2779.05,0.6997115,0.7667568573960953,6.75,0.0
"Xe/Kr selectivity (273 K, 1 bar)",XeKr_hmof,3,10,Beam 1 (full hypothesis),1,dimensionless,69.19896208253118,4.75,3.75,228.4,0.370664,1.669877408056042,3.75,0.0
"Xe/Kr selectivity (273 K, 1 bar)",XeKr_hmof,3,10,Beam 2 (chemistry),640,dimensionless,8.81550007188656,9.0,7.25,2716.8,0.727257,0.7244416448436054,7.25,0.0
"Xe/Kr selectivity (273 K, 1 bar)",XeKr_hmof,3,10,Beam 3 (metal only),13070,dimensionless,5.907053097026097,8.25,6.75,2779.05,0.6997115,0.7667568573960953,6.75,0.0
"Xe/Kr selectivity (273 K, 1 bar)",XeKr_hmof,4,1,Beam 1 (full hypothesis),32592,dimensionless,5.5066192536180285,8.75,7.25,3237.1000000000004,0.739975,0.6973827658057798,7.25,0.0
"Xe/Kr selectivity (273 K, 1 bar)",XeKr_hmof,4,1,Beam 2 (chemistry),32671,dimensionless,5.494733612843849,8.75,7.25,3231.75,0.7394185,0.6973827658057798,7.25,0.0
"Xe/Kr selectivity (273 K, 1 bar)",XeKr_hmof,4,1,Beam 3 (metal only),44782,dimensionless,5.37828314571077,8.75,6.75,3068.1,0.719252,0.729420668910433,6.75,0.0
"Xe/Kr selectivity (273 K, 1 bar)",XeKr_hmof,4,2,Beam 1 (full hypothesis),1393,dimensionless,9.588150107455776,6.75,5.25,2556.8,0.664765,0.8042783294789825,5.25,0.0
"Xe/Kr selectivity (273 K, 1 bar)",XeKr_hmof,4,2,Beam 2 (chemistry),8766,dimensionless,6.124950846341889,9.75,8.25,3689.25,0.7680385000000001,0.6138104848179117,8.25,0.0
"Xe/Kr selectivity (273 K, 1 bar)",XeKr_hmof,4,2,Beam 3 (metal only),44782,dimensionless,5.37828314571077,8.75,6.75,3068.1,0.719252,0.729420668910433,6.75,0.0
"Xe/Kr selectivity (273 K, 1 bar)",XeKr_hmof,4,3,Beam 1 (full hypothesis),410,dimensionless,9.227718555368602,6.75,5.25,2543.2,0.656504,0.8175459936141097,5.25,0.0
"Xe/Kr selectivity (273 K, 1 bar)",XeKr_hmof,4,3,Beam 2 (chemistry),3355,dimensionless,5.6024183575321755,9.75,8.25,4010.6,0.7758705,0.5861477405822484,8.25,0.0
"Xe/Kr selectivity (273 K, 1 bar)",XeKr_hmof,4,3,Beam 3 (metal only),44782,dimensionless,5.37828314571077,8.75,6.75,3068.1,0.719252,0.729420668910433,6.75,0.0
"Xe/Kr selectivity (273 K, 1 bar)",XeKr_hmof,4,4,Beam 1 (full hypothesis),182,dimensionless,8.671301182836782,6.75,5.25,2172.2,0.608795,0.8899656040700314,5.25,0.0
"Xe/Kr selectivity (273 K, 1 bar)",XeKr_hmof,4,4,Beam 2 (chemistry),6816,dimensionless,5.305516215511241,8.75,6.75,3481.35,0.729416,0.6714537899175637,6.75,0.0
"Xe/Kr selectivity (273 K, 1 bar)",XeKr_hmof,4,4,Beam 3 (metal only),44782,dimensionless,5.37828314571077,8.75,6.75,3068.1,0.719252,0.729420668910433,6.75,0.0
"Xe/Kr selectivity (273 K, 1 bar)",XeKr_hmof,4,5,Beam 1 (full hypothesis),1360,dimensionless,10.43705853375722,6.25,4.75,1598.35,0.5601780000000001,1.012047438021666,4.75,0.0
"Xe/Kr selectivity (273 K, 1 bar)",XeKr_hmof,4,5,Beam 2 (chemistry),24880,dimensionless,5.535047723435909,8.75,6.75,3260.2,0.7287094999999999,0.7003788364348147,6.75,0.0
"Xe/Kr selectivity (273 K, 1 bar)",XeKr_hmof,4,5,Beam 3 (metal only),44782,dimensionless,5.37828314571077,8.75,6.75,3068.1,0.719252,0.729420668910433,6.75,0.0
"Xe/Kr selectivity (273 K, 1 bar)",XeKr_hmof,4,6,Beam 1 (full hypothesis),277,dimensionless,11.960125998770744,5.75,4.75,1328.2,0.523435,1.0894355298525698,4.75,0.0
"Xe/Kr selectivity (273 K, 1 bar)",XeKr_hmof,4,6,Beam 2 (chemistry),21895,dimensionless,5.549498755184718,8.75,6.75,3342.4,0.73008,0.6853855069264307,6.75,0.0
"Xe/Kr selectivity (273 K, 1 bar)",XeKr_hmof,4,6,Beam 3 (metal only),44782,dimensionless,5.37828314571077,8.75,6.75,3068.1,0.719252,0.729420668910433,6.75,0.0
"Xe/Kr selectivity (273 K, 1 bar)",XeKr_hmof,4,7,Beam 1 (full hypothesis),7,dimensionless,14.498399971772189,5.25,4.25,995.6,0.473695,1.1576965978806468,4.25,0.0
"Xe/Kr selectivity (273 K, 1 bar)",XeKr_hmof,4,7,Beam 2 (chemistry),982,dimensionless,5.071162963824657,10.75,8.25,4071.1000000000004,0.796298,0.5709449124023577,8.25,0.0
"Xe/Kr selectivity (273 K, 1 bar)",XeKr_hmof,4,7,Beam 3 (metal only),44782,dimensionless,5.37828314571077,8.75,6.75,3068.1,0.719252,0.729420668910433,6.75,0.0
"Xe/Kr selectivity (273 K, 1 bar)",XeKr_hmof,4,8,Beam 1 (full hypothesis),7,dimensionless,13.5607160896958,5.75,4.25,1102.2,0.483934,1.1477117486338797,4.25,0.0
"Xe/Kr selectivity (273 K, 1 bar)",XeKr_hmof,4,8,Beam 2 (chemistry),562,dimensionless,5.034086205119367,9.25,7.75,3886.0,0.759936,0.6202304622696497,7.75,0.0
"Xe/Kr selectivity (273 K, 1 bar)",XeKr_hmof,4,8,Beam 3 (metal only),44782,dimensionless,5.37828314571077,8.75,6.75,3068.1,0.719252,0.729420668910433,6.75,0.0
"Xe/Kr selectivity (273 K, 1 bar)",XeKr_hmof,4,9,Beam 1 (full hypothesis),56,dimensionless,10.077656175779694,4.75,3.25,500.4,0.3648745,1.3317324132877382,3.25,0.0
"Xe/Kr selectivity (273 K, 1 bar)",XeKr_hmof,4,9,Beam 2 (chemistry),1408,dimensionless,5.015509751415486,8.25,6.25,3464.7,0.721347,0.7118194832824999,6.25,0.0
"Xe/Kr selectivity (273 K, 1 bar)",XeKr_hmof,4,9,Beam 3 (metal only),44782,dimensionless,5.37828314571077,8.75,6.75,3068.1,0.719252,0.729420668910433,6.75,0.0
"Xe/Kr selectivity (273 K, 1 bar)",XeKr_hmof,4,10,Beam 1 (full hypothesis),44,dimensionless,10.375978499029747,4.75,3.25,450.25,0.3466665,1.379708242791466,3.25,0.0
"Xe/Kr selectivity (273 K, 1 bar)",XeKr_hmof,4,10,Beam 2 (chemistry),1408,dimensionless,5.015509751415486,8.25,6.25,3464.7,0.721347,0.7118194832824999,6.25,0.0
"Xe/Kr selectivity (273 K, 1 bar)",XeKr_hmof,4,10,Beam 3 (metal only),44782,dimensionless,5.37828314571077,8.75,6.75,3068.1,0.719252,0.729420668910433,6.75,0.0
"Xe/Kr selectivity (273 K, 1 bar)",XeKr_hmof,5,1,Beam 1 (full hypothesis),11141,dimensionless,5.9645401936855365,8.25,6.75,2825.2,0.707863,0.7601634720810222,6.75,0.0
"Xe/Kr selectivity (273 K, 1 bar)",XeKr_hmof,5,1,Beam 2 (chemistry),11201,dimensionless,5.9383256476002,8.25,6.75,2810.3500000000004,0.706372,0.7601634720810222,6.75,0.0
"Xe/Kr selectivity (273 K, 1 bar)",XeKr_hmof,5,1,Beam 3 (metal only),13070,dimensionless,5.907053097026097,8.25,6.75,2779.05,0.6997115,0.7667568573960953,6.75,0.0
"Xe/Kr selectivity (273 K, 1 bar)",XeKr_hmof,5,2,Beam 1 (full hypothesis),980,dimensionless,2.658900748094762,4.25,2.75,204.3,0.271531,1.3595752471622116,2.75,0.0
"Xe/Kr selectivity (273 K, 1 bar)",XeKr_hmof,5,2,Beam 2 (chemistry),6307,dimensionless,5.066840472262392,8.25,6.75,3176.4,0.70424,0.7159004908949922,6.75,0.0
"Xe/Kr selectivity (273 K, 1 bar)",XeKr_hmof,5,2,Beam 3 (metal only),13070,dimensionless,5.907053097026097,8.25,6.75,2779.05,0.6997115,0.7667568573960953,6.75,0.0
"Xe/Kr selectivity (273 K, 1 bar)",XeKr_hmof,5,3,Beam 1 (full hypothesis),1126,dimensionless,10.829622641068699,6.25,4.75,1610.1999999999998,0.5780799999999999,1.026577367531201,4.75,0.0
"Xe/Kr selectivity (273 K, 1 bar)",XeKr_hmof,5,3,Beam 2 (chemistry),11669,dimensionless,5.7904778186575685,8.25,6.75,2860.55,0.707079,0.7524488350829563,6.75,0.0
"Xe/Kr selectivity (273 K, 1 bar)",XeKr_hmof,5,3,Beam 3 (metal only),13070,dimensionless,5.907053097026097,8.25,6.75,2779.05,0.6997115,0.7667568573960953,6.75,0.0
"Xe/Kr selectivity (273 K, 1 bar)",XeKr_hmof,5,4,Beam 1 (full hypothesis),30,dimensionless,8.320540492183543,5.25,3.75,835.1500000000001,0.4490195,1.2337487903697184,3.75,0.0
"Xe/Kr selectivity (273 K, 1 bar)",XeKr_hmof,5,4,Beam 2 (chemistry),132,dimensionless,4.2578472202265525,9.75,8.25,3678.5,0.814141,0.6423304009674436,8.25,0.0
"Xe/Kr selectivity (273 K, 1 bar)",XeKr_hmof,5,4,Beam 3 (metal only),13070,dimensionless,5.907053097026097,8.25,6.75,2779.05,0.6997115,0.7667568573960953,6.75,0.0
"Xe/Kr selectivity (273 K, 1 bar)",XeKr_hmof,5,5,Beam 3 (metal only),50906,dimensionless,5.447240667577389,8.25,6.75,2816.9,0.703598,0.76634025523614,6.75,0.0
"Xe/Kr selectivity (273 K, 1 bar)",XeKr_hmof,5,6,Beam 1 (full hypothesis),17,dimensionless,6.313807451153337,4.25,2.25,264.1,0.29433,1.3479345716662046,2.25,0.0
"Xe/Kr selectivity (273 K, 1 bar)",XeKr_hmof,5,6,Beam 2 (chemistry),565,dimensionless,4.617012451552117,9.75,7.75,3776.8,0.804481,0.6115568403044069,7.75,0.0
"Xe/Kr selectivity (273 K, 1 bar)",XeKr_hmof,5,6,Beam 3 (metal only),13070,dimensionless,5.907053097026097,8.25,6.75,2779.05,0.6997115,0.7667568573960953,6.75,0.0
"Xe/Kr selectivity (273 K, 1 bar)",XeKr_hmof,5,7,Beam 3 (metal only),50906,dimensionless,5.447240667577389,8.25,6.75,2816.9,0.703598,0.76634025523614,6.75,0.0
"Xe/Kr selectivity (273 K, 1 bar)",XeKr_hmof,5,8,Beam 1 (full hypothesis),11,dimensionless,6.313807451153337,4.25,2.25,262.4,0.29433,1.3776520509193777,2.25,0.0
"Xe/Kr selectivity (273 K, 1 bar)",XeKr_hmof,5,8,Beam 2 (chemistry),565,dimensionless,4.617012451552117,9.75,7.75,3776.8,0.804481,0.6115568403044069,7.75,0.0
"Xe/Kr selectivity (273 K, 1 bar)",XeKr_hmof,5,8,Beam 3 (metal only),13070,dimensionless,5.907053097026097,8.25,6.75,2779.05,0.6997115,0.7667568573960953,6.75,0.0
"Xe/Kr selectivity (273 K, 1 bar)",XeKr_hmof,5,9,Beam 1 (full hypothesis),110,dimensionless,2.658900748094762,4.25,2.75,215.05,0.259189,1.4108146956191578,2.75,0.0
"Xe/Kr selectivity (273 K, 1 bar)",XeKr_hmof,5,9,Beam 2 (chemistry),6934,dimensionless,5.075264291743924,7.75,6.25,3092.5,0.696819,0.729414819382688,6.25,0.0
"Xe/Kr selectivity (273 K, 1 bar)",XeKr_hmof,5,9,Beam 3 (metal only),13070,dimensionless,5.907053097026097,8.25,6.75,2779.05,0.6997115,0.7667568573960953,6.75,0.0
"Xe/Kr selectivity (273 K, 1 bar)",XeKr_hmof,5,10,Beam 1 (full hypothesis),25,dimensionless,10.259747302207039,5.25,4.25,799.8,0.4276525,1.1917327424316302,4.25,0.0
"Xe/Kr selectivity (273 K, 1 bar)",XeKr_hmof,5,10,Beam 2 (chemistry),997,dimensionless,5.67681481883468,8.25,6.25,3116.1,0.691101,0.7146552834767517,6.25,0.0
"Xe/Kr selectivity (273 K, 1 bar)",XeKr_hmof,5,10,Beam 3 (metal only),13070,dimensionless,5.907053097026097,8.25,6.75,2779.05,0.6997115,0.7667568573960953,6.75,0.0
"H2 gravimetric uptake (77 K, 100 bar)",grav_100bar,1,1,Beam 1 (full hypothesis),2,mol/kg,21.63546843128268,8.83962,5.27139,1152.51,0.24845,1.260681,8.23946,6951.959999999999
"H2 gravimetric uptake (77 K, 100 bar)",grav_100bar,1,1,Beam 2 (chemistry),2,mol/kg,21.63546843128268,8.83962,5.27139,1152.51,0.24845,1.260681,8.23946,6951.959999999999
"H2 gravimetric uptake (77 K, 100 bar)",grav_100bar,1,1,Beam 3 (metal only),3,mol/kg,20.88127645878835,7.24472,5.1515,2305.02,0.22998,0.995483,7.24472,7061.36
"H2 gravimetric uptake (77 K, 100 bar)",grav_100bar,1,2,Beam 3 (metal only),128,mol/kg,25.960100942784884,10.06937,6.2255199999999995,2246.1899999999996,0.3357,0.8230175,9.861550000000001,9782.2
"H2 gravimetric uptake (77 K, 100 bar)",grav_100bar,1,3,Beam 1 (full hypothesis),49,mol/kg,130.21002391390488,27.068,22.97001,902.13,0.84042,0.149414,26.76545,47420.6
"H2 gravimetric uptake (77 K, 100 bar)",grav_100bar,1,3,Beam 2 (chemistry),69,mol/kg,102.72863784661858,25.33552,19.02697,1198.82,0.77164,0.214269,25.14274,35192.3
"H2 gravimetric uptake (77 K, 100 bar)",grav_100bar,1,3,Beam 3 (metal only),2928,mol/kg,58.83576978596243,16.616205,13.092804999999998,1788.4450000000002,0.62181,0.397466,16.293860000000002,23777.85
"H2 gravimetric uptake (77 K, 100 bar)",grav_100bar,1,4,Beam 1 (full hypothesis),8,mol/kg,140.90859049082906,26.51547,22.11393,835.896,0.85293,0.1392735,26.47257,41428.8
"H2 gravimetric uptake (77 K, 100 bar)",grav_100bar,1,4,Beam 2 (chemistry),19,mol/kg,101.04704976268268,22.53681,17.85876,1224.1,0.77878,0.212215,20.84033,33894.3
"H2 gravimetric uptake (77 K, 100 bar)",grav_100bar,1,4,Beam 3 (metal only),2906,mol/kg,58.637778866835205,16.535455,13.05664,1791.81,0.62058,0.3990125,16.257170000000002,23673.35
"H2 gravimetric uptake (77 K, 100 bar)",grav_100bar,1,5,Beam 1 (full hypothesis),2,mol/kg,175.22493630291768,38.86824,36.454769999999996,730.4625,0.8722799999999999,0.111793,38.61328,59571.45
"H2 gravimetric uptake (77 K, 100 bar)",grav_100bar,1,5,Beam 2 (chemistry),6,mol/kg,110.52362724013574,20.08995,15.59567,1175.155,0.7837000000000001,0.193935,19.57345,33446.2
"H2 gravimetric uptake (77 K, 100 bar)",grav_100bar,1,5,Beam 3 (metal only),2906,mol/kg,58.637778866835205,16.535455,13.05664,1791.81,0.62058,0.3990125,16.257170000000002,23673.35
"H2 gravimetric uptake (77 K, 100 bar)",grav_100bar,1,6,Beam 1 (full hypothesis),4,mol/kg,162.6821203349994,32.645205000000004,29.393394999999998,753.077,0.86861,0.11949900000000001,32.645205000000004,37244.45
"H2 gravimetric uptake (77 K, 100 bar)",grav_100bar,1,6,Beam 2 (chemistry),19,mol/kg,101.04704976268268,22.53681,17.85876,1224.1,0.77878,0.212215,20.84033,33894.3
"H2 gravimetric uptake (77 K, 100 bar)",grav_100bar,1,6,Beam 3 (metal only),2906,mol/kg,58.637778866835205,16.535455,13.05664,1791.81,0.62058,0.3990125,16.257170000000002,23673.35
"H2 gravimetric uptake (77 K, 100 bar)",grav_100bar,1,7,Beam 1 (full hypothesis),12,mol/kg,184.09180772158362,37.176375,28.827485,688.1355,0.8859600000000001,0.0983378,36.997005,97612.79999999999
"H2 gravimetric uptake (77 K, 100 bar)",grav_100bar,1,7,Beam 2 (chemistry),69,mol/kg,106.51365526475224,26.17574,20.36056,1122.95,0.79662,0.193484,25.79128,40121.3
"H2 gravimetric uptake (77 K, 100 bar)",grav_100bar,1,7,Beam 3 (metal only),2906,mol/kg,58.637778866835205,16.535455,13.05664,1791.81,0.62058,0.3990125,16.257170000000002,23673.35
"H2 gravimetric uptake (77 K, 100 bar)",grav_100bar,1,8,Beam 1 (full hypothesis),1,mol/kg,206.9484289731223,39.21152,37.04047,558.944,0.90414,0.085031,38.7016,81361.9
"H2 gravimetric uptake (77 K, 100 bar)",grav_100bar,1,8,Beam 2 (chemistry),13,mol/kg,124.49286668965752,28.68613,25.25671,1008.48,0.81928,0.165184,28.51499,42606.7
"H2 gravimetric uptake (77 K, 100 bar)",grav_100bar,1,8,Beam 3 (metal only),2906,mol/kg,58.637778866835205,16.535455,13.05664,1791.81,0.62058,0.3990125,16.257170000000002,23673.35
"H2 gravimetric uptake (77 K, 100 bar)",grav_100bar,1,9,Beam 1 (full hypothesis),5,mol/kg,206.9484289731223,39.21152,29.65685,606.473,0.8898,0.0898678,38.7016,114768.0
"H2 gravimetric uptake (77 K, 100 bar)",grav_100bar,1,9,Beam 2 (chemistry),36,mol/kg,122.73309814330429,24.83578,20.39772,960.9965,0.8257099999999999,0.159391,24.581229999999998,38355.0
"H2 gravimetric uptake (77 K, 100 bar)",grav_100bar,1,9,Beam 3 (metal only),2906,mol/kg,58.637778866835205,16.535455,13.05664,1791.81,0.62058,0.3990125,16.257170000000002,23673.35
"H2 gravimetric uptake (77 K, 100 bar)",grav_100bar,1,10,Beam 1 (full hypothesis),1,mol/kg,206.9484289731223,39.21152,37.04047,558.944,0.90414,0.085031,38.7016,81361.9
"H2 gravimetric uptake (77 K, 100 bar)",grav_100bar,1,10,Beam 2 (chemistry),6,mol/kg,110.52362724013574,20.08995,15.59567,1175.155,0.7837000000000001,0.193935,19.57345,33446.2
"H2 gravimetric uptake (77 K, 100 bar)",grav_100bar,1,10,Beam 3 (metal only),2906,mol/kg,58.637778866835205,16.535455,13.05664,1791.81,0.62058,0.3990125,16.257170000000002,23673.35
"H2 gravimetric uptake (77 K, 100 bar)",grav_100bar,2,1,Beam 1 (full hypothesis),9,mol/kg,59.71196263994288,15.19398,10.3923,1945.86,0.61258,0.368477,15.18657,12614.1
"H2 gravimetric uptake (77 K, 100 bar)",grav_100bar,2,1,Beam 2 (chemistry),9,mol/kg,59.71196263994288,15.19398,10.3923,1945.86,0.61258,0.368477,15.18657,12614.1
"H2 gravimetric uptake (77 K, 100 bar)",grav_100bar,2,1,Beam 3 (metal only),112,mol/kg,47.183266741856386,13.96436,9.50095,2059.75,0.50612,0.4942135,13.871575,15007.45
"H2 gravimetric uptake (77 K, 100 bar)",grav_100bar,2,2,Beam 1 (full hypothesis),18,mol/kg,22.792334840689954,8.254085,5.33098,2287.135,0.23831000000000002,0.9044589999999999,8.053305,8988.415
"H2 gravimetric uptake (77 K, 100 bar)",grav_100bar,2,2,Beam 2 (chemistry),60,mol/kg,44.01363285564415,14.57253,12.178185,1915.92,0.50183,0.5410835,14.31307,17228.65
"H2 gravimetric uptake (77 K, 100 bar)",grav_100bar,2,2,Beam 3 (metal only),1218,mol/kg,37.78656701220184,12.904605,9.708165000000001,2138.84,0.46538,0.618279,12.6949,15568.7
"H2 gravimetric uptake (77 K, 100 bar)",grav_100bar,2,3,Beam 1 (full hypothesis),71,mol/kg,147.36845469598384,28.36539,23.19738,901.981,0.84108,0.130962,28.31573,52930.1
"H2 gravimetric uptake (77 K, 100 bar)",grav_100bar,2,3,Beam 2 (chemistry),84,mol/kg,126.02718836255269,26.342255,20.945610000000002,1162.72,0.79731,0.1701115,26.105150000000002,46221.7
"H2 gravimetric uptake (77 K, 100 bar)",grav_100bar,2,3,Beam 3 (metal only),2886,mol/kg,67.04998839401003,17.190635,13.435195,1718.545,0.64254,0.346858,16.909084999999997,24632.8
"H2 gravimetric uptake (77 K, 100 bar)",grav_100bar,2,4,Beam 1 (full hypothesis),2,mol/kg,187.9252371773399,40.316355,38.760305,609.538,0.89468,0.09628,40.033784999999995,85891.2
"H2 gravimetric uptake (77 K, 100 bar)",grav_100bar,2,4,Beam 2 (chemistry),25,mol/kg,96.77606093657576,20.70153,16.45323,1240.62,0.76966,0.227578,20.43167,33894.3
"H2 gravimetric uptake (77 K, 100 bar)",grav_100bar,2,4,Beam 3 (metal only),3657,mol/kg,56.45544667556579,16.19416,12.65872,1822.62,0.6082,0.41407,15.88173,22709.6
"H2 gravimetric uptake (77 K, 100 bar)",grav_100bar,2,5,Beam 1 (full hypothesis),1,mol/kg,206.9484289731223,39.21152,37.04047,558.944,0.90414,0.085031,38.7016,81361.9
"H2 gravimetric uptake (77 K, 100 bar)",grav_100bar,2,5,Beam 2 (chemistry),17,mol/kg,88.72841695425912,20.06391,16.40203,1271.27,0.76962,0.245313,19.99151,32072.4
"H2 gravimetric uptake (77 K, 100 bar)",grav_100bar,2,5,Beam 3 (metal only),2455,mol/kg,45.23339032639238,14.57773,11.10395,1978.53,0.54216,0.520505,14.29217,19159.8
"H2 gravimetric uptake (77 K, 100 bar)",grav_100bar,2,6,Beam 1 (full hypothesis),46,mol/kg,119.89282296741155,28.11523,23.283405000000002,1006.67,0.81126,0.1716805,28.045555,61005.95
"H2 gravimetric uptake (77 K, 100 bar)",grav_100bar,2,6,Beam 2 (chemistry),462,mol/kg,49.911399527707076,15.67537,11.618635000000001,1908.31,0.5633999999999999,0.48389000000000004,15.376245,20823.4
"H2 gravimetric uptake (77 K, 100 bar)",grav_100bar,2,6,Beam 3 (metal only),5960,mol/kg,50.449471641401956,15.55362,12.01738,1890.73,0.58466,0.471492,15.272694999999999,21455.4
"H2 gravimetric uptake (77 K, 100 bar)",grav_100bar,2,7,Beam 2 (chemistry),5,mol/kg,61.87842010819609,21.71168,11.24408,1855.67,0.60056,0.411855,21.63098,35154.8
"H2 gravimetric uptake (77 K, 100 bar)",grav_100bar,2,7,Beam 3 (metal only),2836,mol/kg,45.404762588436,14.6649,11.159495,1975.6999999999998,0.5448,0.5235075,14.38692,19364.6
"H2 gravimetric uptake (77 K, 100 bar)",grav_100bar,2,8,Beam 1 (full hypothesis),13,mol/kg,100.15818984540334,25.24763,22.97001,1107.63,0.80348,0.204391,25.24763,46474.3
"H2 gravimetric uptake (77 K, 100 bar)",grav_100bar,2,8,Beam 2 (chemistry),31,mol/kg,70.39039715005374,21.71168,16.93476,1694.79,0.66184,0.342833,21.63098,29863.0
"H2 gravimetric uptake (77 K, 100 bar)",grav_100bar,2,8,Beam 3 (metal only),1945,mol/kg,45.575414924084924,14.57841,11.21978,1961.41,0.54176,0.518666,14.25415,19041.1
"H2 gravimetric uptake (77 K, 100 bar)",grav_100bar,2,9,Beam 2 (chemistry),5,mol/kg,61.87842010819609,21.71168,11.24408,1855.67,0.60056,0.411855,21.63098,35154.8
"H2 gravimetric uptake (77 K, 100 bar)",grav_100bar,2,9,Beam 3 (metal only),1945,mol/kg,45.575414924084924,14.57841,11.21978,1961.41,0.54176,0.518666,14.25415,19041.1
"H2 gravimetric uptake (77 K, 100 bar)",grav_100bar,2,10,Beam 3 (metal only),1278,mol/kg,45.48555651284606,14.67653,11.077635,1962.69,0.5409999999999999,0.518876,14.34017,19010.7
"H2 gravimetric uptake (77 K, 100 bar)",grav_100bar,3,1,Beam 1 (full hypothesis),1,mol/kg,72.13290379387803,13.93155,12.44578,1929.99,0.61258,0.341857,13.93155,12614.1
"H2 gravimetric uptake (77 K, 100 bar)",grav_100bar,3,1,Beam 2 (chemistry),1,mol/kg,72.13290379387803,13.93155,12.44578,1929.99,0.61258,0.341857,13.93155,12614.1
"H2 gravimetric uptake (77 K, 100 bar)",grav_100bar,3,1,Beam 3 (metal only),22,mol/kg,34.35772249288884,12.5846,9.2652,1992.635,0.40051000000000003,0.6565595,12.557414999999999,11207.77
"H2 gravimetric uptake (77 K, 100 bar)",grav_100bar,3,2,Beam 3 (metal only),22,mol/kg,34.35772249288884,12.5846,9.2652,1992.635,0.40051000000000003,0.6565595,12.557414999999999,11207.77
"H2 gravimetric uptake (77 K, 100 bar)",grav_100bar,3,3,Beam 2 (chemistry),2,mol/kg,65.92243321691046,19.43404,17.864874999999998,1763.685,0.64756,0.355167,19.43404,15358.349999999999
"H2 gravimetric uptake (77 K, 100 bar)",grav_100bar,3,3,Beam 3 (metal only),22,mol/kg,34.35772249288884,12.5846,9.2652,1992.635,0.40051000000000003,0.6565595,12.557414999999999,11207.77
"H2 gravimetric uptake (77 K, 100 bar)",grav_100bar,3,4,Beam 3 (metal only),22,mol/kg,34.35772249288884,12.5846,9.2652,1992.635,0.40051000000000003,0.6565595,12.557414999999999,11207.77
"H2 gravimetric uptake (77 K, 100 bar)",grav_100bar,3,5,Beam 3 (metal only),48,mol/kg,47.105613731446184,14.42342,10.53448,1949.6100000000001,0.52883,0.487992,14.26744,20094.6
"H2 gravimetric uptake (77 K, 100 bar)",grav_100bar,3,6,Beam 1 (full hypothesis),17,mol/kg,136.25015016645628,27.37637,21.97155,1012.73,0.80332,0.152524,27.32195,44951.0
"H2 gravimetric uptake (77 K, 100 bar)",grav_100bar,3,6,Beam 2 (chemistry),31,mol/kg,97.83323698740328,23.02699,16.48624,1249.25,0.76962,0.205631,22.74047,33368.6
"H2 gravimetric uptake (77 K, 100 bar)",grav_100bar,3,6,Beam 3 (metal only),218,mol/kg,59.31938323428328,15.279364999999999,11.30142,1936.4099999999999,0.56826,0.4005695,15.21452,19844.4
"H2 gravimetric uptake (77 K, 100 bar)",grav_100bar,3,7,Beam 3 (metal only),22,mol/kg,105.1869514191693,22.20744,18.11102,1315.2150000000001,0.73694,0.215864,22.206825000000002,31841.65
"H2 gravimetric uptake (77 K, 100 bar)",grav_100bar,3,8,Beam 1 (full hypothesis),1,mol/kg,264.3553039495603,46.44123,32.36465,458.028,0.91658,0.065171,46.44123,175272.0
"H2 gravimetric uptake (77 K, 100 bar)",grav_100bar,3,8,Beam 2 (chemistry),1,mol/kg,264.3553039495603,46.44123,32.36465,458.028,0.91658,0.065171,46.44123,175272.0
"H2 gravimetric uptake (77 K, 100 bar)",grav_100bar,3,8,Beam 3 (metal only),22,mol/kg,105.1869514191693,22.20744,18.11102,1315.2150000000001,0.73694,0.215864,22.206825000000002,31841.65
"H2 gravimetric uptake (77 K, 100 bar)",grav_100bar,3,9,Beam 1 (full hypothesis),1,mol/kg,264.3553039495603,46.44123,32.36465,458.028,0.91658,0.065171,46.44123,175272.0
"H2 gravimetric uptake (77 K, 100 bar)",grav_100bar,3,9,Beam 2 (chemistry),1,mol/kg,264.3553039495603,46.44123,32.36465,458.028,0.91658,0.065171,46.44123,175272.0
"H2 gravimetric uptake (77 K, 100 bar)",grav_100bar,3,9,Beam 3 (metal only),22,mol/kg,105.1869514191693,22.20744,18.11102,1315.2150000000001,0.73694,0.215864,22.206825000000002,31841.65
"H2 gravimetric uptake (77 K, 100 bar)",grav_100bar,3,10,Beam 1 (full hypothesis),1,mol/kg,264.3553039495603,46.44123,32.36465,458.028,0.91658,0.065171,46.44123,175272.0
"H2 gravimetric uptake (77 K, 100 bar)",grav_100bar,3,10,Beam 2 (chemistry),1,mol/kg,264.3553039495603,46.44123,32.36465,458.028,0.91658,0.065171,46.44123,175272.0
"H2 gravimetric uptake (77 K, 100 bar)",grav_100bar,3,10,Beam 3 (metal only),22,mol/kg,105.1869514191693,22.20744,18.11102,1315.2150000000001,0.73694,0.215864,22.206825000000002,31841.65
"H2 gravimetric uptake (77 K, 100 bar)",grav_100bar,4,1,Beam 1 (full hypothesis),18,mol/kg,30.981489063580888,10.90254,6.907310000000001,2132.1049999999996,0.33851,0.743355,9.990535000000001,11303.25
"H2 gravimetric uptake (77 K, 100 bar)",grav_100bar,4,1,Beam 2 (chemistry),18,mol/kg,30.981489063580888,10.90254,6.907310000000001,2132.1049999999996,0.33851,0.743355,9.990535000000001,11303.25
"H2 gravimetric uptake (77 K, 100 bar)",grav_100bar,4,1,Beam 3 (metal only),66,mol/kg,31.084554479975218,10.167475,6.712175,2177.845,0.36614,0.7246505000000001,9.737369999999999,11871.7
"H2 gravimetric uptake (77 K, 100 bar)",grav_100bar,4,2,Beam 3 (metal only),22,mol/kg,34.35772249288884,12.5846,9.2652,1992.635,0.40051000000000003,0.6565595,12.557414999999999,11207.77
"H2 gravimetric uptake (77 K, 100 bar)",grav_100bar,4,3,Beam 3 (metal only),22,mol/kg,34.35772249288884,12.5846,9.2652,1992.635,0.40051000000000003,0.6565595,12.557414999999999,11207.77
"H2 gravimetric uptake (77 K, 100 bar)",grav_100bar,4,4,Beam 1 (full hypothesis),1,mol/kg,107.56958982044948,33.49907,29.26536,1071.67,0.80256,0.193484,33.49907,27772.2
"H2 gravimetric uptake (77 K, 100 bar)",grav_100bar,4,4,Beam 2 (chemistry),17,mol/kg,89.73992518334785,21.62826,18.95713,1231.65,0.77088,0.239139,20.84033,34507.6
"H2 gravimetric uptake (77 K, 100 bar)",grav_100bar,4,4,Beam 3 (metal only),910,mol/kg,37.51260681170962,13.028015,9.71567,2133.0950000000003,0.46925,0.622274,12.793765,16037.55
"H2 gravimetric uptake (77 K, 100 bar)",grav_100bar,4,5,Beam 1 (full hypothesis),1,mol/kg,110.46798232320468,34.36015,32.95182,1000.01,0.81174,0.187067,34.36015,41644.0
"H2 gravimetric uptake (77 K, 100 bar)",grav_100bar,4,5,Beam 2 (chemistry),13,mol/kg,83.23111579580385,21.60261,16.74838,1314.37,0.75764,0.254198,20.84033,27967.4
"H2 gravimetric uptake (77 K, 100 bar)",grav_100bar,4,5,Beam 3 (metal only),849,mol/kg,37.46874247311268,12.8862,9.55591,2145.8,0.46648,0.624448,12.65405,15989.3
"H2 gravimetric uptake (77 K, 100 bar)",grav_100bar,4,6,Beam 1 (full hypothesis),3,mol/kg,136.97115030946404,32.05387,29.51019,832.13,0.84156,0.138555,32.05387,48214.3
"H2 gravimetric uptake (77 K, 100 bar)",grav_100bar,4,6,Beam 2 (chemistry),6,mol/kg,126.63301088807346,26.45441,22.05843,1005.8355,0.8190999999999999,0.1591635,25.997819999999997,38951.15
"H2 gravimetric uptake (77 K, 100 bar)",grav_100bar,4,6,Beam 3 (metal only),1478,mol/kg,36.61391161854589,13.579229999999999,10.197675,2133.5699999999997,0.48324,0.6306545,13.291045,17157.05
"H2 gravimetric uptake (77 K, 100 bar)",grav_100bar,4,7,Beam 1 (full hypothesis),3,mol/kg,136.97115030946404,32.05387,29.51019,832.13,0.84156,0.138555,32.05387,48214.3
"H2 gravimetric uptake (77 K, 100 bar)",grav_100bar,4,7,Beam 2 (chemistry),5,mol/kg,133.2658170585581,30.37201,28.15173,901.981,0.84042,0.142672,30.37201,40121.3
"H2 gravimetric uptake (77 K, 100 bar)",grav_100bar,4,7,Beam 3 (metal only),1372,mol/kg,37.37935646461371,13.775665,10.36987,2129.435,0.48767,0.619721,13.414280000000002,17647.449999999997
"H2 gravimetric uptake (77 K, 100 bar)",grav_100bar,4,8,Beam 2 (chemistry),5,mol/kg,112.90498521773038,28.24934,22.64684,1122.95,0.793,0.185939,27.87113,54637.5
"H2 gravimetric uptake (77 K, 100 bar)",grav_100bar,4,8,Beam 3 (metal only),1619,mol/kg,36.65022307943232,13.69879,10.34875,2126.25,0.48156,0.628005,13.36621,17314.7
"H2 gravimetric uptake (77 K, 100 bar)",grav_100bar,4,9,Beam 1 (full hypothesis),6,mol/kg,137.18872957117668,35.1609,32.824495,883.296,0.8406899999999999,0.14006600000000002,35.01609,54987.8
"H2 gravimetric uptake (77 K, 100 bar)",grav_100bar,4,9,Beam 2 (chemistry),53,mol/kg,96.4052240421047,21.50507,18.44023,1224.1,0.77878,0.224056,21.18662,36451.0
"H2 gravimetric uptake (77 K, 100 bar)",grav_100bar,4,9,Beam 3 (metal only),1537,mol/kg,37.088255185423975,13.66606,10.34875,2128.87,0.48122,0.625576,13.366,17143.5
"H2 gravimetric uptake (77 K, 100 bar)",grav_100bar,4,10,Beam 2 (chemistry),14,mol/kg,98.44533595903917,21.95986,18.935395,1251.01,0.76972,0.21986050000000001,20.998510000000003,35575.2
"H2 gravimetric uptake (77 K, 100 bar)",grav_100bar,4,10,Beam 3 (metal only),1761,mol/kg,36.204916191904886,13.46785,10.21104,2140.0,0.4809,0.642125,13.14069,17290.3
"H2 gravimetric uptake (77 K, 100 bar)",grav_100bar,5,1,Beam 1 (full hypothesis),12,mol/kg,52.45347487808554,15.13934,10.53448,1951.6599999999999,0.5478700000000001,0.43187949999999997,15.13934,21152.4
"H2 gravimetric uptake (77 K, 100 bar)",grav_100bar,5,1,Beam 2 (chemistry),12,mol/kg,52.45347487808554,15.13934,10.53448,1951.6599999999999,0.5478700000000001,0.43187949999999997,15.13934,21152.4
"H2 gravimetric uptake (77 K, 100 bar)",grav_100bar,5,1,Beam 3 (metal only),48,mol/kg,47.105613731446184,14.42342,10.53448,1949.6100000000001,0.52883,0.487992,14.26744,20094.6
"H2 gravimetric uptake (77 K, 100 bar)",grav_100bar,5,2,Beam 1 (full hypothesis),1,mol/kg,109.63000838002934,31.22562,30.03591,1249.25,0.76962,0.193104,31.22562,38209.2
"H2 gravimetric uptake (77 K, 100 bar)",grav_100bar,5,2,Beam 2 (chemistry),1,mol/kg,109.63000838002934,31.22562,30.03591,1249.25,0.76962,0.193104,31.22562,38209.2
"H2 gravimetric uptake (77 K, 100 bar)",grav_100bar,5,2,Beam 3 (metal only),48,mol/kg,47.105613731446184,14.42342,10.53448,1949.6100000000001,0.52883,0.487992,14.26744,20094.6
"H2 gravimetric uptake (77 K, 100 bar)",grav_100bar,5,3,Beam 1 (full hypothesis),1,mol/kg,168.90204538155749,41.42119,40.48014,660.132,0.88522,0.107529,41.36597,90420.5
"H2 gravimetric uptake (77 K, 100 bar)",grav_100bar,5,3,Beam 2 (chemistry),9,mol/kg,109.83198776995296,21.89168,16.45323,1109.69,0.79778,0.177092,21.23484,34374.9
"H2 gravimetric uptake (77 K, 100 bar)",grav_100bar,5,3,Beam 3 (metal only),960,mol/kg,51.38998554971714,15.204360000000001,11.914705,1915.26,0.58322,0.45184250000000004,15.04852,20969.0
"H2 gravimetric uptake (77 K, 100 bar)",grav_100bar,5,4,Beam 3 (metal only),183,mol/kg,37.14794771712318,13.41172,10.33571,2111.57,0.4559,0.626365,12.89081,14852.1
"H2 gravimetric uptake (77 K, 100 bar)",grav_100bar,5,5,Beam 1 (full hypothesis),3,mol/kg,168.90204538155749,41.0048,39.75506,649.226,0.88522,0.107529,41.0048,79835.3
"H2 gravimetric uptake (77 K, 100 bar)",grav_100bar,5,5,Beam 2 (chemistry),42,mol/kg,106.87292401224664,22.6112,17.94291,1230.85,0.7665500000000001,0.2004665,22.26257,30122.35
"H2 gravimetric uptake (77 K, 100 bar)",grav_100bar,5,5,Beam 3 (metal only),1369,mol/kg,48.64411070641097,15.03628,11.7091,1949.72,0.5685,0.482102,14.78052,20271.7
"H2 gravimetric uptake (77 K, 100 bar)",grav_100bar,5,6,Beam 1 (full hypothesis),1,mol/kg,210.27716277680315,40.05564,37.93325,597.221,0.9045,0.0817179,40.05564,51671.4
"H2 gravimetric uptake (77 K, 100 bar)",grav_100bar,5,6,Beam 2 (chemistry),36,mol/kg,146.05245399814237,26.390075,22.878225,880.1075,0.84904,0.137183,26.15297,52263.1
"H2 gravimetric uptake (77 K, 100 bar)",grav_100bar,5,6,Beam 3 (metal only),2236,mol/kg,61.16904343759173,17.02769,13.386595,1768.77,0.6309800000000001,0.3824765,16.739919999999998,24391.75
"H2 gravimetric uptake (77 K, 100 bar)",grav_100bar,5,7,Beam 3 (metal only),228,mol/kg,39.989721073569996,13.31724,9.677900000000001,2139.17,0.47219,0.5822615,12.8853,16253.45
"H2 gravimetric uptake (77 K, 100 bar)",grav_100bar,5,8,Beam 2 (chemistry),8,mol/kg,82.84612179408214,16.440145,14.293405,1571.5500000000002,0.7158800000000001,0.284507,16.40558,22223.4
"H2 gravimetric uptake (77 K, 100 bar)",grav_100bar,5,8,Beam 3 (metal only),1263,mol/kg,46.76633117333975,14.82447,11.46468,1953.46,0.56324,0.495683,14.59344,19890.8
"H2 gravimetric uptake (77 K, 100 bar)",grav_100bar,5,9,Beam 3 (metal only),2130,mol/kg,60.87721869857053,17.06392,13.398465,1760.3600000000001,0.63201,0.3853105,16.77091,24632.3
"H2 gravimetric uptake (77 K, 100 bar)",grav_100bar,5,10,Beam 1 (full hypothesis),6,mol/kg,167.90238662157788,41.21299500000001,40.117599999999996,652.1105,0.8812800000000001,0.109746,41.185385,80023.5
"H2 gravimetric uptake (77 K, 100 bar)",grav_100bar,5,10,Beam 2 (chemistry),113,mol/kg,75.06746350056977,20.1458,16.17473,1491.05,0.71026,0.297805,19.56807,26805.4
"H2 gravimetric uptake (77 K, 100 bar)",grav_100bar,5,10,Beam 3 (metal only),1263,mol/kg,46.76633117333975,14.82447,11.46468,1953.46,0.56324,0.495683,14.59344,19890.8
"H2 gravimetric uptake (77 K, 5 bar)",grav_5bar,1,1,Beam 1 (full hypothesis),32,mol/kg,18.913833917293935,12.79477,9.124845,2132.1049999999996,0.40181,0.665131,12.00533,12871.400000000001
"H2 gravimetric uptake (77 K, 5 bar)",grav_5bar,1,1,Beam 2 (chemistry),32,mol/kg,18.913833917293935,12.79477,9.124845,2132.1049999999996,0.40181,0.665131,12.00533,12871.400000000001
"H2 gravimetric uptake (77 K, 5 bar)",grav_5bar,1,1,Beam 3 (metal only),112,mol/kg,18.466478476565555,12.829135,9.412044999999999,2103.335,0.5059,0.506535,12.557414999999999,15661.8
"H2 gravimetric uptake (77 K, 5 bar)",grav_5bar,1,8,Beam 1 (full hypothesis),15,mol/kg,26.96797543557924,22.5446,19.78101,1055.72,0.80942,0.147915,22.5446,44462.2
"H2 gravimetric uptake (77 K, 5 bar)",grav_5bar,1,8,Beam 2 (chemistry),23,mol/kg,26.96797543557924,21.89511,17.79104,1285.19,0.74028,0.211742,21.75365,39020.6
"H2 gravimetric uptake (77 K, 5 bar)",grav_5bar,1,8,Beam 3 (metal only),23,mol/kg,26.96797543557924,21.89511,17.79104,1285.19,0.74028,0.211742,21.75365,39020.6
"H2 gravimetric uptake (77 K, 5 bar)",grav_5bar,1,9,Beam 1 (full hypothesis),4,mol/kg,30.04112903932741,37.238474999999994,29.917575,669.0445,0.8748100000000001,0.09519559999999999,37.198125,101734.5
"H2 gravimetric uptake (77 K, 5 bar)",grav_5bar,1,9,Beam 2 (chemistry),9,mol/kg,27.84828165275041,24.29737,21.24399,886.196,0.83492,0.125896,24.29737,41646.4
"H2 gravimetric uptake (77 K, 5 bar)",grav_5bar,1,9,Beam 3 (metal only),23,mol/kg,26.96797543557924,21.89511,17.79104,1285.19,0.74028,0.211742,21.75365,39020.6
"H2 gravimetric uptake (77 K, 5 bar)",grav_5bar,1,10,Beam 1 (full hypothesis),2,mol/kg,30.870438055023826,42.337104999999994,30.651705,515.4290000000001,0.90492,0.0735961,42.337104999999994,151387.0
"H2 gravimetric uptake (77 K, 5 bar)",grav_5bar,1,10,Beam 2 (chemistry),3,mol/kg,30.55243141271675,38.23298,28.93876,572.83,0.89326,0.0820212,38.23298,127502.0
"H2 gravimetric uptake (77 K, 5 bar)",grav_5bar,1,10,Beam 3 (metal only),23,mol/kg,26.96797543557924,21.89511,17.79104,1285.19,0.74028,0.211742,21.75365,39020.6
"H2 gravimetric uptake (77 K, 5 bar)",grav_5bar,2,1,Beam 1 (full hypothesis),2,mol/kg,20.119371815919916,28.725929999999998,26.89432,1383.6599999999999,0.73763,0.2339055,28.502985,43546.3
"H2 gravimetric uptake (77 K, 5 bar)",grav_5bar,2,1,Beam 2 (chemistry),2,mol/kg,20.119371815919916,28.725929999999998,26.89432,1383.6599999999999,0.73763,0.2339055,28.502985,43546.3
"H2 gravimetric uptake (77 K, 5 bar)",grav_5bar,2,1,Beam 3 (metal only),47,mol/kg,18.045989878918046,14.75106,10.5678,1929.99,0.5303,0.456088,14.75106,20412.0
"H2 gravimetric uptake (77 K, 5 bar)",grav_5bar,2,2,Beam 3 (metal only),47,mol/kg,18.045989878918046,14.75106,10.5678,1929.99,0.5303,0.456088,14.75106,20412.0
"H2 gravimetric uptake (77 K, 5 bar)",grav_5bar,2,3,Beam 1 (full hypothesis),6,mol/kg,17.280648385841484,8.002905,5.202995,2349.325,0.25833,0.774303,8.00227,9538.12
"H2 gravimetric uptake (77 K, 5 bar)",grav_5bar,2,3,Beam 2 (chemistry),16,mol/kg,16.75508061739025,11.872164999999999,7.57914,2056.9900000000002,0.40313,0.627904,11.256495000000001,15707.25
"H2 gravimetric uptake (77 K, 5 bar)",grav_5bar,2,3,Beam 3 (metal only),47,mol/kg,18.045989878918046,14.75106,10.5678,1929.99,0.5303,0.456088,14.75106,20412.0
"H2 gravimetric uptake (77 K, 5 bar)",grav_5bar,2,4,Beam 1 (full hypothesis),4,mol/kg,19.85585495841558,25.08454,19.54461,1484.325,0.7207,0.2726855,25.060165,28155.899999999998
"H2 gravimetric uptake (77 K, 5 bar)",grav_5bar,2,4,Beam 2 (chemistry),4,mol/kg,19.85585495841558,25.08454,19.54461,1484.325,0.7207,0.2726855,25.060165,28155.899999999998
"H2 gravimetric uptake (77 K, 5 bar)",grav_5bar,2,4,Beam 3 (metal only),47,mol/kg,18.045989878918046,14.75106,10.5678,1929.99,0.5303,0.456088,14.75106,20412.0
"H2 gravimetric uptake (77 K, 5 bar)",grav_5bar,2,5,Beam 3 (metal only),47,mol/kg,18.045989878918046,14.75106,10.5678,1929.99,0.5303,0.456088,14.75106,20412.0
"H2 gravimetric uptake (77 K, 5 bar)",grav_5bar,2,6,Beam 1 (full hypothesis),6,mol/kg,19.748179592082078,24.809314999999998,19.06922,1557.725,0.6940900000000001,0.308282,24.704900000000002,30051.0
"H2 gravimetric uptake (77 K, 5 bar)",grav_5bar,2,6,Beam 2 (chemistry),6,mol/kg,19.748179592082078,24.809314999999998,19.06922,1557.725,0.6940900000000001,0.308282,24.704900000000002,30051.0
"H2 gravimetric uptake (77 K, 5 bar)",grav_5bar,2,6,Beam 3 (metal only),47,mol/kg,18.045989878918046,14.75106,10.5678,1929.99,0.5303,0.456088,14.75106,20412.0
"H2 gravimetric uptake (77 K, 5 bar)",grav_5bar,2,7,Beam 1 (full hypothesis),11,mol/kg,19.307691615175308,11.30111,8.30004,2409.17,0.44392,0.674807,11.30111,11453.1
"H2 gravimetric uptake (77 K, 5 bar)",grav_5bar,2,7,Beam 2 (chemistry),72,mol/kg,14.959172474221617,11.828795,9.41376,2170.23,0.41339,0.73312,11.681619999999999,16519.75
"H2 gravimetric uptake (77 K, 5 bar)",grav_5bar,2,7,Beam 3 (metal only),519,mol/kg,16.354965626283022,13.10313,9.84827,2076.59,0.48472,0.584718,12.83517,16546.0
"H2 gravimetric uptake (77 K, 5 bar)",grav_5bar,2,8,Beam 1 (full hypothesis),11,mol/kg,19.307691615175308,11.46658,7.56483,2371.08,0.39988,0.683264,11.15798,14725.4
"H2 gravimetric uptake (77 K, 5 bar)",grav_5bar,2,8,Beam 2 (chemistry),36,mol/kg,16.953556265775806,14.18064,10.743025,2153.56,0.51244,0.6393675000000001,14.0948,17286.4
"H2 gravimetric uptake (77 K, 5 bar)",grav_5bar,2,8,Beam 3 (metal only),490,mol/kg,16.208956873781418,12.9026,9.677900000000001,2091.4750000000004,0.47052000000000005,0.6235135,12.7322,15854.599999999999
"H2 gravimetric uptake (77 K, 5 bar)",grav_5bar,2,9,Beam 1 (full hypothesis),6,mol/kg,20.47119755995581,15.959290000000001,12.50512,1796.06,0.63995,0.3391025,15.849874999999999,23814.300000000003
"H2 gravimetric uptake (77 K, 5 bar)",grav_5bar,2,9,Beam 2 (chemistry),13,mol/kg,21.52093653203168,17.14626,12.9916,1772.03,0.64118,0.323701,16.99131,22952.7
"H2 gravimetric uptake (77 K, 5 bar)",grav_5bar,2,9,Beam 3 (metal only),250,mol/kg,16.095212254660147,13.626505000000002,10.07981,2096.285,0.49536,0.5851515,13.382719999999999,17917.65
"H2 gravimetric uptake (77 K, 5 bar)",grav_5bar,2,10,Beam 1 (full hypothesis),4,mol/kg,22.382468498842755,15.959290000000001,12.420835,1833.585,0.6346,0.3391025,15.849874999999999,21711.9
"H2 gravimetric uptake (77 K, 5 bar)",grav_5bar,2,10,Beam 2 (chemistry),13,mol/kg,22.48405496512187,14.77232,12.01864,1820.09,0.64084,0.336637,14.70844,22952.7
"H2 gravimetric uptake (77 K, 5 bar)",grav_5bar,2,10,Beam 3 (metal only),250,mol/kg,16.095212254660147,13.626505000000002,10.07981,2096.285,0.49536,0.5851515,13.382719999999999,17917.65
"H2 gravimetric uptake (77 K, 5 bar)",grav_5bar,3,1,Beam 1 (full hypothesis),22,mol/kg,16.720822989553177,11.764610000000001,8.850439999999999,2315.495,0.47698,0.7387095,11.431384999999999,10392.0
"H2 gravimetric uptake (77 K, 5 bar)",grav_5bar,3,1,Beam 2 (chemistry),22,mol/kg,16.720822989553177,11.764610000000001,8.850439999999999,2315.495,0.47698,0.7387095,11.431384999999999,10392.0
"H2 gravimetric uptake (77 K, 5 bar)",grav_5bar,3,1,Beam 3 (metal only),110,mol/kg,14.968796251672547,10.632280000000002,7.15421,2216.66,0.37361,0.7618445,10.542545,11944.599999999999
"H2 gravimetric uptake (77 K, 5 bar)",grav_5bar,3,2,Beam 2 (chemistry),11,mol/kg,21.45951545209138,11.45173,8.50623,2341.73,0.47248,0.500329,11.32697,19472.2
"H2 gravimetric uptake (77 K, 5 bar)",grav_5bar,3,2,Beam 3 (metal only),775,mol/kg,18.61805719899046,13.12904,9.46327,2091.8,0.48242,0.563763,12.88018,17197.6
"H2 gravimetric uptake (77 K, 5 bar)",grav_5bar,3,3,Beam 1 (full hypothesis),1,mol/kg,26.799113100234585,10.54479,8.50623,2531.33,0.43262,0.500329,9.89915,8588.54
"H2 gravimetric uptake (77 K, 5 bar)",grav_5bar,3,3,Beam 2 (chemistry),16,mol/kg,18.380465504545253,16.280974999999998,12.832180000000001,1884.275,0.61653,0.3993795,16.15102,25963.25
"H2 gravimetric uptake (77 K, 5 bar)",grav_5bar,3,3,Beam 3 (metal only),1499,mol/kg,16.627886903271527,14.50959,10.91253,2046.52,0.5215,0.55736,14.2783,19149.5
"H2 gravimetric uptake (77 K, 5 bar)",grav_5bar,3,4,Beam 1 (full hypothesis),4,mol/kg,20.06755285331382,31.212940000000003,28.83096,867.0554999999999,0.8409899999999999,0.1406135,31.212940000000003,51776.2
"H2 gravimetric uptake (77 K, 5 bar)",grav_5bar,3,4,Beam 2 (chemistry),618,mol/kg,16.495250671042232,14.03587,10.18675,2045.45,0.48789000000000005,0.6072135000000001,13.688675,20448.25
"H2 gravimetric uptake (77 K, 5 bar)",grav_5bar,3,4,Beam 3 (metal only),1912,mol/kg,15.67478584516575,13.69433,10.23294,2075.745,0.48726,0.6306545,13.38042,18155.75
"H2 gravimetric uptake (77 K, 5 bar)",grav_5bar,3,5,Beam 1 (full hypothesis),2,mol/kg,23.003269324576333,10.617825,8.13067,2564.865,0.42335,0.570241,9.533585,12313.87
"H2 gravimetric uptake (77 K, 5 bar)",grav_5bar,3,5,Beam 2 (chemistry),14,mol/kg,18.417643731564112,17.896304999999998,14.327155000000001,1847.0349999999999,0.62758,0.3993795,17.770785,29427.7
"H2 gravimetric uptake (77 K, 5 bar)",grav_5bar,3,5,Beam 3 (metal only),1499,mol/kg,16.627886903271527,14.50959,10.91253,2046.52,0.5215,0.55736,14.2783,19149.5
"H2 gravimetric uptake (77 K, 5 bar)",grav_5bar,3,6,Beam 1 (full hypothesis),1,mol/kg,26.799113100234585,10.54479,8.50623,2531.33,0.43262,0.500329,9.89915,8588.54
"H2 gravimetric uptake (77 K, 5 bar)",grav_5bar,3,6,Beam 2 (chemistry),1,mol/kg,26.799113100234585,10.54479,8.50623,2531.33,0.43262,0.500329,9.89915,8588.54
"H2 gravimetric uptake (77 K, 5 bar)",grav_5bar,3,6,Beam 3 (metal only),150,mol/kg,17.84524422276847,14.41676,10.836295,2059.715,0.534,0.5197244999999999,14.346599999999999,18117.15
"H2 gravimetric uptake (77 K, 5 bar)",grav_5bar,3,7,Beam 1 (full hypothesis),26,mol/kg,18.378391513365443,15.26584,11.700545,2055.525,0.5635399999999999,0.444643,14.660264999999999,18099.7
"H2 gravimetric uptake (77 K, 5 bar)",grav_5bar,3,7,Beam 2 (chemistry),44,mol/kg,16.17015205572078,15.828605,12.495065,1942.0700000000002,0.5875999999999999,0.41968,15.315705000000001,21986.2
"H2 gravimetric uptake (77 K, 5 bar)",grav_5bar,3,7,Beam 3 (metal only),664,mol/kg,16.646044829820895,13.600615000000001,10.4526,2097.95,0.47694000000000003,0.597082,13.426555,16764.5
"H2 gravimetric uptake (77 K, 5 bar)",grav_5bar,3,8,Beam 1 (full hypothesis),1,mol/kg,26.799113100234585,10.54479,8.50623,2531.33,0.43262,0.500329,9.89915,8588.54
"H2 gravimetric uptake (77 K, 5 bar)",grav_5bar,3,8,Beam 2 (chemistry),1,mol/kg,26.799113100234585,10.54479,8.50623,2531.33,0.43262,0.500329,9.89915,8588.54
"H2 gravimetric uptake (77 K, 5 bar)",grav_5bar,3,8,Beam 3 (metal only),196,mol/kg,19.054653619820243,14.146155,10.836295,2093.535,0.51513,0.4996165,14.05961,18117.15
"H2 gravimetric uptake (77 K, 5 bar)",grav_5bar,3,9,Beam 1 (full hypothesis),1,mol/kg,26.799113100234585,10.54479,8.50623,2531.33,0.43262,0.500329,9.89915,8588.54
"H2 gravimetric uptake (77 K, 5 bar)",grav_5bar,3,9,Beam 2 (chemistry),1,mol/kg,26.799113100234585,10.54479,8.50623,2531.33,0.43262,0.500329,9.89915,8588.54
"H2 gravimetric uptake (77 K, 5 bar)",grav_5bar,3,9,Beam 3 (metal only),196,mol/kg,19.054653619820243,14.146155,10.836295,2093.535,0.51513,0.4996165,14.05961,18117.15
"H2 gravimetric uptake (77 K, 5 bar)",grav_5bar,3,10,Beam 1 (full hypothesis),35,mol/kg,19.42145858787994,15.82597,11.85007,1934.66,0.61032,0.398386,15.50108,22047.9
"H2 gravimetric uptake (77 K, 5 bar)",grav_5bar,3,10,Beam 2 (chemistry),174,mol/kg,17.065460841366125,14.229325,10.54674,2043.005,0.5005499999999999,0.5702985,14.229325,18245.55
"H2 gravimetric uptake (77 K, 5 bar)",grav_5bar,3,10,Beam 3 (metal only),460,mol/kg,16.61960833740349,13.56854,10.368435,2100.2349999999997,0.48396,0.5936205000000001,13.282185,17088.45
"H2 gravimetric uptake (77 K, 5 bar)",grav_5bar,4,1,Beam 1 (full hypothesis),1,mol/kg,22.190191200881603,13.93155,12.44578,1929.99,0.61258,0.341857,13.93155,12614.1
"H2 gravimetric uptake (77 K, 5 bar)",grav_5bar,4,1,Beam 2 (chemistry),1,mol/kg,22.190191200881603,13.93155,12.44578,1929.99,0.61258,0.341857,13.93155,12614.1
"H2 gravimetric uptake (77 K, 5 bar)",grav_5bar,4,1,Beam 3 (metal only),18,mol/kg,15.199888721919397,12.5846,8.48654,1992.635,0.40051000000000003,0.6565595,12.557414999999999,9301.244999999999
"H2 gravimetric uptake (77 K, 5 bar)",grav_5bar,4,2,Beam 2 (chemistry),3,mol/kg,15.53423033961596,19.65337,12.69859,1726.92,0.66588,0.327532,19.65337,24376.9
"H2 gravimetric uptake (77 K, 5 bar)",grav_5bar,4,2,Beam 3 (metal only),112,mol/kg,18.466478476565555,12.829135,9.412044999999999,2103.335,0.5059,0.506535,12.557414999999999,15661.8
"H2 gravimetric uptake (77 K, 5 bar)",grav_5bar,4,3,Beam 3 (metal only),112,mol/kg,18.466478476565555,12.829135,9.412044999999999,2103.335,0.5059,0.506535,12.557414999999999,15661.8
"H2 gravimetric uptake (77 K, 5 bar)",grav_5bar,4,4,Beam 2 (chemistry),4,mol/kg,19.18262855831955,17.29617,10.659155,1967.055,0.56279,0.493069,16.961035000000003,28474.050000000003
"H2 gravimetric uptake (77 K, 5 bar)",grav_5bar,4,4,Beam 3 (metal only),112,mol/kg,18.466478476565555,12.829135,9.412044999999999,2103.335,0.5059,0.506535,12.557414999999999,15661.8
"H2 gravimetric uptake (77 K, 5 bar)",grav_5bar,4,5,Beam 1 (full hypothesis),74,mol/kg,20.801487078548526,22.96471,19.579625,1265.085,0.76553,0.237654,22.783725,42956.35
"H2 gravimetric uptake (77 K, 5 bar)",grav_5bar,4,5,Beam 2 (chemistry),124,mol/kg,20.439906038642427,19.784485,15.37979,1630.365,0.68116,0.3557785,19.68952,31282.35
"H2 gravimetric uptake (77 K, 5 bar)",grav_5bar,4,5,Beam 3 (metal only),685,mol/kg,17.25500097950565,15.30157,11.95221,1943.34,0.53248,0.567188,15.05212,21521.5
"H2 gravimetric uptake (77 K, 5 bar)",grav_5bar,4,6,Beam 3 (metal only),23,mol/kg,26.96797543557924,21.89511,17.79104,1285.19,0.74028,0.211742,21.75365,39020.6
"H2 gravimetric uptake (77 K, 5 bar)",grav_5bar,4,7,Beam 1 (full hypothesis),4,mol/kg,29.70616208054159,39.182845,30.651705,608.4385,0.88736,0.09154709999999999,39.175889999999995,111321.4
"H2 gravimetric uptake (77 K, 5 bar)",grav_5bar,4,7,Beam 2 (chemistry),4,mol/kg,29.70616208054159,39.182845,30.651705,608.4385,0.88736,0.09154709999999999,39.175889999999995,111321.4
"H2 gravimetric uptake (77 K, 5 bar)",grav_5bar,4,7,Beam 3 (metal only),23,mol/kg,26.96797543557924,21.89511,17.79104,1285.19,0.74028,0.211742,21.75365,39020.6
"H2 gravimetric uptake (77 K, 5 bar)",grav_5bar,4,8,Beam 1 (full hypothesis),3,mol/kg,30.55243141271675,38.23298,28.93876,572.83,0.89326,0.0820212,38.23298,127502.0
"H2 gravimetric uptake (77 K, 5 bar)",grav_5bar,4,8,Beam 2 (chemistry),3,mol/kg,30.55243141271675,38.23298,28.93876,572.83,0.89326,0.0820212,38.23298,127502.0
"H2 gravimetric uptake (77 K, 5 bar)",grav_5bar,4,8,Beam 3 (metal only),23,mol/kg,26.96797543557924,21.89511,17.79104,1285.19,0.74028,0.211742,21.75365,39020.6
"H2 gravimetric uptake (77 K, 5 bar)",grav_5bar,4,9,Beam 1 (full hypothesis),4,mol/kg,29.70616208054159,39.182845,30.651705,608.4385,0.88736,0.09154709999999999,39.175889999999995,111321.4
"H2 gravimetric uptake (77 K, 5 bar)",grav_5bar,4,9,Beam 2 (chemistry),4,mol/kg,29.70616208054159,39.182845,30.651705,608.4385,0.88736,0.09154709999999999,39.175889999999995,111321.4
"H2 gravimetric uptake (77 K, 5 bar)",grav_5bar,4,9,Beam 3 (metal only),23,mol/kg,26.96797543557924,21.89511,17.79104,1285.19,0.74028,0.211742,21.75365,39020.6
"H2 gravimetric uptake (77 K, 5 bar)",grav_5bar,4,10,Beam 1 (full hypothesis),5,mol/kg,28.859892748366423,38.23298,30.89639,644.047,0.88146,0.101073,38.23298,95140.8
"H2 gravimetric uptake (77 K, 5 bar)",grav_5bar,4,10,Beam 2 (chemistry),5,mol/kg,28.859892748366423,38.23298,30.89639,644.047,0.88146,0.101073,38.23298,95140.8
"H2 gravimetric uptake (77 K, 5 bar)",grav_5bar,4,10,Beam 3 (metal only),23,mol/kg,26.96797543557924,21.89511,17.79104,1285.19,0.74028,0.211742,21.75365,39020.6
"H2 gravimetric uptake (77 K, 5 bar)",grav_5bar,5,1,Beam 1 (full hypothesis),34,mol/kg,18.631143416748127,13.707889999999999,9.189445,2078.645,0.4236,0.620862,13.16746,12612.25
"H2 gravimetric uptake (77 K, 5 bar)",grav_5bar,5,1,Beam 2 (chemistry),34,mol/kg,18.631143416748127,13.707889999999999,9.189445,2078.645,0.4236,0.620862,13.16746,12612.25
"H2 gravimetric uptake (77 K, 5 bar)",grav_5bar,5,1,Beam 3 (metal only),94,mol/kg,17.649080636984806,12.617360000000001,8.183585,2132.08,0.44405,0.5720125,12.270185000000001,13997.150000000001
"H2 gravimetric uptake (77 K, 5 bar)",grav_5bar,5,2,Beam 1 (full hypothesis),1,mol/kg,20.668849195497494,25.23255,15.80525,1371.27,0.75886,0.203514,25.1838,106877.0
"H2 gravimetric uptake (77 K, 5 bar)",grav_5bar,5,2,Beam 2 (chemistry),1,mol/kg,20.668849195497494,25.23255,15.80525,1371.27,0.75886,0.203514,25.1838,106877.0
"H2 gravimetric uptake (77 K, 5 bar)",grav_5bar,5,2,Beam 3 (metal only),222,mol/kg,19.015230492276398,15.44117,11.608695,1946.09,0.5710999999999999,0.3951465,15.362225,20236.2
"H2 gravimetric uptake (77 K, 5 bar)",grav_5bar,5,4,Beam 1 (full hypothesis),1,mol/kg,19.254671276781856,26.41902,21.30586,826.216,0.86164,0.119567,26.41902,22719.6
"H2 gravimetric uptake (77 K, 5 bar)",grav_5bar,5,4,Beam 2 (chemistry),1,mol/kg,19.254671276781856,26.41902,21.30586,826.216,0.86164,0.119567,26.41902,22719.6
"H2 gravimetric uptake (77 K, 5 bar)",grav_5bar,5,4,Beam 3 (metal only),66,mol/kg,20.203991842328133,20.805125,17.274555,1420.495,0.7236199999999999,0.246427,20.805125,36214.649999999994
"H2 gravimetric uptake (77 K, 5 bar)",grav_5bar,5,5,Beam 1 (full hypothesis),2,mol/kg,30.024168722848664,30.6458,25.091375,729.513,0.86409,0.10395860000000001,30.401865,79180.85
"H2 gravimetric uptake (77 K, 5 bar)",grav_5bar,5,5,Beam 2 (chemistry),2,mol/kg,30.024168722848664,30.6458,25.091375,729.513,0.86409,0.10395860000000001,30.401865,79180.85
"H2 gravimetric uptake (77 K, 5 bar)",grav_5bar,5,5,Beam 3 (metal only),66,mol/kg,20.203991842328133,20.805125,17.274555,1420.495,0.7236199999999999,0.246427,20.805125,36214.649999999994
"H2 gravimetric uptake (77 K, 5 bar)",grav_5bar,5,6,Beam 1 (full hypothesis),2,mol/kg,30.024168722848664,30.6458,25.091375,729.513,0.86409,0.10395860000000001,30.401865,79180.85
"H2 gravimetric uptake (77 K, 5 bar)",grav_5bar,5,6,Beam 2 (chemistry),2,mol/kg,30.024168722848664,30.6458,25.091375,729.513,0.86409,0.10395860000000001,30.401865,79180.85
"H2 gravimetric uptake (77 K, 5 bar)",grav_5bar,5,6,Beam 3 (metal only),23,mol/kg,26.96797543557924,21.89511,17.79104,1285.19,0.74028,0.211742,21.75365,39020.6
"H2 gravimetric uptake (77 K, 5 bar)",grav_5bar,5,7,Beam 1 (full hypothesis),4,mol/kg,28.102303715956257,37.238474999999994,29.917575,704.653,0.8689100000000001,0.1047215,37.198125,85553.9
"H2 gravimetric uptake (77 K, 5 bar)",grav_5bar,5,7,Beam 2 (chemistry),5,mol/kg,28.859892748366423,38.23298,30.89639,644.047,0.88146,0.101073,38.23298,95140.8
"H2 gravimetric uptake (77 K, 5 bar)",grav_5bar,5,7,Beam 3 (metal only),23,mol/kg,26.96797543557924,21.89511,17.79104,1285.19,0.74028,0.211742,21.75365,39020.6
"H2 gravimetric uptake (77 K, 5 bar)",grav_5bar,5,8,Beam 1 (full hypothesis),5,mol/kg,28.859892748366423,38.23298,30.89639,644.047,0.88146,0.101073,38.23298,95140.8
"H2 gravimetric uptake (77 K, 5 bar)",grav_5bar,5,8,Beam 2 (chemistry),5,mol/kg,28.859892748366423,38.23298,30.89639,644.047,0.88146,0.101073,38.23298,95140.8
"H2 gravimetric uptake (77 K, 5 bar)",grav_5bar,5,8,Beam 3 (metal only),23,mol/kg,26.96797543557924,21.89511,17.79104,1285.19,0.74028,0.211742,21.75365,39020.6
"H2 gravimetric uptake (77 K, 5 bar)",grav_5bar,5,9,Beam 1 (full hypothesis),6,mol/kg,28.102303715956257,37.238474999999994,29.917575,704.653,0.8689100000000001,0.1047215,37.198125,85553.9
"H2 gravimetric uptake (77 K, 5 bar)",grav_5bar,5,9,Beam 2 (chemistry),6,mol/kg,28.102303715956257,37.238474999999994,29.917575,704.653,0.8689100000000001,0.1047215,37.198125,85553.9
"H2 gravimetric uptake (77 K, 5 bar)",grav_5bar,5,9,Beam 3 (metal only),23,mol/kg,26.96797543557924,21.89511,17.79104,1285.19,0.74028,0.211742,21.75365,39020.6
"H2 gravimetric uptake (77 K, 5 bar)",grav_5bar,5,10,Beam 1 (full hypothesis),5,mol/kg,28.859892748366423,38.23298,30.89639,644.047,0.88146,0.101073,38.23298,95140.8
"H2 gravimetric uptake (77 K, 5 bar)",grav_5bar,5,10,Beam 2 (chemistry),6,mol/kg,28.102303715956257,37.238474999999994,29.917575,704.653,0.8689100000000001,0.1047215,37.198125,85553.9
"H2 gravimetric uptake (77 K, 5 bar)",grav_5bar,5,10,Beam 3 (metal only),23,mol/kg,26.96797543557924,21.89511,17.79104,1285.19,0.74028,0.211742,21.75365,39020.6
"H2 volumetric uptake (77 K, 100 bar)",vol_100bar,1,1,Beam 1 (full hypothesis),30,g/L,45.55515389531543,13.1471,10.123584999999999,2107.0,0.40092,0.7798525000000001,13.06245,22590.75
"H2 volumetric uptake (77 K, 100 bar)",vol_100bar,1,1,Beam 2 (chemistry),30,g/L,45.55515389531543,13.1471,10.123584999999999,2107.0,0.40092,0.7798525000000001,13.06245,22590.75
"H2 volumetric uptake (77 K, 100 bar)",vol_100bar,1,1,Beam 3 (metal only),95,g/L,44.72236978988132,12.5777,10.12351,2110.71,0.41282,0.762271,12.48346,19209.2
"H2 volumetric uptake (77 K, 100 bar)",vol_100bar,1,2,Beam 1 (full hypothesis),1,g/L,50.41693927495315,14.93776,10.33009,2073.26,0.53248,0.624959,14.20969,22339.9
"H2 volumetric uptake (77 K, 100 bar)",vol_100bar,1,2,Beam 2 (chemistry),12,g/L,48.55052650643348,19.90817,17.083775,1787.9650000000001,0.6251199999999999,0.4533375,19.877274999999997,29440.199999999997
"H2 volumetric uptake (77 K, 100 bar)",vol_100bar,1,2,Beam 3 (metal only),214,g/L,46.43567219737664,13.02865,10.033940000000001,2130.115,0.44482999999999995,0.768123,12.681985000000001,18420.65
"H2 volumetric uptake (77 K, 100 bar)",vol_100bar,1,3,Beam 1 (full hypothesis),7,g/L,49.76385026458463,9.22262,7.07243,2530.93,0.36722,0.865467,8.74561,14763.2
"H2 volumetric uptake (77 K, 100 bar)",vol_100bar,1,3,Beam 2 (chemistry),62,g/L,47.68604510930668,13.445555,10.258234999999999,2097.66,0.40808,0.8026325,13.217225,19970.3
"H2 volumetric uptake (77 K, 100 bar)",vol_100bar,1,3,Beam 3 (metal only),214,g/L,46.43567219737664,13.02865,10.033940000000001,2130.115,0.44482999999999995,0.768123,12.681985000000001,18420.65
"H2 volumetric uptake (77 K, 100 bar)",vol_100bar,1,4,Beam 1 (full hypothesis),7,g/L,49.78906667033104,9.22262,7.10247,2488.99,0.3854,0.865467,8.74561,13154.7
"H2 volumetric uptake (77 K, 100 bar)",vol_100bar,1,4,Beam 2 (chemistry),32,g/L,49.03630918875703,14.342905,12.309750000000001,2062.245,0.49404000000000003,0.7174525,14.26871,17860.5
"H2 volumetric uptake (77 K, 100 bar)",vol_100bar,1,4,Beam 3 (metal only),126,g/L,47.7064897139288,13.641539999999999,10.13158,2132.63,0.47353,0.7530525,13.153400000000001,18534.0
"H2 volumetric uptake (77 K, 100 bar)",vol_100bar,1,5,Beam 1 (full hypothesis),6,g/L,50.769544816489685,9.030819999999999,7.39407,2432.24,0.39381,0.8344674999999999,8.792314999999999,12084.05
"H2 volumetric uptake (77 K, 100 bar)",vol_100bar,1,5,Beam 2 (chemistry),32,g/L,49.27445759400374,14.09771,10.935884999999999,2116.73,0.48135,0.7261825,13.77407,17372.85
"H2 volumetric uptake (77 K, 100 bar)",vol_100bar,1,5,Beam 3 (metal only),126,g/L,47.7064897139288,13.641539999999999,10.13158,2132.63,0.47353,0.7530525,13.153400000000001,18534.0
"H2 volumetric uptake (77 K, 100 bar)",vol_100bar,1,6,Beam 1 (full hypothesis),12,g/L,51.81556865958776,10.256924999999999,8.260345000000001,2442.66,0.41562,0.843078,9.622405,12674.85
"H2 volumetric uptake (77 K, 100 bar)",vol_100bar,1,6,Beam 2 (chemistry),72,g/L,48.27830719300437,15.013225,12.72352,2046.985,0.52925,0.6312865000000001,14.87554,21750.9
"H2 volumetric uptake (77 K, 100 bar)",vol_100bar,1,6,Beam 3 (metal only),126,g/L,47.7064897139288,13.641539999999999,10.13158,2132.63,0.47353,0.7530525,13.153400000000001,18534.0
"H2 volumetric uptake (77 K, 100 bar)",vol_100bar,1,7,Beam 1 (full hypothesis),6,g/L,52.914995374890694,9.848794999999999,8.791084999999999,2525.5950000000003,0.40811,0.8120784999999999,9.698920000000001,13958.95
"H2 volumetric uptake (77 K, 100 bar)",vol_100bar,1,7,Beam 2 (chemistry),35,g/L,49.27846002048719,11.93422,8.99225,2221.73,0.41682,0.820689,11.81931,15648.0
"H2 volumetric uptake (77 K, 100 bar)",vol_100bar,1,7,Beam 3 (metal only),126,g/L,47.7064897139288,13.641539999999999,10.13158,2132.63,0.47353,0.7530525,13.153400000000001,18534.0
"H2 volumetric uptake (77 K, 100 bar)",vol_100bar,1,8,Beam 1 (full hypothesis),6,g/L,52.914995374890694,9.848794999999999,8.791084999999999,2525.5950000000003,0.40811,0.8120784999999999,9.698920000000001,13958.95
"H2 volumetric uptake (77 K, 100 bar)",vol_100bar,1,8,Beam 2 (chemistry),34,g/L,48.99046655940036,11.895605,9.084665000000001,2220.4049999999997,0.40011,0.819188,11.665755,15528.15
"H2 volumetric uptake (77 K, 100 bar)",vol_100bar,1,8,Beam 3 (metal only),126,g/L,47.7064897139288,13.641539999999999,10.13158,2132.63,0.47353,0.7530525,13.153400000000001,18534.0
"H2 volumetric uptake (77 K, 100 bar)",vol_100bar,1,9,Beam 1 (full hypothesis),161,g/L,47.01189450693316,11.40184,8.50504,2372.08,0.40308,0.761364,11.08385,13554.6
"H2 volumetric uptake (77 K, 100 bar)",vol_100bar,1,9,Beam 2 (chemistry),1109,g/L,46.39017407520299,13.86769,10.40591,2110.58,0.48708,0.603858,13.52949,17692.0
"H2 volumetric uptake (77 K, 100 bar)",vol_100bar,1,9,Beam 3 (metal only),1837,g/L,46.05126939163023,13.90748,10.53886,2101.11,0.49176,0.602884,13.53642,17692.3
"H2 volumetric uptake (77 K, 100 bar)",vol_100bar,1,10,Beam 1 (full hypothesis),4,g/L,51.791701846845726,9.848794999999999,8.88631,2414.4700000000003,0.40811,0.8588125,9.698920000000001,12674.85
"H2 volumetric uptake (77 K, 100 bar)",vol_100bar,1,10,Beam 2 (chemistry),34,g/L,48.99046655940036,11.895605,9.084665000000001,2220.4049999999997,0.40011,0.819188,11.665755,15528.15
"H2 volumetric uptake (77 K, 100 bar)",vol_100bar,1,10,Beam 3 (metal only),126,g/L,47.7064897139288,13.641539999999999,10.13158,2132.63,0.47353,0.7530525,13.153400000000001,18534.0
"H2 volumetric uptake (77 K, 100 bar)",vol_100bar,2,1,Beam 1 (full hypothesis),390,g/L,45.53200449219238,16.04452,12.38884,1827.5149999999999,0.6103799999999999,0.4385735,15.701184999999999,24117.800000000003
"H2 volumetric uptake (77 K, 100 bar)",vol_100bar,2,1,Beam 2 (chemistry),390,g/L,45.53200449219238,16.04452,12.38884,1827.5149999999999,0.6103799999999999,0.4385735,15.701184999999999,24117.800000000003
"H2 volumetric uptake (77 K, 100 bar)",vol_100bar,2,1,Beam 3 (metal only),2950,g/L,44.988618072704554,16.092115,12.625345,1839.405,0.60545,0.4178235,15.770199999999999,22759.65
"H2 volumetric uptake (77 K, 100 bar)",vol_100bar,2,2,Beam 1 (full hypothesis),33,g/L,51.14659187108057,13.20092,9.89307,2139.65,0.55684,0.459799,12.91733,20452.0
"H2 volumetric uptake (77 K, 100 bar)",vol_100bar,2,2,Beam 2 (chemistry),227,g/L,46.63402984534666,18.96017,15.32809,1554.4,0.68892,0.335303,18.73161,34186.2
"H2 volumetric uptake (77 K, 100 bar)",vol_100bar,2,2,Beam 3 (metal only),5658,g/L,45.26712924622111,15.904655,12.502735,1887.525,0.5937,0.44774349999999996,15.62543,22664.0
"H2 volumetric uptake (77 K, 100 bar)",vol_100bar,2,3,Beam 1 (full hypothesis),11,g/L,51.444944796502185,12.17479,9.27941,2241.3,0.5399,0.453248,12.11951,23045.7
"H2 volumetric uptake (77 K, 100 bar)",vol_100bar,2,3,Beam 2 (chemistry),125,g/L,46.48863702985634,18.92885,15.32809,1596.4,0.67602,0.350827,18.70569,33845.7
"H2 volumetric uptake (77 K, 100 bar)",vol_100bar,2,3,Beam 3 (metal only),5658,g/L,45.26712924622111,15.904655,12.502735,1887.525,0.5937,0.44774349999999996,15.62543,22664.0
"H2 volumetric uptake (77 K, 100 bar)",vol_100bar,2,4,Beam 1 (full hypothesis),9,g/L,51.61377978663335,11.53711,8.14264,2340.7,0.5391,0.561684,11.29997,23233.8
"H2 volumetric uptake (77 K, 100 bar)",vol_100bar,2,4,Beam 2 (chemistry),95,g/L,46.422944499687695,18.97456,15.47545,1563.76,0.69018,0.354333,18.96017,35383.5
"H2 volumetric uptake (77 K, 100 bar)",vol_100bar,2,4,Beam 3 (metal only),4467,g/L,45.531858405496564,15.71238,12.36178,1911.17,0.5853,0.46344,15.45057,22300.5
"H2 volumetric uptake (77 K, 100 bar)",vol_100bar,2,5,Beam 1 (full hypothesis),8,g/L,52.36323250418487,11.99307,8.327155000000001,2276.1800000000003,0.53993,0.467985,11.821695,22912.9
"H2 volumetric uptake (77 K, 100 bar)",vol_100bar,2,5,Beam 2 (chemistry),100,g/L,46.41168468007495,19.39817,15.674710000000001,1561.675,0.69114,0.349461,19.18378,35368.05
"H2 volumetric uptake (77 K, 100 bar)",vol_100bar,2,5,Beam 3 (metal only),4423,g/L,45.51927431655215,15.74388,12.38754,1908.12,0.58674,0.461926,15.47405,22382.1
"H2 volumetric uptake (77 K, 100 bar)",vol_100bar,2,6,Beam 1 (full hypothesis),6,g/L,52.584261791880074,12.521719999999998,9.162305,2239.135,0.55523,0.432457,12.44365,26982.35
"H2 volumetric uptake (77 K, 100 bar)",vol_100bar,2,6,Beam 2 (chemistry),82,g/L,46.96993458438476,18.933285,14.987870000000001,1604.385,0.6799,0.339751,18.521085,35269.5
"H2 volumetric uptake (77 K, 100 bar)",vol_100bar,2,6,Beam 3 (metal only),4423,g/L,45.51927431655215,15.74388,12.38754,1908.12,0.58674,0.461926,15.47405,22382.1
"H2 volumetric uptake (77 K, 100 bar)",vol_100bar,2,7,Beam 1 (full hypothesis),5,g/L,52.08813214740787,12.88018,9.78338,2241.3,0.54564,0.420066,12.88018,28478.7
"H2 volumetric uptake (77 K, 100 bar)",vol_100bar,2,7,Beam 2 (chemistry),119,g/L,46.557916536164896,19.54314,15.8324,1582.39,0.6812,0.339462,19.50493,34303.2
"H2 volumetric uptake (77 K, 100 bar)",vol_100bar,2,7,Beam 3 (metal only),3401,g/L,45.45520121524047,15.96951,12.53086,1871.03,0.60124,0.437246,15.62811,22447.7
"H2 volumetric uptake (77 K, 100 bar)",vol_100bar,2,8,Beam 1 (full hypothesis),3,g/L,53.08039143635227,11.82288,9.78338,2246.5,0.56482,0.444848,11.63627,25028.6
"H2 volumetric uptake (77 K, 100 bar)",vol_100bar,2,8,Beam 2 (chemistry),38,g/L,47.72816110680824,19.595635,14.902085,1599.73,0.6827799999999999,0.339881,19.315275,35269.5
"H2 volumetric uptake (77 K, 100 bar)",vol_100bar,2,8,Beam 3 (metal only),4138,g/L,45.52696656539662,15.435604999999999,12.121075000000001,1947.6,0.57585,0.494449,15.14829,21734.4
"H2 volumetric uptake (77 K, 100 bar)",vol_100bar,2,9,Beam 1 (full hypothesis),15,g/L,52.000403632729544,12.55575,9.61782,2246.5,0.5399,0.496326,12.23505,19589.5
"H2 volumetric uptake (77 K, 100 bar)",vol_100bar,2,9,Beam 2 (chemistry),222,g/L,46.41168468007495,19.989975,16.001765,1539.56,0.69742,0.320237,19.728295000000003,33492.15
"H2 volumetric uptake (77 K, 100 bar)",vol_100bar,2,9,Beam 3 (metal only),4674,g/L,45.61549021011867,15.707695000000001,12.358405,1908.525,0.58704,0.464232,15.447115,22269.8
"H2 volumetric uptake (77 K, 100 bar)",vol_100bar,2,10,Beam 2 (chemistry),4,g/L,47.47133510555903,21.838495,16.559025,1585.915,0.69486,0.34182250000000003,21.293685,35331.65
"H2 volumetric uptake (77 K, 100 bar)",vol_100bar,2,10,Beam 3 (metal only),3013,g/L,45.5946423065584,15.58799,12.34209,1942.53,0.58288,0.492295,15.32685,22397.4
"H2 volumetric uptake (77 K, 100 bar)",vol_100bar,3,1,Beam 1 (full hypothesis),2,g/L,39.54542800249844,8.112185,6.080815,2383.815,0.2414,1.6143800000000001,7.942815,6567.08
"H2 volumetric uptake (77 K, 100 bar)",vol_100bar,3,1,Beam 2 (chemistry),2,g/L,39.54542800249844,8.112185,6.080815,2383.815,0.2414,1.6143800000000001,7.942815,6567.08
"H2 volumetric uptake (77 K, 100 bar)",vol_100bar,3,1,Beam 3 (metal only),36,g/L,42.33331886121174,11.441055,7.98953,2181.31,0.44033,0.9473769999999999,11.430005000000001,11038.8
"H2 volumetric uptake (77 K, 100 bar)",vol_100bar,3,2,Beam 1 (full hypothesis),1,g/L,47.07117605996252,20.2345,17.41037,1767.02,0.6162,0.51403,19.74046,33885.2
"H2 volumetric uptake (77 K, 100 bar)",vol_100bar,3,2,Beam 2 (chemistry),1,g/L,47.07117605996252,20.2345,17.41037,1767.02,0.6162,0.51403,19.74046,33885.2
"H2 volumetric uptake (77 K, 100 bar)",vol_100bar,3,2,Beam 3 (metal only),36,g/L,42.33331886121174,11.441055,7.98953,2181.31,0.44033,0.9473769999999999,11.430005000000001,11038.8
"H2 volumetric uptake (77 K, 100 bar)",vol_100bar,3,3,Beam 2 (chemistry),1,g/L,47.07117605996252,20.2345,17.41037,1767.02,0.6162,0.51403,19.74046,33885.2
"H2 volumetric uptake (77 K, 100 bar)",vol_100bar,3,3,Beam 3 (metal only),36,g/L,42.33331886121174,11.441055,7.98953,2181.31,0.44033,0.9473769999999999,11.430005000000001,11038.8
"H2 volumetric uptake (77 K, 100 bar)",vol_100bar,3,4,Beam 1 (full hypothesis),2,g/L,47.40600537713929,15.670275,12.748805,1950.33,0.57372,0.6110344999999999,15.190795,25059.149999999998
"H2 volumetric uptake (77 K, 100 bar)",vol_100bar,3,4,Beam 2 (chemistry),2,g/L,47.40600537713929,15.670275,12.748805,1950.33,0.57372,0.6110344999999999,15.190795,25059.149999999998
"H2 volumetric uptake (77 K, 100 bar)",vol_100bar,3,4,Beam 3 (metal only),36,g/L,42.33331886121174,11.441055,7.98953,2181.31,0.44033,0.9473769999999999,11.430005000000001,11038.8
"H2 volumetric uptake (77 K, 100 bar)",vol_100bar,3,5,Beam 1 (full hypothesis),2,g/L,51.26306888844472,15.690525000000001,9.503319999999999,2018.32,0.589,0.491954,14.528089999999999,23992.9
"H2 volumetric uptake (77 K, 100 bar)",vol_100bar,3,5,Beam 2 (chemistry),4,g/L,45.44069229781386,20.3551,15.317129999999999,1527.665,0.69828,0.3336825,19.581215,37643.2
"H2 volumetric uptake (77 K, 100 bar)",vol_100bar,3,5,Beam 3 (metal only),629,g/L,44.30782328244847,14.28122,10.63766,2044.35,0.5315,0.553341,14.17902,19415.3
"H2 volumetric uptake (77 K, 100 bar)",vol_100bar,3,6,Beam 1 (full hypothesis),19,g/L,47.74083469431605,13.47434,9.39093,2268.95,0.45622,0.708039,13.06757,20967.4
"H2 volumetric uptake (77 K, 100 bar)",vol_100bar,3,6,Beam 2 (chemistry),165,g/L,46.099989241723925,13.24286,9.19252,2123.39,0.47676,0.633952,12.92523,18928.2
"H2 volumetric uptake (77 K, 100 bar)",vol_100bar,3,6,Beam 3 (metal only),988,g/L,45.462566028232345,14.414095,10.812185,2013.105,0.53322,0.5515705,14.304995,19508.95
"H2 volumetric uptake (77 K, 100 bar)",vol_100bar,3,7,Beam 1 (full hypothesis),12,g/L,50.2766668017489,12.452165,8.400780000000001,2392.1549999999997,0.46847,0.5764275,12.225729999999999,15543.3
"H2 volumetric uptake (77 K, 100 bar)",vol_100bar,3,7,Beam 2 (chemistry),74,g/L,47.83168995178013,17.809085000000003,14.149360000000001,1790.115,0.6299600000000001,0.410875,17.48672,24256.699999999997
"H2 volumetric uptake (77 K, 100 bar)",vol_100bar,3,7,Beam 3 (metal only),988,g/L,45.462566028232345,14.414095,10.812185,2013.105,0.53322,0.5515705,14.304995,19508.95
"H2 volumetric uptake (77 K, 100 bar)",vol_100bar,3,8,Beam 1 (full hypothesis),11,g/L,50.24618956152404,11.63365,8.41235,2427.18,0.45952,0.58473,11.63365,15890.9
"H2 volumetric uptake (77 K, 100 bar)",vol_100bar,3,8,Beam 2 (chemistry),154,g/L,46.140732449718925,20.42996,16.441905,1502.615,0.71782,0.303049,19.923305,32065.25
"H2 volumetric uptake (77 K, 100 bar)",vol_100bar,3,8,Beam 3 (metal only),1538,g/L,44.76554117426608,16.35726,12.83155,1840.205,0.60781,0.433702,16.153779999999998,23638.25
"H2 volumetric uptake (77 K, 100 bar)",vol_100bar,3,9,Beam 1 (full hypothesis),6,g/L,50.49204207020612,11.303915,8.11705,2523.9300000000003,0.45594999999999997,0.5546855,11.303915,16079.15
"H2 volumetric uptake (77 K, 100 bar)",vol_100bar,3,9,Beam 2 (chemistry),60,g/L,47.83168995178013,17.383074999999998,13.559435,1803.835,0.61677,0.42518449999999997,17.26237,25676.8
"H2 volumetric uptake (77 K, 100 bar)",vol_100bar,3,9,Beam 3 (metal only),980,g/L,45.462566028232345,14.48113,10.818200000000001,2011.545,0.53389,0.5495099999999999,14.314795,19560.35
"H2 volumetric uptake (77 K, 100 bar)",vol_100bar,3,10,Beam 1 (full hypothesis),6,g/L,53.69749104659587,10.687305,7.4304950000000005,2665.91,0.46158,0.563075,10.1339,16290.099999999999
"H2 volumetric uptake (77 K, 100 bar)",vol_100bar,3,10,Beam 2 (chemistry),71,g/L,46.660210844222355,20.45983,16.07898,1579.19,0.68036,0.351088,20.20245,31713.8
"H2 volumetric uptake (77 K, 100 bar)",vol_100bar,3,10,Beam 3 (metal only),423,g/L,47.37131508007495,14.40665,11.14162,2020.02,0.52986,0.566484,14.20969,19940.2
"H2 volumetric uptake (77 K, 100 bar)",vol_100bar,4,1,Beam 1 (full hypothesis),528,g/L,46.520402948657086,13.965965,10.413915,2079.915,0.49328,0.5958705,13.678339999999999,18245.55
"H2 volumetric uptake (77 K, 100 bar)",vol_100bar,4,1,Beam 2 (chemistry),528,g/L,46.520402948657086,13.965965,10.413915,2079.915,0.49328,0.5958705,13.678339999999999,18245.55
"H2 volumetric uptake (77 K, 100 bar)",vol_100bar,4,1,Beam 3 (metal only),1805,g/L,45.4492129828857,13.50746,10.12837,2126.25,0.47518,0.633468,13.14492,16619.0
"H2 volumetric uptake (77 K, 100 bar)",vol_100bar,4,2,Beam 1 (full hypothesis),20,g/L,51.062748433229224,12.25233,9.399775,2209.12,0.53527,0.5133905,11.756165,13746.05
"H2 volumetric uptake (77 K, 100 bar)",vol_100bar,4,2,Beam 2 (chemistry),238,g/L,46.91641675502811,18.80067,15.286435,1636.66,0.67093,0.34660250000000004,18.478495000000002,27354.050000000003
"H2 volumetric uptake (77 K, 100 bar)",vol_100bar,4,2,Beam 3 (metal only),2379,g/L,45.64267989706433,13.26712,9.92527,2138.74,0.47074,0.642264,12.90085,16546.0
"H2 volumetric uptake (77 K, 100 bar)",vol_100bar,4,3,Beam 1 (full hypothesis),10,g/L,51.47618874003747,12.508755,9.532875,2163.8450000000003,0.56006,0.45474349999999997,12.160415,13646.75
"H2 volumetric uptake (77 K, 100 bar)",vol_100bar,4,3,Beam 2 (chemistry),143,g/L,46.67903010618363,19.36849,16.26519,1582.04,0.68364,0.321231,19.15193,30192.4
"H2 volumetric uptake (77 K, 100 bar)",vol_100bar,4,3,Beam 3 (metal only),2837,g/L,45.96158684821986,13.50746,10.24952,2118.31,0.48256,0.602884,13.15903,16800.5
"H2 volumetric uptake (77 K, 100 bar)",vol_100bar,4,4,Beam 1 (full hypothesis),2,g/L,51.51101502760775,12.508755,9.8943,2163.8450000000003,0.56248,0.4314025,12.165244999999999,22525.95
"H2 volumetric uptake (77 K, 100 bar)",vol_100bar,4,4,Beam 2 (chemistry),87,g/L,45.743625875827604,20.3718,16.40203,1449.82,0.70648,0.296075,19.29074,28870.5
"H2 volumetric uptake (77 K, 100 bar)",vol_100bar,4,4,Beam 3 (metal only),2379,g/L,45.64267989706433,13.26712,9.92527,2138.74,0.47074,0.642264,12.90085,16546.0
"H2 volumetric uptake (77 K, 100 bar)",vol_100bar,4,5,Beam 1 (full hypothesis),28,g/L,51.89578512779513,12.696385,9.947244999999999,2143.225,0.55124,0.4646705,12.413640000000001,13407.05
"H2 volumetric uptake (77 K, 100 bar)",vol_100bar,4,5,Beam 2 (chemistry),133,g/L,48.3685627772642,18.4466,15.51702,1713.5,0.65354,0.350827,18.10272,26662.9
"H2 volumetric uptake (77 K, 100 bar)",vol_100bar,4,5,Beam 3 (metal only),2980,g/L,46.04844261136789,13.51033,10.234390000000001,2117.875,0.48214999999999997,0.6075440000000001,13.158725,16899.5
"H2 volumetric uptake (77 K, 100 bar)",vol_100bar,4,6,Beam 1 (full hypothesis),13,g/L,52.299206376014986,13.28796,9.88646,2147.37,0.54564,0.464817,12.88018,17191.4
"H2 volumetric uptake (77 K, 100 bar)",vol_100bar,4,6,Beam 2 (chemistry),100,g/L,47.85169590505934,19.098965,15.56411,1650.24,0.66835,0.3345895,19.013755,29119.3
"H2 volumetric uptake (77 K, 100 bar)",vol_100bar,4,6,Beam 3 (metal only),2980,g/L,46.04844261136789,13.51033,10.234390000000001,2117.875,0.48214999999999997,0.6075440000000001,13.158725,16899.5
"H2 volumetric uptake (77 K, 100 bar)",vol_100bar,4,7,Beam 1 (full hypothesis),8,g/L,51.49464497539037,13.220405,9.391015,2244.75,0.53527,0.507819,12.964065,14171.099999999999
"H2 volumetric uptake (77 K, 100 bar)",vol_100bar,4,7,Beam 2 (chemistry),70,g/L,48.448725688444725,18.37148,15.21231,1672.9,0.65325,0.3792635,18.314194999999998,29996.7
"H2 volumetric uptake (77 K, 100 bar)",vol_100bar,4,7,Beam 3 (metal only),2980,g/L,46.04844261136789,13.51033,10.234390000000001,2117.875,0.48214999999999997,0.6075440000000001,13.158725,16899.5
"H2 volumetric uptake (77 K, 100 bar)",vol_100bar,4,8,Beam 1 (full hypothesis),12,g/L,51.20257565771392,12.508755,9.37828,2213.33,0.5506599999999999,0.4873125,12.335815,13996.7
"H2 volumetric uptake (77 K, 100 bar)",vol_100bar,4,8,Beam 2 (chemistry),142,g/L,46.8991452142411,19.278750000000002,16.21631,1586.935,0.68034,0.32811599999999996,19.039884999999998,29996.7
"H2 volumetric uptake (77 K, 100 bar)",vol_100bar,4,8,Beam 3 (metal only),2980,g/L,46.04844261136789,13.51033,10.234390000000001,2117.875,0.48214999999999997,0.6075440000000001,13.158725,16899.5
"H2 volumetric uptake (77 K, 100 bar)",vol_100bar,4,9,Beam 1 (full hypothesis),49,g/L,50.92249105708932,12.32441,9.27941,2241.51,0.5232,0.543276,11.88818,13646.6
"H2 volumetric uptake (77 K, 100 bar)",vol_100bar,4,9,Beam 2 (chemistry),298,g/L,47.89280950605872,17.89802,14.70908,1728.57,0.64268,0.3922715,17.5997,26394.8
"H2 volumetric uptake (77 K, 100 bar)",vol_100bar,4,9,Beam 3 (metal only),2611,g/L,45.768713563023105,13.24286,9.90701,2136.51,0.47304,0.643027,12.91823,16695.2
"H2 volumetric uptake (77 K, 100 bar)",vol_100bar,4,10,Beam 1 (full hypothesis),168,g/L,49.84843832454715,11.775265000000001,8.831050000000001,2288.9750000000004,0.49139,0.5495475,11.466090000000001,14031.95
"H2 volumetric uptake (77 K, 100 bar)",vol_100bar,4,10,Beam 2 (chemistry),1159,g/L,47.3213148262336,16.30593,12.762,1904.47,0.59498,0.436199,15.93451,22204.2
"H2 volumetric uptake (77 K, 100 bar)",vol_100bar,4,10,Beam 3 (metal only),3069,g/L,46.05126939163023,13.46968,10.20667,2120.12,0.48304,0.603858,13.14069,16935.6
"H2 volumetric uptake (77 K, 100 bar)",vol_100bar,5,1,Beam 1 (full hypothesis),528,g/L,46.520402948657086,13.965965,10.413915,2079.915,0.49328,0.5958705,13.678339999999999,18245.55
"H2 volumetric uptake (77 K, 100 bar)",vol_100bar,5,1,Beam 2 (chemistry),528,g/L,46.520402948657086,13.965965,10.413915,2079.915,0.49328,0.5958705,13.678339999999999,18245.55
"H2 volumetric uptake (77 K, 100 bar)",vol_100bar,5,1,Beam 3 (metal only),1805,g/L,45.4492129828857,13.50746,10.12837,2126.25,0.47518,0.633468,13.14492,16619.0
"H2 volumetric uptake (77 K, 100 bar)",vol_100bar,5,2,Beam 1 (full hypothesis),150,g/L,49.0408905339163,12.554905,9.195515,2255.385,0.47494000000000003,0.605793,12.151895,16708.5
"H2 volumetric uptake (77 K, 100 bar)",vol_100bar,5,2,Beam 2 (chemistry),470,g/L,47.136151045596506,14.004795,10.424505,2101.465,0.50327,0.5661875000000001,13.721689999999999,18489.15
"H2 volumetric uptake (77 K, 100 bar)",vol_100bar,5,2,Beam 3 (metal only),2099,g/L,45.69031579862585,13.36621,10.03463,2145.32,0.47312,0.6433,13.04226,16828.8
"H2 volumetric uptake (77 K, 100 bar)",vol_100bar,5,3,Beam 1 (full hypothesis),27,g/L,50.670166737788875,12.4895,9.69363,2189.42,0.54704,0.503046,11.88818,12891.9
"H2 volumetric uptake (77 K, 100 bar)",vol_100bar,5,3,Beam 2 (chemistry),520,g/L,46.78156085396627,13.037524999999999,9.61344,2158.035,0.46408,0.6740794999999999,12.71796,17082.0
"H2 volumetric uptake (77 K, 100 bar)",vol_100bar,5,3,Beam 3 (metal only),1991,g/L,45.684624056964395,13.29643,10.0491,2138.72,0.47206,0.651037,12.94689,16606.5
"H2 volumetric uptake (77 K, 100 bar)",vol_100bar,5,4,Beam 1 (full hypothesis),35,g/L,50.52395862685821,12.70959,9.79644,2149.89,0.54826,0.507658,12.4895,13819.7
"H2 volumetric uptake (77 K, 100 bar)",vol_100bar,5,4,Beam 2 (chemistry),637,g/L,46.872946442473456,13.33311,9.92987,2129.77,0.47656,0.66849,12.99977,18093.9
"H2 volumetric uptake (77 K, 100 bar)",vol_100bar,5,4,Beam 3 (metal only),2134,g/L,45.82412187133042,13.30124,10.051905,2134.805,0.47348,0.657505,12.97115,16719.2
"H2 volumetric uptake (77 K, 100 bar)",vol_100bar,5,5,Beam 1 (full hypothesis),11,g/L,50.92249105708932,11.53711,8.79934,2310.96,0.49392,0.588382,11.18096,11487.9
"H2 volumetric uptake (77 K, 100 bar)",vol_100bar,5,5,Beam 2 (chemistry),246,g/L,47.917069494565894,17.995195000000002,14.807099999999998,1699.99,0.65611,0.38214950000000003,17.768985,28029.949999999997
"H2 volumetric uptake (77 K, 100 bar)",vol_100bar,5,5,Beam 3 (metal only),2277,g/L,46.09552551155527,13.65195,10.36274,2110.21,0.48912,0.610817,13.32784,17324.6
"H2 volumetric uptake (77 K, 100 bar)",vol_100bar,5,6,Beam 1 (full hypothesis),2,g/L,51.44203237176764,11.620255,8.697780000000002,2425.925,0.49638000000000004,0.5933925,11.02591,12567.4
"H2 volumetric uptake (77 K, 100 bar)",vol_100bar,5,6,Beam 2 (chemistry),83,g/L,48.11569842648345,17.92798,14.74787,1701.48,0.64154,0.395006,17.67554,30705.4
"H2 volumetric uptake (77 K, 100 bar)",vol_100bar,5,6,Beam 3 (metal only),2195,g/L,46.05135080874453,13.62171,10.36274,2111.47,0.48926,0.606032,13.31603,17154.1
"H2 volumetric uptake (77 K, 100 bar)",vol_100bar,5,7,Beam 1 (full hypothesis),16,g/L,51.19642622361024,12.324024999999999,9.391729999999999,2202.2650000000003,0.54042,0.563734,11.839815,13269.25
"H2 volumetric uptake (77 K, 100 bar)",vol_100bar,5,7,Beam 2 (chemistry),162,g/L,47.97908970093691,18.047735,14.788885,1712.71,0.6557299999999999,0.39079600000000003,17.782305,28181.0
"H2 volumetric uptake (77 K, 100 bar)",vol_100bar,5,7,Beam 3 (metal only),1426,g/L,46.03331669756402,13.721934999999998,10.49895,2122.96,0.48711,0.6528125,13.40465,17659.4
"H2 volumetric uptake (77 K, 100 bar)",vol_100bar,5,8,Beam 1 (full hypothesis),23,g/L,51.14659187108057,12.46515,9.26471,2241.51,0.5232,0.562917,11.88818,12934.6
"H2 volumetric uptake (77 K, 100 bar)",vol_100bar,5,8,Beam 2 (chemistry),246,g/L,47.917069494565894,17.995195000000002,14.807099999999998,1699.99,0.65611,0.38214950000000003,17.768985,28029.949999999997
"H2 volumetric uptake (77 K, 100 bar)",vol_100bar,5,8,Beam 3 (metal only),2277,g/L,46.09552551155527,13.65195,10.36274,2110.21,0.48912,0.610817,13.32784,17324.6
"H2 volumetric uptake (77 K, 100 bar)",vol_100bar,5,9,Beam 1 (full hypothesis),1,g/L,52.42905054640849,12.70959,8.79934,2128.03,0.56792,0.58473,12.70828,13819.7
"H2 volumetric uptake (77 K, 100 bar)",vol_100bar,5,9,Beam 2 (chemistry),27,g/L,48.92847887670206,17.71477,15.98936,1857.96,0.63262,0.404742,17.60632,23704.4
"H2 volumetric uptake (77 K, 100 bar)",vol_100bar,5,9,Beam 3 (metal only),673,g/L,46.315678971642726,12.88318,9.86565,2168.46,0.46294,0.71467,12.63264,15678.0
"H2 volumetric uptake (77 K, 100 bar)",vol_100bar,5,10,Beam 1 (full hypothesis),89,g/L,49.18105746708307,11.96965,8.83342,2301.04,0.46558,0.688968,11.72088,16148.2
"H2 volumetric uptake (77 K, 100 bar)",vol_100bar,5,10,Beam 2 (chemistry),578,g/L,47.06007609294191,14.143329999999999,10.68498,2100.2749999999996,0.50185,0.6032405000000001,13.759355,19536.25
"H2 volumetric uptake (77 K, 100 bar)",vol_100bar,5,10,Beam 3 (metal only),1840,g/L,46.3081326700812,13.990504999999999,10.689755,2100.115,0.49762,0.6044725,13.60512,18019.4
"H2 volumetric uptake (77 K, 5 bar)",vol_5bar,1,1,Beam 1 (full hypothesis),2,g/L,23.79768427553771,10.79402,6.8254,2433.63,0.3775,0.822931,10.404145,8452.615
"H2 volumetric uptake (77 K, 5 bar)",vol_5bar,1,1,Beam 2 (chemistry),2,g/L,23.79768427553771,10.79402,6.8254,2433.63,0.3775,0.822931,10.404145,8452.615
"H2 volumetric uptake (77 K, 5 bar)",vol_5bar,1,1,Beam 3 (metal only),7,g/L,22.89108650361796,8.90743,5.23845,2562.24,0.2581,0.995483,8.5573,7061.36
"H2 volumetric uptake (77 K, 5 bar)",vol_5bar,1,2,Beam 2 (chemistry),1,g/L,20.638049383749387,12.68061,8.41235,2305.02,0.4969,0.626992,12.25099,10319.8
"H2 volumetric uptake (77 K, 5 bar)",vol_5bar,1,2,Beam 3 (metal only),7,g/L,22.89108650361796,8.90743,5.23845,2562.24,0.2581,0.995483,8.5573,7061.36
"H2 volumetric uptake (77 K, 5 bar)",vol_5bar,1,3,Beam 3 (metal only),7,g/L,22.89108650361796,8.90743,5.23845,2562.24,0.2581,0.995483,8.5573,7061.36
"H2 volumetric uptake (77 K, 5 bar)",vol_5bar,1,4,Beam 1 (full hypothesis),1,g/L,26.95731916732603,8.90743,5.23845,2562.24,0.2581,1.01887,8.5573,6585.43
"H2 volumetric uptake (77 K, 5 bar)",vol_5bar,1,4,Beam 2 (chemistry),281,g/L,13.426028193941994,18.67921,14.10091,1672.83,0.66942,0.359043,18.20997,27998.5
"H2 volumetric uptake (77 K, 5 bar)",vol_5bar,1,4,Beam 3 (metal only),2714,g/L,17.5428884788689,14.728145000000001,11.04041,1980.095,0.52984,0.555835,14.470285,20472.0
"H2 volumetric uptake (77 K, 5 bar)",vol_5bar,1,5,Beam 3 (metal only),1,g/L,11.282198846963322,15.12534,12.68682,1530.7,0.71886,0.293631,15.1221,38405.1
"H2 volumetric uptake (77 K, 5 bar)",vol_5bar,1,6,Beam 3 (metal only),1,g/L,11.282198846963322,15.12534,12.68682,1530.7,0.71886,0.293631,15.1221,38405.1
"H2 volumetric uptake (77 K, 5 bar)",vol_5bar,1,7,Beam 1 (full hypothesis),31,g/L,30.73506971981537,7.88722,5.31029,2643.66,0.26304,1.07311,7.54067,10457.4
"H2 volumetric uptake (77 K, 5 bar)",vol_5bar,1,7,Beam 2 (chemistry),1505,g/L,17.02367263236062,15.113,11.32908,1962.82,0.56926,0.525719,14.66582,21400.3
"H2 volumetric uptake (77 K, 5 bar)",vol_5bar,1,7,Beam 3 (metal only),2837,g/L,16.713082566881383,15.32954,11.69902,1940.22,0.56458,0.537851,15.02024,22339.9
"H2 volumetric uptake (77 K, 5 bar)",vol_5bar,1,8,Beam 1 (full hypothesis),1,g/L,31.206349107902405,8.54258,6.23132,2665.36,0.27566,1.00816,8.37046,17213.5
"H2 volumetric uptake (77 K, 5 bar)",vol_5bar,1,8,Beam 2 (chemistry),256,g/L,13.585475614403391,18.787195,14.754455,1681.48,0.66729,0.377819,18.505429999999997,30333.4
"H2 volumetric uptake (77 K, 5 bar)",vol_5bar,1,8,Beam 3 (metal only),2692,g/L,17.01163611360159,15.22383,11.56155,1957.25,0.55376,0.550261,14.867609999999999,22214.550000000003
"H2 volumetric uptake (77 K, 5 bar)",vol_5bar,1,9,Beam 2 (chemistry),12,g/L,15.028897712527742,17.67285,13.106605,1772.79,0.6292599999999999,0.4050095,17.169449999999998,35586.3
"H2 volumetric uptake (77 K, 5 bar)",vol_5bar,1,9,Beam 3 (metal only),1107,g/L,19.42887978826626,14.47109,11.06418,1957.18,0.51866,0.566871,14.21714,19479.5
"H2 volumetric uptake (77 K, 5 bar)",vol_5bar,1,10,Beam 2 (chemistry),97,g/L,13.998338336097472,17.71477,13.951,1705.35,0.6575,0.383163,17.45317,27008.9
"H2 volumetric uptake (77 K, 5 bar)",vol_5bar,1,10,Beam 3 (metal only),1123,g/L,19.43885784820365,14.40641,10.94429,1962.3,0.51768,0.570329,14.19083,19280.8
"H2 volumetric uptake (77 K, 5 bar)",vol_5bar,2,1,Beam 1 (full hypothesis),66,g/L,13.632216275725524,18.222455,13.540435,1701.4450000000002,0.63627,0.4354395,17.545335,29090.4
"H2 volumetric uptake (77 K, 5 bar)",vol_5bar,2,1,Beam 2 (chemistry),66,g/L,13.632216275725524,18.222455,13.540435,1701.4450000000002,0.63627,0.4354395,17.545335,29090.4
"H2 volumetric uptake (77 K, 5 bar)",vol_5bar,2,1,Beam 3 (metal only),7947,g/L,15.733592644042547,15.39848,11.7091,1938.51,0.56656,0.494881,15.07258,23083.1
"H2 volumetric uptake (77 K, 5 bar)",vol_5bar,2,2,Beam 3 (metal only),1331,g/L,18.411254165482887,14.32108,10.90393,2046.26,0.50182,0.603925,14.0282,18900.4
"H2 volumetric uptake (77 K, 5 bar)",vol_5bar,2,3,Beam 1 (full hypothesis),32,g/L,26.602844205290914,9.304335,7.06887,2487.5550000000003,0.32254,0.911769,9.249755,12164.65
"H2 volumetric uptake (77 K, 5 bar)",vol_5bar,2,3,Beam 2 (chemistry),122,g/L,23.545011984303574,11.95323,8.77159,2254.295,0.41796,0.764072,11.62986,16309.650000000001
"H2 volumetric uptake (77 K, 5 bar)",vol_5bar,2,3,Beam 3 (metal only),2026,g/L,18.778030409108226,14.19944,10.654145,2064.275,0.50085,0.5930555,13.864045,18809.8
"H2 volumetric uptake (77 K, 5 bar)",vol_5bar,2,4,Beam 2 (chemistry),19,g/L,15.228491404614362,16.76393,12.16926,1871.36,0.63292,0.403537,16.57959,31683.8
"H2 volumetric uptake (77 K, 5 bar)",vol_5bar,2,4,Beam 3 (metal only),1746,g/L,18.83903656970906,14.09586,10.56137,2071.785,0.49246,0.629417,13.711974999999999,18788.75
"H2 volumetric uptake (77 K, 5 bar)",vol_5bar,2,5,Beam 1 (full hypothesis),5,g/L,30.94594949716328,7.85045,5.59586,3040.1,0.30688,0.763678,7.79907,4837.91
"H2 volumetric uptake (77 K, 5 bar)",vol_5bar,2,5,Beam 2 (chemistry),72,g/L,14.17644413791632,17.992044999999997,13.65993,1773.87,0.63288,0.40096149999999997,17.793135,29860.6
"H2 volumetric uptake (77 K, 5 bar)",vol_5bar,2,5,Beam 3 (metal only),1746,g/L,18.83903656970906,14.09586,10.56137,2071.785,0.49246,0.629417,13.711974999999999,18788.75
"H2 volumetric uptake (77 K, 5 bar)",vol_5bar,2,6,Beam 1 (full hypothesis),2,g/L,30.912749625689763,7.2293,5.3967600000000004,2807.09,0.25791,0.971009,6.920095,4702.63
"H2 volumetric uptake (77 K, 5 bar)",vol_5bar,2,6,Beam 2 (chemistry),201,g/L,13.836344256697808,18.48902,14.65431,1690.8,0.6653,0.374116,17.95245,30260.4
"H2 volumetric uptake (77 K, 5 bar)",vol_5bar,2,6,Beam 3 (metal only),1608,g/L,18.814856367264444,14.079675,10.56899,2067.9449999999997,0.49376,0.6469275,13.676425,18391.05
"H2 volumetric uptake (77 K, 5 bar)",vol_5bar,2,7,Beam 1 (full hypothesis),17,g/L,29.643207637805812,8.31538,5.60818,2731.15,0.30092,0.84635,7.58058,7583.32
"H2 volumetric uptake (77 K, 5 bar)",vol_5bar,2,7,Beam 2 (chemistry),667,g/L,14.7368555328618,17.71477,13.9117,1790.54,0.63448,0.392949,17.35455,28668.8
"H2 volumetric uptake (77 K, 5 bar)",vol_5bar,2,7,Beam 3 (metal only),2132,g/L,19.009249531326144,14.130814999999998,10.689755,2063.7799999999997,0.49922,0.60345,13.781255,18391.05
"H2 volumetric uptake (77 K, 5 bar)",vol_5bar,2,8,Beam 2 (chemistry),3,g/L,17.365799417383485,17.96958,14.65431,1847.73,0.63994,0.404657,17.18372,42847.5
"H2 volumetric uptake (77 K, 5 bar)",vol_5bar,2,8,Beam 3 (metal only),146,g/L,24.285343776524076,13.634265,10.519955,2073.8950000000004,0.47353,0.730049,13.386235,21342.45
"H2 volumetric uptake (77 K, 5 bar)",vol_5bar,2,9,Beam 2 (chemistry),4,g/L,15.895753787828658,19.942985,17.211305,1688.0149999999999,0.66015,0.393177,19.340004999999998,43505.7
"H2 volumetric uptake (77 K, 5 bar)",vol_5bar,2,9,Beam 3 (metal only),146,g/L,24.285343776524076,13.634265,10.519955,2073.8950000000004,0.47353,0.730049,13.386235,21342.45
"H2 volumetric uptake (77 K, 5 bar)",vol_5bar,2,10,Beam 1 (full hypothesis),1,g/L,37.01151354900073,8.83782,5.97033,2803.28,0.38884,0.725368,8.74561,15890.9
"H2 volumetric uptake (77 K, 5 bar)",vol_5bar,2,10,Beam 2 (chemistry),1,g/L,37.01151354900073,8.83782,5.97033,2803.28,0.38884,0.725368,8.74561,15890.9
"H2 volumetric uptake (77 K, 5 bar)",vol_5bar,2,10,Beam 3 (metal only),46,g/L,26.377750421972042,12.32799,9.610354999999998,2181.965,0.43028999999999995,0.804098,11.97748,18561.449999999997
"H2 volumetric uptake (77 K, 5 bar)",vol_5bar,3,1,Beam 1 (full hypothesis),542,g/L,15.09158996063536,16.11458,12.150089999999999,1860.395,0.59729,0.450268,15.845095,24932.1
"H2 volumetric uptake (77 K, 5 bar)",vol_5bar,3,1,Beam 2 (chemistry),542,g/L,15.09158996063536,16.11458,12.150089999999999,1860.395,0.59729,0.450268,15.845095,24932.1
"H2 volumetric uptake (77 K, 5 bar)",vol_5bar,3,1,Beam 3 (metal only),2683,g/L,14.347876791437518,16.24075,12.65804,1831.6,0.60768,0.409527,15.98451,23771.1
"H2 volumetric uptake (77 K, 5 bar)",vol_5bar,3,2,Beam 1 (full hypothesis),148,g/L,24.579177668859547,10.5763,6.8751750000000005,2370.495,0.32675,0.987601,9.992515000000001,13812.85
"H2 volumetric uptake (77 K, 5 bar)",vol_5bar,3,2,Beam 2 (chemistry),291,g/L,21.79813239074265,11.74809,8.56375,2199.94,0.37368,0.857435,11.47649,15574.5
"H2 volumetric uptake (77 K, 5 bar)",vol_5bar,3,2,Beam 3 (metal only),2430,g/L,19.16923330592857,13.51601,10.173005,2090.785,0.47948,0.6477504999999999,13.230035,17567.6
"H2 volumetric uptake (77 K, 5 bar)",vol_5bar,3,3,Beam 1 (full hypothesis),126,g/L,25.30532038377888,9.174975,6.1960049999999995,2386.795,0.26441000000000003,1.09154,8.713705000000001,11279.5
"H2 volumetric uptake (77 K, 5 bar)",vol_5bar,3,3,Beam 2 (chemistry),436,g/L,21.613947703400683,12.13941,8.90489,2176.58,0.40361,0.7913695000000001,11.84264,15963.1
"H2 volumetric uptake (77 K, 5 bar)",vol_5bar,3,3,Beam 3 (metal only),2830,g/L,19.16013185785291,13.781255,10.363055,2079.115,0.49155000000000004,0.6049785,13.41899,17804.95
"H2 volumetric uptake (77 K, 5 bar)",vol_5bar,3,4,Beam 1 (full hypothesis),95,g/L,28.230879606177,8.30303,5.26971,2490.21,0.24928,0.981878,7.9698,9704.49
"H2 volumetric uptake (77 K, 5 bar)",vol_5bar,3,4,Beam 2 (chemistry),429,g/L,21.788096657877535,12.5818,8.96995,2176.38,0.43696,0.685165,12.1488,16267.4
"H2 volumetric uptake (77 K, 5 bar)",vol_5bar,3,4,Beam 3 (metal only),3180,g/L,19.098639888842417,13.84393,10.44224,2080.38,0.49085,0.625816,13.49767,18325.35
"H2 volumetric uptake (77 K, 5 bar)",vol_5bar,3,5,Beam 1 (full hypothesis),1,g/L,28.90280693813976,7.90803,5.19904,2336.49,0.2542,0.926769,7.90147,3373.85
"H2 volumetric uptake (77 K, 5 bar)",vol_5bar,3,5,Beam 2 (chemistry),249,g/L,13.954432238839818,18.31499,14.10091,1694.79,0.66036,0.373733,17.82699,29528.8
"H2 volumetric uptake (77 K, 5 bar)",vol_5bar,3,5,Beam 3 (metal only),2106,g/L,18.922950483674295,13.744295000000001,10.245740000000001,2080.7200000000003,0.48927,0.6177440000000001,13.439965,18593.85
"H2 volumetric uptake (77 K, 5 bar)",vol_5bar,3,6,Beam 1 (full hypothesis),8,g/L,28.910772702826765,8.645545,6.303295,2546.8,0.36266,0.7469220000000001,8.59944,5531.98
"H2 volumetric uptake (77 K, 5 bar)",vol_5bar,3,6,Beam 2 (chemistry),321,g/L,14.821714678978385,17.40702,13.22551,1788.27,0.63528,0.402219,17.18372,26876.9
"H2 volumetric uptake (77 K, 5 bar)",vol_5bar,3,6,Beam 3 (metal only),2106,g/L,18.922950483674295,13.744295000000001,10.245740000000001,2080.7200000000003,0.48927,0.6177440000000001,13.439965,18593.85
"H2 volumetric uptake (77 K, 5 bar)",vol_5bar,3,7,Beam 1 (full hypothesis),1,g/L,28.90280693813976,7.90803,5.19904,2336.49,0.2542,0.926769,7.90147,3373.85
"H2 volumetric uptake (77 K, 5 bar)",vol_5bar,3,7,Beam 2 (chemistry),201,g/L,14.219051176692709,17.73738,13.6271,1736.55,0.64672,0.382461,17.36751,28478.7
"H2 volumetric uptake (77 K, 5 bar)",vol_5bar,3,7,Beam 3 (metal only),2023,g/L,18.934748523676724,13.62315,10.25023,2081.03,0.48708,0.626882,13.39493,17812.0
"H2 volumetric uptake (77 K, 5 bar)",vol_5bar,3,8,Beam 1 (full hypothesis),1,g/L,28.106124149836077,8.76782,6.15289,2745.7,0.38996,0.684871,8.76782,7794.61
"H2 volumetric uptake (77 K, 5 bar)",vol_5bar,3,8,Beam 2 (chemistry),155,g/L,14.92421948111255,17.8845,14.02384,1767.86,0.63664,0.388672,17.67554,29572.3
"H2 volumetric uptake (77 K, 5 bar)",vol_5bar,3,8,Beam 3 (metal only),2023,g/L,18.934748523676724,13.62315,10.25023,2081.03,0.48708,0.626882,13.39493,17812.0
"H2 volumetric uptake (77 K, 5 bar)",vol_5bar,3,9,Beam 1 (full hypothesis),24,g/L,27.00901188761063,8.76034,6.221805,2518.95,0.35199,0.757592,8.66912,7897.549999999999
"H2 volumetric uptake (77 K, 5 bar)",vol_5bar,3,9,Beam 2 (chemistry),678,g/L,15.048760280699929,17.272605,13.260155,1839.3,0.6181,0.404821,16.85593,26157.050000000003
"H2 volumetric uptake (77 K, 5 bar)",vol_5bar,3,9,Beam 3 (metal only),2006,g/L,18.848286164101626,13.717965,10.20796,2083.2749999999996,0.48855000000000004,0.6144165,13.41899,18462.7
"H2 volumetric uptake (77 K, 5 bar)",vol_5bar,3,10,Beam 1 (full hypothesis),1,g/L,28.90280693813976,7.90803,5.19904,2336.49,0.2542,0.926769,7.90147,3373.85
"H2 volumetric uptake (77 K, 5 bar)",vol_5bar,3,10,Beam 2 (chemistry),50,g/L,14.293134568202117,18.158965000000002,13.51467,1690.6599999999999,0.65735,0.367032,17.87399,28641.85
"H2 volumetric uptake (77 K, 5 bar)",vol_5bar,3,10,Beam 3 (metal only),1856,g/L,18.80439374658755,13.642125,10.20796,2078.5950000000003,0.48927,0.6258980000000001,13.366105000000001,17988.4
"H2 volumetric uptake (77 K, 5 bar)",vol_5bar,4,1,Beam 1 (full hypothesis),244,g/L,12.177910681610506,17.18553,13.17261,1737.315,0.64758,0.4031595,16.982355,25733.3
"H2 volumetric uptake (77 K, 5 bar)",vol_5bar,4,1,Beam 2 (chemistry),244,g/L,12.177910681610506,17.18553,13.17261,1737.315,0.64758,0.4031595,16.982355,25733.3
"H2 volumetric uptake (77 K, 5 bar)",vol_5bar,4,1,Beam 3 (metal only),980,g/L,11.373347824058909,17.40841,13.663625,1682.685,0.65587,0.369516,17.198819999999998,26148.8
"H2 volumetric uptake (77 K, 5 bar)",vol_5bar,4,2,Beam 1 (full hypothesis),87,g/L,27.748351595631316,7.79455,5.11985,2450.83,0.22266,1.0205,7.45155,9130.5
"H2 volumetric uptake (77 K, 5 bar)",vol_5bar,4,2,Beam 2 (chemistry),1230,g/L,16.899245829007047,15.13597,11.34145,1924.37,0.55983,0.489557,14.776765000000001,21382.15
"H2 volumetric uptake (77 K, 5 bar)",vol_5bar,4,2,Beam 3 (metal only),4237,g/L,15.032124664027085,15.7747,12.09009,1866.69,0.5835,0.456284,15.4669,22591.9
"H2 volumetric uptake (77 K, 5 bar)",vol_5bar,4,3,Beam 1 (full hypothesis),15,g/L,28.619881053961603,7.60757,5.23706,2593.96,0.21718,0.942535,7.39754,9653.25
"H2 volumetric uptake (77 K, 5 bar)",vol_5bar,4,3,Beam 2 (chemistry),130,g/L,16.877705719152548,13.847285,10.66771,2089.41,0.54939,0.5061025,13.665695,19448.800000000003
"H2 volumetric uptake (77 K, 5 bar)",vol_5bar,4,3,Beam 3 (metal only),4237,g/L,15.032124664027085,15.7747,12.09009,1866.69,0.5835,0.456284,15.4669,22591.9
"H2 volumetric uptake (77 K, 5 bar)",vol_5bar,4,4,Beam 1 (full hypothesis),17,g/L,28.619881053961603,8.02673,5.24519,2593.96,0.25684,0.919213,7.58416,10926.2
"H2 volumetric uptake (77 K, 5 bar)",vol_5bar,4,4,Beam 2 (chemistry),234,g/L,14.775389486708109,16.965795,12.94027,1857.0,0.6187,0.3912005,16.4825,25925.0
"H2 volumetric uptake (77 K, 5 bar)",vol_5bar,4,4,Beam 3 (metal only),4237,g/L,15.032124664027085,15.7747,12.09009,1866.69,0.5835,0.456284,15.4669,22591.9
"H2 volumetric uptake (77 K, 5 bar)",vol_5bar,4,5,Beam 1 (full hypothesis),37,g/L,28.283476183339367,8.55849,5.60573,2629.77,0.25622,0.942535,7.70955,10455.6
"H2 volumetric uptake (77 K, 5 bar)",vol_5bar,4,5,Beam 2 (chemistry),309,g/L,18.30068525597675,14.1908,10.73085,2020.68,0.53602,0.507011,13.87127,20086.6
"H2 volumetric uptake (77 K, 5 bar)",vol_5bar,4,5,Beam 3 (metal only),4890,g/L,15.871458501011142,15.663295,12.067734999999999,1884.37,0.57419,0.4804895,15.420275,22440.15
"H2 volumetric uptake (77 K, 5 bar)",vol_5bar,4,6,Beam 1 (full hypothesis),1,g/L,31.345915463738315,8.04003,4.88122,2562.49,0.24034,0.860156,7.63877,10955.1
"H2 volumetric uptake (77 K, 5 bar)",vol_5bar,4,6,Beam 2 (chemistry),27,g/L,15.990609284260913,16.32737,13.02882,1794.35,0.61612,0.402219,15.88102,25368.9
"H2 volumetric uptake (77 K, 5 bar)",vol_5bar,4,6,Beam 3 (metal only),3493,g/L,17.3377627184082,14.69791,11.10395,1971.51,0.53126,0.549121,14.42154,20430.5
"H2 volumetric uptake (77 K, 5 bar)",vol_5bar,4,7,Beam 1 (full hypothesis),3,g/L,31.345915463738315,7.6069,4.98106,2722.67,0.24034,0.860156,7.6069,7939.4
"H2 volumetric uptake (77 K, 5 bar)",vol_5bar,4,7,Beam 2 (chemistry),247,g/L,13.507140084269667,18.67921,14.30057,1675.71,0.66724,0.356414,18.20997,28561.1
"H2 volumetric uptake (77 K, 5 bar)",vol_5bar,4,7,Beam 3 (metal only),3493,g/L,17.3377627184082,14.69791,11.10395,1971.51,0.53126,0.549121,14.42154,20430.5
"H2 volumetric uptake (77 K, 5 bar)",vol_5bar,4,8,Beam 1 (full hypothesis),3,g/L,30.341931914270216,7.41792,5.6516,2885.42,0.24164,0.847893,7.41792,7170.92
"H2 volumetric uptake (77 K, 5 bar)",vol_5bar,4,8,Beam 2 (chemistry),280,g/L,12.166412758216362,19.549885,14.912875,1631.4650000000001,0.68204,0.3311195,18.805865,28872.45
"H2 volumetric uptake (77 K, 5 bar)",vol_5bar,4,8,Beam 3 (metal only),3493,g/L,17.3377627184082,14.69791,11.10395,1971.51,0.53126,0.549121,14.42154,20430.5
"H2 volumetric uptake (77 K, 5 bar)",vol_5bar,4,9,Beam 1 (full hypothesis),63,g/L,29.4695031943396,8.41748,5.78466,2695.47,0.28352,0.838093,7.93811,8848.02
"H2 volumetric uptake (77 K, 5 bar)",vol_5bar,4,9,Beam 2 (chemistry),1860,g/L,12.698184491057143,18.920245,14.970595,1671.53,0.6673,0.36191949999999995,18.681420000000003,30756.7
"H2 volumetric uptake (77 K, 5 bar)",vol_5bar,4,9,Beam 3 (metal only),8826,g/L,16.614953877679365,14.835525,11.254995000000001,1982.94,0.54565,0.5517345,14.53322,22009.75
"H2 volumetric uptake (77 K, 5 bar)",vol_5bar,4,10,Beam 2 (chemistry),169,g/L,14.330668693438996,18.48902,14.56074,1655.24,0.6653,0.360215,17.98765,32479.2
"H2 volumetric uptake (77 K, 5 bar)",vol_5bar,4,10,Beam 3 (metal only),7287,g/L,16.63148503315697,15.10563,11.46639,1964.05,0.5514,0.522639,14.74851,22274.8
"H2 volumetric uptake (77 K, 5 bar)",vol_5bar,5,1,Beam 1 (full hypothesis),245,g/L,19.39919676772987,14.40611,10.75196,2053.02,0.49168,0.618974,14.28884,21164.5
"H2 volumetric uptake (77 K, 5 bar)",vol_5bar,5,1,Beam 2 (chemistry),245,g/L,19.39919676772987,14.40611,10.75196,2053.02,0.49168,0.618974,14.28884,21164.5
"H2 volumetric uptake (77 K, 5 bar)",vol_5bar,5,1,Beam 3 (metal only),1166,g/L,19.708088007648513,12.920390000000001,9.723105,2111.075,0.45945,0.6536545,12.744155,16194.4
"H2 volumetric uptake (77 K, 5 bar)",vol_5bar,5,2,Beam 1 (full hypothesis),1,g/L,28.106124149836077,8.76782,6.15289,2745.7,0.38996,0.684871,8.76782,7794.61
"H2 volumetric uptake (77 K, 5 bar)",vol_5bar,5,2,Beam 2 (chemistry),150,g/L,14.967746954395077,16.994405,12.828109999999999,1830.995,0.6274,0.39669750000000004,16.328215,24883.65
"H2 volumetric uptake (77 K, 5 bar)",vol_5bar,5,2,Beam 3 (metal only),1568,g/L,19.79415866474031,13.081700000000001,9.89536,2104.365,0.46989000000000003,0.614911,12.840254999999999,16447.050000000003
"H2 volumetric uptake (77 K, 5 bar)",vol_5bar,5,3,Beam 1 (full hypothesis),2,g/L,31.025636211948807,7.691765,5.48044,3045.24,0.30626,0.7318290000000001,7.691765,4778.375
"H2 volumetric uptake (77 K, 5 bar)",vol_5bar,5,3,Beam 2 (chemistry),51,g/L,16.313973352359273,17.22879,13.9117,1895.23,0.61084,0.418439,16.5202,23704.4
"H2 volumetric uptake (77 K, 5 bar)",vol_5bar,5,3,Beam 3 (metal only),886,g/L,19.960735498845036,13.280165,10.1891,2096.075,0.47084000000000004,0.6031975,12.961965,16210.3
"H2 volumetric uptake (77 K, 5 bar)",vol_5bar,5,4,Beam 1 (full hypothesis),3,g/L,30.94594949716328,7.85045,5.59586,3040.1,0.30688,0.674807,7.85045,4837.91
"H2 volumetric uptake (77 K, 5 bar)",vol_5bar,5,4,Beam 2 (chemistry),82,g/L,17.714566565604304,16.623255,12.269575,1948.9299999999998,0.59029,0.44129050000000003,15.748380000000001,22126.050000000003
"H2 volumetric uptake (77 K, 5 bar)",vol_5bar,5,4,Beam 3 (metal only),886,g/L,19.960735498845036,13.280165,10.1891,2096.075,0.47084000000000004,0.6031975,12.961965,16210.3
"H2 volumetric uptake (77 K, 5 bar)",vol_5bar,5,5,Beam 1 (full hypothesis),27,g/L,29.080431750336274,7.68354,5.65795,2630.12,0.24646,0.970291,7.52187,9309.25
"H2 volumetric uptake (77 K, 5 bar)",vol_5bar,5,5,Beam 2 (chemistry),403,g/L,21.700326913585187,12.58081,9.38928,2140.4,0.43872,0.68017,12.43869,17095.9
"H2 volumetric uptake (77 K, 5 bar)",vol_5bar,5,5,Beam 3 (metal only),886,g/L,20.443286729362402,13.081700000000001,9.91684,2094.525,0.46094,0.656785,12.880624999999998,16583.25
"H2 volumetric uptake (77 K, 5 bar)",vol_5bar,5,6,Beam 2 (chemistry),82,g/L,18.799946706948926,15.278195,10.950614999999999,2060.23,0.56723,0.47031,14.5822,19227.1
"H2 volumetric uptake (77 K, 5 bar)",vol_5bar,5,6,Beam 3 (metal only),926,g/L,20.187070201891192,13.22818,10.12227,2101.01,0.47107,0.6122115,12.938535000000002,16411.85
"H2 volumetric uptake (77 K, 5 bar)",vol_5bar,5,7,Beam 2 (chemistry),27,g/L,17.02221836110256,17.14626,13.82069,1978.28,0.6093,0.427759,16.56773,20130.9
"H2 volumetric uptake (77 K, 5 bar)",vol_5bar,5,7,Beam 3 (metal only),768,g/L,20.312889513423176,12.984715000000001,9.82704,2101.565,0.45774000000000004,0.6540055,12.829915,16134.849999999999
"H2 volumetric uptake (77 K, 5 bar)",vol_5bar,5,8,Beam 2 (chemistry),3,g/L,16.448304007824625,21.17439,20.28553,1570.09,0.68106,0.370099,21.17439,35454.6
"H2 volumetric uptake (77 K, 5 bar)",vol_5bar,5,8,Beam 3 (metal only),46,g/L,26.377750421972042,12.32799,9.610354999999998,2181.965,0.43028999999999995,0.804098,11.97748,18561.449999999997
"H2 volumetric uptake (77 K, 5 bar)",vol_5bar,5,9,Beam 2 (chemistry),1,g/L,16.448304007824625,20.45983,17.98283,1570.09,0.68106,0.370099,20.40991,35454.6
"H2 volumetric uptake (77 K, 5 bar)",vol_5bar,5,9,Beam 3 (metal only),46,g/L,26.377750421972042,12.32799,9.610354999999998,2181.965,0.43028999999999995,0.804098,11.97748,18561.449999999997
"H2 volumetric uptake (77 K, 5 bar)",vol_5bar,5,10,Beam 3 (metal only),46,g/L,26.377750421972042,12.32799,9.610354999999998,2181.965,0.43028999999999995,0.804098,11.97748,18561.449999999997
